municipio;exercicio;orgao;mes;liquidado
Água Boa;2021;Gabinete do Prefeito;1;131675
Água Boa;2021;Gabinete do Prefeito;2;21335
Água Boa;2021;Gabinete do Prefeito;3;284486
Água Boa;2021;Gabinete do Prefeito;4;185232
Água Boa;2021;Gabinete do Prefeito;5;227063
Água Boa;2021;Gabinete do Prefeito;6;178378
Água Boa;2021;Gabinete do Prefeito;7;187491
Água Boa;2021;Gabinete do Prefeito;8;225203
Água Boa;2021;Gabinete do Prefeito;9;191410
Água Boa;2021;Gabinete do Prefeito;10;192811
Água Boa;2021;Gabinete do Prefeito;11;202938
Água Boa;2021;Gabinete do Prefeito;12;240225
Água Boa;2021;Camara Municipal;1;174608
Água Boa;2021;Camara Municipal;2;232994
Água Boa;2021;Camara Municipal;3;268949
Água Boa;2021;Camara Municipal;4;260330
Água Boa;2021;Camara Municipal;5;248786
Água Boa;2021;Camara Municipal;6;250636
Água Boa;2021;Camara Municipal;7;237590
Água Boa;2021;Camara Municipal;8;252595
Água Boa;2021;Camara Municipal;9;263281
Água Boa;2021;Camara Municipal;10;266953
Água Boa;2021;Camara Municipal;11;271972
Água Boa;2021;Camara Municipal;12;366306
Água Boa;2021;Secretaria de Saúde;1;2219231
Água Boa;2021;Secretaria de Saúde;2;1368643
Água Boa;2021;Secretaria de Saúde;3;3621194
Água Boa;2021;Secretaria de Saúde;4;3911225
Água Boa;2021;Secretaria de Saúde;5;3044570
Água Boa;2021;Secretaria de Saúde;6;3394968
Água Boa;2021;Secretaria de Saúde;7;3954969
Água Boa;2021;Secretaria de Saúde;8;2592364
Água Boa;2021;Secretaria de Saúde;9;5909053
Água Boa;2021;Secretaria de Saúde;10;4490006
Água Boa;2021;Secretaria de Saúde;11;6788707
Água Boa;2021;Secretaria de Saúde;12;5854039
Água Boa;2021;Secretaria de Assistência Social;1;152682
Água Boa;2021;Secretaria de Assistência Social;2;48972
Água Boa;2021;Secretaria de Assistência Social;3;362707
Água Boa;2021;Secretaria de Assistência Social;4;207643
Água Boa;2021;Secretaria de Assistência Social;5;215167
Água Boa;2021;Secretaria de Assistência Social;6;393955
Água Boa;2021;Secretaria de Assistência Social;7;264865
Água Boa;2021;Secretaria de Assistência Social;8;289978
Água Boa;2021;Secretaria de Assistência Social;9;225780
Água Boa;2021;Secretaria de Assistência Social;10;251367
Água Boa;2021;Secretaria de Assistência Social;11;225609
Água Boa;2021;Secretaria de Assistência Social;12;378739
Água Boa;2021;Secretaria de Finanças;3;539342
Água Boa;2021;Secretaria de Finanças;4;292759
Água Boa;2021;Secretaria de Finanças;5;355681
Água Boa;2021;Secretaria de Finanças;6;318587
Água Boa;2021;Secretaria de Finanças;7;337982
Água Boa;2021;Secretaria de Finanças;8;342519
Água Boa;2021;Secretaria de Finanças;9;396069
Água Boa;2021;Secretaria de Finanças;10;402088
Água Boa;2021;Secretaria de Finanças;11;432001
Água Boa;2021;Secretaria de Finanças;12;477072
Água Boa;2021;Secretaria de Educação;1;1253407
Água Boa;2021;Secretaria de Educação;2;189936
Água Boa;2021;Secretaria de Educação;3;3677973
Água Boa;2021;Secretaria de Educação;4;2429802
Água Boa;2021;Secretaria de Educação;5;2136018
Água Boa;2021;Secretaria de Educação;6;2728076
Água Boa;2021;Secretaria de Educação;7;2824128
Água Boa;2021;Secretaria de Educação;8;2640960
Água Boa;2021;Secretaria de Educação;9;2902362
Água Boa;2021;Secretaria de Educação;10;3073392
Água Boa;2021;Secretaria de Educação;11;3244450
Água Boa;2021;Secretaria de Educação;12;5173873
Água Boa;2021;Secretaria de Administracáo;1;125971
Água Boa;2021;Secretaria de Administracáo;2;86844
Água Boa;2021;Secretaria de Administracáo;3;82732
Água Boa;2021;Secretaria de Administracáo;4;27859
Água Boa;2021;Secretaria de Administracáo;5;53111
Água Boa;2021;Secretaria de Administracáo;6;52496
Água Boa;2021;Secretaria de Administracáo;7;41165
Água Boa;2021;Secretaria de Administracáo;8;7753
Água Boa;2021;Secretaria de Administracáo;9;29448
Água Boa;2021;Secretaria de Administracáo;10;10983
Água Boa;2021;Secretaria de Administracáo;11;4680
Água Boa;2021;Secretaria de Administracáo;12;4902
Água Boa;2021;Secretaria de Infraestrutura;1;193786
Água Boa;2021;Secretaria de Infraestrutura;2;167246
Água Boa;2021;Secretaria de Infraestrutura;3;412830
Água Boa;2021;Secretaria de Infraestrutura;4;90491
Água Boa;2021;Secretaria de Infraestrutura;5;5461
Água Boa;2021;Secretaria de Infraestrutura;6;19695
Água Boa;2021;Secretaria de Infraestrutura;7;11001
Água Boa;2021;Secretaria de Infraestrutura;8;3861
Água Boa;2021;Secretaria de Infraestrutura;9;2521
Água Boa;2021;Secretaria de Infraestrutura;10;1424
Água Boa;2021;Secretaria de Infraestrutura;11;1098
Água Boa;2021;Secretaria de Infraestrutura;12;1107
Água Boa;2021;Fundo Municipal de Previdência dos Servidores de Água Boa - Água Previ;1;445891
Água Boa;2021;Fundo Municipal de Previdência dos Servidores de Água Boa - Água Previ;2;447077
Água Boa;2021;Fundo Municipal de Previdência dos Servidores de Água Boa - Água Previ;3;454667
Água Boa;2021;Fundo Municipal de Previdência dos Servidores de Água Boa - Água Previ;4;492959
Água Boa;2021;Fundo Municipal de Previdência dos Servidores de Água Boa - Água Previ;5;484142
Água Boa;2021;Fundo Municipal de Previdência dos Servidores de Água Boa - Água Previ;6;503205
Água Boa;2021;Fundo Municipal de Previdência dos Servidores de Água Boa - Água Previ;7;493873
Água Boa;2021;Fundo Municipal de Previdência dos Servidores de Água Boa - Água Previ;8;539178
Água Boa;2021;Fundo Municipal de Previdência dos Servidores de Água Boa - Água Previ;9;565227
Água Boa;2021;Fundo Municipal de Previdência dos Servidores de Água Boa - Água Previ;10;526013
Água Boa;2021;Fundo Municipal de Previdência dos Servidores de Água Boa - Água Previ;11;512258
Água Boa;2021;Fundo Municipal de Previdência dos Servidores de Água Boa - Água Previ;12;537960
Água Boa;2021;Secretaria Municipal de Cidade e Meio Ambiente;1;412253
Água Boa;2021;Secretaria Municipal de Cidade e Meio Ambiente;2;1108082
Água Boa;2021;Secretaria Municipal de Cidade e Meio Ambiente;3;1124345
Água Boa;2021;Secretaria Municipal de Cidade e Meio Ambiente;4;562938
Água Boa;2021;Secretaria Municipal de Cidade e Meio Ambiente;5;376683
Água Boa;2021;Secretaria Municipal de Cidade e Meio Ambiente;6;540404
Água Boa;2021;Secretaria Municipal de Cidade e Meio Ambiente;7;357920
Água Boa;2021;Secretaria Municipal de Cidade e Meio Ambiente;8;38519
Água Boa;2021;Secretaria Municipal de Cidade e Meio Ambiente;9;49775
Água Boa;2021;Secretaria Municipal de Cidade e Meio Ambiente;10;24391
Água Boa;2021;Secretaria Municipal de Cidade e Meio Ambiente;11;54182
Água Boa;2021;Secretaria Municipal de Cidade e Meio Ambiente;12;17051
Água Boa;2021;Secretaria de Planejamento e Finanças;1;386896
Água Boa;2021;Secretaria de Planejamento e Finanças;2;260131
Água Boa;2021;Secretaria de Planejamento e Finanças;3;141689
Água Boa;2021;Secretaria de Planejamento e Finanças;4;101552
Água Boa;2021;Secretaria de Planejamento e Finanças;5;134496
Água Boa;2021;Secretaria de Planejamento e Finanças;6;105712
Água Boa;2021;Secretaria de Planejamento e Finanças;7;83830
Água Boa;2021;Secretaria de Planejamento e Finanças;8;60021
Água Boa;2021;Secretaria de Planejamento e Finanças;9;63370
Água Boa;2021;Secretaria de Planejamento e Finanças;10;36882
Água Boa;2021;Secretaria de Planejamento e Finanças;11;37973
Água Boa;2021;Secretaria de Planejamento e Finanças;12;33797
Água Boa;2021;Secretaria de Desenvolvimento Industria Comércio e Turismo;1;75242
Água Boa;2021;Secretaria de Desenvolvimento Industria Comércio e Turismo;2;293256
Água Boa;2021;Secretaria de Desenvolvimento Industria Comércio e Turismo;3;363080
Água Boa;2021;Secretaria de Desenvolvimento Industria Comércio e Turismo;4;388018
Água Boa;2021;Secretaria de Desenvolvimento Industria Comércio e Turismo;5;279117
Água Boa;2021;Secretaria de Desenvolvimento Industria Comércio e Turismo;6;432832
Água Boa;2021;Secretaria de Desenvolvimento Industria Comércio e Turismo;7;239024
Água Boa;2021;Secretaria de Desenvolvimento Industria Comércio e Turismo;8;319472
Água Boa;2021;Secretaria de Desenvolvimento Industria Comércio e Turismo;9;440154
Água Boa;2021;Secretaria de Desenvolvimento Industria Comércio e Turismo;10;213369
Água Boa;2021;Secretaria de Desenvolvimento Industria Comércio e Turismo;11;336769
Água Boa;2021;Secretaria de Desenvolvimento Industria Comércio e Turismo;12;387152
Água Boa;2021;Secretaria de Administracáo e Planejamento;3;307730
Água Boa;2021;Secretaria de Administracáo e Planejamento;4;169237
Água Boa;2021;Secretaria de Administracáo e Planejamento;5;181716
Água Boa;2021;Secretaria de Administracáo e Planejamento;6;3591978
Água Boa;2021;Secretaria de Administracáo e Planejamento;7;158864
Água Boa;2021;Secretaria de Administracáo e Planejamento;8;292539
Água Boa;2021;Secretaria de Administracáo e Planejamento;9;217694
Água Boa;2021;Secretaria de Administracáo e Planejamento;10;259470
Água Boa;2021;Secretaria de Administracáo e Planejamento;11;352549
Água Boa;2021;Secretaria de Administracáo e Planejamento;12;358719
Água Boa;2021;Secretaria de Infraestrutura e Meio Ambiente;3;1576438
Água Boa;2021;Secretaria de Infraestrutura e Meio Ambiente;4;2159572
Água Boa;2021;Secretaria de Infraestrutura e Meio Ambiente;5;1859576
Água Boa;2021;Secretaria de Infraestrutura e Meio Ambiente;6;1838443
Água Boa;2021;Secretaria de Infraestrutura e Meio Ambiente;7;2448517
Água Boa;2021;Secretaria de Infraestrutura e Meio Ambiente;8;2761616
Água Boa;2021;Secretaria de Infraestrutura e Meio Ambiente;9;3779402
Água Boa;2021;Secretaria de Infraestrutura e Meio Ambiente;10;2587064
Água Boa;2021;Secretaria de Infraestrutura e Meio Ambiente;11;3361662
Água Boa;2021;Secretaria de Infraestrutura e Meio Ambiente;12;3248880
Água Boa;2021;Secretaria de Esporte, Cultura, Lazer e Eventos;3;167035
Água Boa;2021;Secretaria de Esporte, Cultura, Lazer e Eventos;4;189551
Água Boa;2021;Secretaria de Esporte, Cultura, Lazer e Eventos;5;165415
Água Boa;2021;Secretaria de Esporte, Cultura, Lazer e Eventos;6;209430
Água Boa;2021;Secretaria de Esporte, Cultura, Lazer e Eventos;7;193837
Água Boa;2021;Secretaria de Esporte, Cultura, Lazer e Eventos;8;190788
Água Boa;2021;Secretaria de Esporte, Cultura, Lazer e Eventos;9;223437
Água Boa;2021;Secretaria de Esporte, Cultura, Lazer e Eventos;10;216265
Água Boa;2021;Secretaria de Esporte, Cultura, Lazer e Eventos;11;430209
Água Boa;2021;Secretaria de Esporte, Cultura, Lazer e Eventos;12;851591
Água Boa;2022;Gabinete do Prefeito;1;216492
Água Boa;2022;Gabinete do Prefeito;2;280274
Água Boa;2022;Gabinete do Prefeito;3;315504
Água Boa;2022;Gabinete do Prefeito;4;165249
Água Boa;2022;Gabinete do Prefeito;5;283434
Água Boa;2022;Gabinete do Prefeito;6;240051
Água Boa;2022;Gabinete do Prefeito;7;226016
Água Boa;2022;Gabinete do Prefeito;8;323905
Água Boa;2022;Gabinete do Prefeito;9;188500
Água Boa;2022;Gabinete do Prefeito;10;238675
Água Boa;2022;Gabinete do Prefeito;11;266393
Água Boa;2022;Gabinete do Prefeito;12;327640
Água Boa;2022;Camara Municipal;1;230280
Água Boa;2022;Camara Municipal;2;379779
Água Boa;2022;Camara Municipal;3;285369
Água Boa;2022;Camara Municipal;4;290940
Água Boa;2022;Camara Municipal;5;315000
Água Boa;2022;Camara Municipal;6;307212
Água Boa;2022;Camara Municipal;7;316875
Água Boa;2022;Camara Municipal;8;321887
Água Boa;2022;Camara Municipal;9;319918
Água Boa;2022;Camara Municipal;10;301913
Água Boa;2022;Camara Municipal;11;291196
Água Boa;2022;Camara Municipal;12;502630
Água Boa;2022;Secretaria de Saúde;1;2603904
Água Boa;2022;Secretaria de Saúde;2;4558664
Água Boa;2022;Secretaria de Saúde;3;5885745
Água Boa;2022;Secretaria de Saúde;4;4625110
Água Boa;2022;Secretaria de Saúde;5;5340644
Água Boa;2022;Secretaria de Saúde;6;2989238
Água Boa;2022;Secretaria de Saúde;7;8454066
Água Boa;2022;Secretaria de Saúde;8;5102740
Água Boa;2022;Secretaria de Saúde;9;5285749
Água Boa;2022;Secretaria de Saúde;10;6192328
Água Boa;2022;Secretaria de Saúde;11;5357581
Água Boa;2022;Secretaria de Saúde;12;7445166
Água Boa;2022;Secretaria de Assistência Social;1;220943
Água Boa;2022;Secretaria de Assistência Social;2;311284
Água Boa;2022;Secretaria de Assistência Social;3;350185
Água Boa;2022;Secretaria de Assistência Social;4;276668
Água Boa;2022;Secretaria de Assistência Social;5;327224
Água Boa;2022;Secretaria de Assistência Social;6;427582
Água Boa;2022;Secretaria de Assistência Social;7;386743
Água Boa;2022;Secretaria de Assistência Social;8;431420
Água Boa;2022;Secretaria de Assistência Social;9;979730
Água Boa;2022;Secretaria de Assistência Social;10;357115
Água Boa;2022;Secretaria de Assistência Social;11;385719
Água Boa;2022;Secretaria de Assistência Social;12;517624
Água Boa;2022;Secretaria de Finanças;1;509126
Água Boa;2022;Secretaria de Finanças;2;583702
Água Boa;2022;Secretaria de Finanças;3;562077
Água Boa;2022;Secretaria de Finanças;4;608328
Água Boa;2022;Secretaria de Finanças;5;602752
Água Boa;2022;Secretaria de Finanças;6;930321
Água Boa;2022;Secretaria de Finanças;7;712157
Água Boa;2022;Secretaria de Finanças;8;821835
Água Boa;2022;Secretaria de Finanças;9;739378
Água Boa;2022;Secretaria de Finanças;10;733188
Água Boa;2022;Secretaria de Finanças;11;705023
Água Boa;2022;Secretaria de Finanças;12;858953
Água Boa;2022;Secretaria de Educação;1;1522318
Água Boa;2022;Secretaria de Educação;2;4051548
Água Boa;2022;Secretaria de Educação;3;4039860
Água Boa;2022;Secretaria de Educação;4;4837098
Água Boa;2022;Secretaria de Educação;5;4457506
Água Boa;2022;Secretaria de Educação;6;4521088
Água Boa;2022;Secretaria de Educação;7;4003714
Água Boa;2022;Secretaria de Educação;8;4367811
Água Boa;2022;Secretaria de Educação;9;4262972
Água Boa;2022;Secretaria de Educação;10;4509732
Água Boa;2022;Secretaria de Educação;11;4227382
Água Boa;2022;Secretaria de Educação;12;5568191
Água Boa;2022;Fundo Municipal de Previdência dos Servidores de Água Boa - Água Previ;1;608921
Água Boa;2022;Fundo Municipal de Previdência dos Servidores de Água Boa - Água Previ;2;770874
Água Boa;2022;Fundo Municipal de Previdência dos Servidores de Água Boa - Água Previ;3;685582
Água Boa;2022;Fundo Municipal de Previdência dos Servidores de Água Boa - Água Previ;4;733076
Água Boa;2022;Fundo Municipal de Previdência dos Servidores de Água Boa - Água Previ;5;732567
Água Boa;2022;Fundo Municipal de Previdência dos Servidores de Água Boa - Água Previ;6;729008
Água Boa;2022;Fundo Municipal de Previdência dos Servidores de Água Boa - Água Previ;7;742869
Água Boa;2022;Fundo Municipal de Previdência dos Servidores de Água Boa - Água Previ;8;770883
Água Boa;2022;Fundo Municipal de Previdência dos Servidores de Água Boa - Água Previ;9;817232
Água Boa;2022;Fundo Municipal de Previdência dos Servidores de Água Boa - Água Previ;10;765281
Água Boa;2022;Fundo Municipal de Previdência dos Servidores de Água Boa - Água Previ;11;752323
Água Boa;2022;Fundo Municipal de Previdência dos Servidores de Água Boa - Água Previ;12;800346
Água Boa;2022;Secretaria de Desenvolvimento Industria Comércio e Turismo;1;81360
Água Boa;2022;Secretaria de Desenvolvimento Industria Comércio e Turismo;2;244838
Água Boa;2022;Secretaria de Desenvolvimento Industria Comércio e Turismo;3;608533
Água Boa;2022;Secretaria de Desenvolvimento Industria Comércio e Turismo;4;344398
Água Boa;2022;Secretaria de Desenvolvimento Industria Comércio e Turismo;5;423701
Água Boa;2022;Secretaria de Desenvolvimento Industria Comércio e Turismo;6;1267107
Água Boa;2022;Secretaria de Desenvolvimento Industria Comércio e Turismo;7;382149
Água Boa;2022;Secretaria de Desenvolvimento Industria Comércio e Turismo;8;366045
Água Boa;2022;Secretaria de Desenvolvimento Industria Comércio e Turismo;9;325324
Água Boa;2022;Secretaria de Desenvolvimento Industria Comércio e Turismo;10;238593
Água Boa;2022;Secretaria de Desenvolvimento Industria Comércio e Turismo;11;715262
Água Boa;2022;Secretaria de Desenvolvimento Industria Comércio e Turismo;12;565371
Água Boa;2022;Secretaria de Administracáo e Planejamento;1;1630875
Água Boa;2022;Secretaria de Administracáo e Planejamento;2;427239
Água Boa;2022;Secretaria de Administracáo e Planejamento;3;345178
Água Boa;2022;Secretaria de Administracáo e Planejamento;4;386585
Água Boa;2022;Secretaria de Administracáo e Planejamento;5;487046
Água Boa;2022;Secretaria de Administracáo e Planejamento;6;436662
Água Boa;2022;Secretaria de Administracáo e Planejamento;7;452234
Água Boa;2022;Secretaria de Administracáo e Planejamento;8;520496
Água Boa;2022;Secretaria de Administracáo e Planejamento;9;1010893
Água Boa;2022;Secretaria de Administracáo e Planejamento;10;572211
Água Boa;2022;Secretaria de Administracáo e Planejamento;11;609056
Água Boa;2022;Secretaria de Administracáo e Planejamento;12;2737045
Água Boa;2022;Secretaria de Infraestrutura e Meio Ambiente;1;1029469
Água Boa;2022;Secretaria de Infraestrutura e Meio Ambiente;2;2373590
Água Boa;2022;Secretaria de Infraestrutura e Meio Ambiente;3;3357494
Água Boa;2022;Secretaria de Infraestrutura e Meio Ambiente;4;3975545
Água Boa;2022;Secretaria de Infraestrutura e Meio Ambiente;5;4168803
Água Boa;2022;Secretaria de Infraestrutura e Meio Ambiente;6;4216890
Água Boa;2022;Secretaria de Infraestrutura e Meio Ambiente;7;4802937
Água Boa;2022;Secretaria de Infraestrutura e Meio Ambiente;8;6136399
Água Boa;2022;Secretaria de Infraestrutura e Meio Ambiente;9;6231293
Água Boa;2022;Secretaria de Infraestrutura e Meio Ambiente;10;6708298
Água Boa;2022;Secretaria de Infraestrutura e Meio Ambiente;11;5703320
Água Boa;2022;Secretaria de Infraestrutura e Meio Ambiente;12;9275735
Água Boa;2022;Secretaria de Esporte, Cultura, Lazer e Eventos;1;125864
Água Boa;2022;Secretaria de Esporte, Cultura, Lazer e Eventos;2;217200
Água Boa;2022;Secretaria de Esporte, Cultura, Lazer e Eventos;3;357035
Água Boa;2022;Secretaria de Esporte, Cultura, Lazer e Eventos;4;315074
Água Boa;2022;Secretaria de Esporte, Cultura, Lazer e Eventos;5;362310
Água Boa;2022;Secretaria de Esporte, Cultura, Lazer e Eventos;6;446889
Água Boa;2022;Secretaria de Esporte, Cultura, Lazer e Eventos;7;573867
Água Boa;2022;Secretaria de Esporte, Cultura, Lazer e Eventos;8;512030
Água Boa;2022;Secretaria de Esporte, Cultura, Lazer e Eventos;9;469117
Água Boa;2022;Secretaria de Esporte, Cultura, Lazer e Eventos;10;398313
Água Boa;2022;Secretaria de Esporte, Cultura, Lazer e Eventos;11;1191558
Água Boa;2022;Secretaria de Esporte, Cultura, Lazer e Eventos;12;2112236
Água Boa;2023;Gabinete do Prefeito;1;165486
Água Boa;2023;Gabinete do Prefeito;2;231510
Água Boa;2023;Gabinete do Prefeito;3;342614
Água Boa;2023;Gabinete do Prefeito;4;329438
Água Boa;2023;Gabinete do Prefeito;5;195661
Água Boa;2023;Gabinete do Prefeito;6;296473
Água Boa;2023;Gabinete do Prefeito;7;274276
Água Boa;2023;Gabinete do Prefeito;8;210612
Água Boa;2023;Gabinete do Prefeito;9;292253
Água Boa;2023;Gabinete do Prefeito;10;245607
Água Boa;2023;Gabinete do Prefeito;11;239905
Água Boa;2023;Gabinete do Prefeito;12;334644
Água Boa;2023;Camara Municipal;1;256758
Água Boa;2023;Camara Municipal;2;309276
Água Boa;2023;Camara Municipal;3;364889
Água Boa;2023;Camara Municipal;4;407016
Água Boa;2023;Camara Municipal;5;386627
Água Boa;2023;Camara Municipal;6;426368
Água Boa;2023;Camara Municipal;7;421219
Água Boa;2023;Camara Municipal;8;394515
Água Boa;2023;Camara Municipal;9;401397
Água Boa;2023;Camara Municipal;10;371563
Água Boa;2023;Camara Municipal;11;386135
Água Boa;2023;Camara Municipal;12;547238
Água Boa;2023;Secretaria de Saúde;1;4042125
Água Boa;2023;Secretaria de Saúde;2;4300972
Água Boa;2023;Secretaria de Saúde;3;6732416
Água Boa;2023;Secretaria de Saúde;4;5557291
Água Boa;2023;Secretaria de Saúde;5;6414342
Água Boa;2023;Secretaria de Saúde;6;7140138
Água Boa;2023;Secretaria de Saúde;7;7045084
Água Boa;2023;Secretaria de Saúde;8;5777165
Água Boa;2023;Secretaria de Saúde;9;7694211
Água Boa;2023;Secretaria de Saúde;10;6661492
Água Boa;2023;Secretaria de Saúde;11;6833791
Água Boa;2023;Secretaria de Saúde;12;10258386
Água Boa;2023;Secretaria de Assistência Social;1;256805
Água Boa;2023;Secretaria de Assistência Social;2;377081
Água Boa;2023;Secretaria de Assistência Social;3;478227
Água Boa;2023;Secretaria de Assistência Social;4;445821
Água Boa;2023;Secretaria de Assistência Social;5;415556
Água Boa;2023;Secretaria de Assistência Social;6;466154
Água Boa;2023;Secretaria de Assistência Social;7;427793
Água Boa;2023;Secretaria de Assistência Social;8;409230
Água Boa;2023;Secretaria de Assistência Social;9;411431
Água Boa;2023;Secretaria de Assistência Social;10;596056
Água Boa;2023;Secretaria de Assistência Social;11;562412
Água Boa;2023;Secretaria de Assistência Social;12;889652
Água Boa;2023;Secretaria de Finanças;1;557366
Água Boa;2023;Secretaria de Finanças;2;963030
Água Boa;2023;Secretaria de Finanças;3;809816
Água Boa;2023;Secretaria de Finanças;4;886988
Água Boa;2023;Secretaria de Finanças;5;917438
Água Boa;2023;Secretaria de Finanças;6;1046146
Água Boa;2023;Secretaria de Finanças;7;939170
Água Boa;2023;Secretaria de Finanças;8;820278
Água Boa;2023;Secretaria de Finanças;9;1140449
Água Boa;2023;Secretaria de Finanças;10;914585
Água Boa;2023;Secretaria de Finanças;11;922204
Água Boa;2023;Secretaria de Finanças;12;1484061
Água Boa;2023;Secretaria de Esporte, Cultura e Lazer;1;278839
Água Boa;2023;Secretaria de Esporte, Cultura e Lazer;2;464702
Água Boa;2023;Secretaria de Esporte, Cultura e Lazer;3;650880
Água Boa;2023;Secretaria de Esporte, Cultura e Lazer;4;720675
Água Boa;2023;Secretaria de Esporte, Cultura e Lazer;5;631508
Água Boa;2023;Secretaria de Esporte, Cultura e Lazer;6;789857
Água Boa;2023;Secretaria de Esporte, Cultura e Lazer;7;845630
Água Boa;2023;Secretaria de Esporte, Cultura e Lazer;8;631663
Água Boa;2023;Secretaria de Esporte, Cultura e Lazer;9;729486
Água Boa;2023;Secretaria de Esporte, Cultura e Lazer;10;415933
Água Boa;2023;Secretaria de Esporte, Cultura e Lazer;11;776980
Água Boa;2023;Secretaria de Esporte, Cultura e Lazer;12;1030800
Água Boa;2023;Secretaria de Educação;1;1881933
Água Boa;2023;Secretaria de Educação;2;3604023
Água Boa;2023;Secretaria de Educação;3;6727303
Água Boa;2023;Secretaria de Educação;4;6588386
Água Boa;2023;Secretaria de Educação;5;5831069
Água Boa;2023;Secretaria de Educação;6;6559080
Água Boa;2023;Secretaria de Educação;7;5170967
Água Boa;2023;Secretaria de Educação;8;5709630
Água Boa;2023;Secretaria de Educação;9;5454642
Água Boa;2023;Secretaria de Educação;10;5697847
Água Boa;2023;Secretaria de Educação;11;4967730
Água Boa;2023;Secretaria de Educação;12;7469683
Água Boa;2023;Fundo Municipal de Previdência dos Servidores de Água Boa - Água Previ;1;754360
Água Boa;2023;Fundo Municipal de Previdência dos Servidores de Água Boa - Água Previ;2;750754
Água Boa;2023;Fundo Municipal de Previdência dos Servidores de Água Boa - Água Previ;3;889211
Água Boa;2023;Fundo Municipal de Previdência dos Servidores de Água Boa - Água Previ;4;896292
Água Boa;2023;Fundo Municipal de Previdência dos Servidores de Água Boa - Água Previ;5;838238
Água Boa;2023;Fundo Municipal de Previdência dos Servidores de Água Boa - Água Previ;6;858330
Água Boa;2023;Fundo Municipal de Previdência dos Servidores de Água Boa - Água Previ;7;858379
Água Boa;2023;Fundo Municipal de Previdência dos Servidores de Água Boa - Água Previ;8;880232
Água Boa;2023;Fundo Municipal de Previdência dos Servidores de Água Boa - Água Previ;9;914862
Água Boa;2023;Fundo Municipal de Previdência dos Servidores de Água Boa - Água Previ;10;876080
Água Boa;2023;Fundo Municipal de Previdência dos Servidores de Água Boa - Água Previ;11;862197
Água Boa;2023;Fundo Municipal de Previdência dos Servidores de Água Boa - Água Previ;12;1033693
Água Boa;2023;Secretaria de Infraestrutura e Meio Ambiente;1;1365939
Água Boa;2023;Secretaria de Infraestrutura e Meio Ambiente;2;4977074
Água Boa;2023;Secretaria de Infraestrutura e Meio Ambiente;3;4490879
Água Boa;2023;Secretaria de Infraestrutura e Meio Ambiente;4;4122991
Água Boa;2023;Secretaria de Infraestrutura e Meio Ambiente;5;5164475
Água Boa;2023;Secretaria de Infraestrutura e Meio Ambiente;6;7232956
Água Boa;2023;Secretaria de Infraestrutura e Meio Ambiente;7;5970899
Água Boa;2023;Secretaria de Infraestrutura e Meio Ambiente;8;3040323
Água Boa;2023;Secretaria de Infraestrutura e Meio Ambiente;9;3821375
Água Boa;2023;Secretaria de Infraestrutura e Meio Ambiente;10;5681251
Água Boa;2023;Secretaria de Infraestrutura e Meio Ambiente;11;3650635
Água Boa;2023;Secretaria de Infraestrutura e Meio Ambiente;12;9224384
Água Boa;2023;Secretaria de Desenvolvimento Econômico, Agricultura e Turismo;1;152220
Água Boa;2023;Secretaria de Desenvolvimento Econômico, Agricultura e Turismo;2;655009
Água Boa;2023;Secretaria de Desenvolvimento Econômico, Agricultura e Turismo;3;564525
Água Boa;2023;Secretaria de Desenvolvimento Econômico, Agricultura e Turismo;4;389559
Água Boa;2023;Secretaria de Desenvolvimento Econômico, Agricultura e Turismo;5;695074
Água Boa;2023;Secretaria de Desenvolvimento Econômico, Agricultura e Turismo;6;706575
Água Boa;2023;Secretaria de Desenvolvimento Econômico, Agricultura e Turismo;7;210736
Água Boa;2023;Secretaria de Desenvolvimento Econômico, Agricultura e Turismo;8;266536
Água Boa;2023;Secretaria de Desenvolvimento Econômico, Agricultura e Turismo;9;398895
Água Boa;2023;Secretaria de Desenvolvimento Econômico, Agricultura e Turismo;10;277172
Água Boa;2023;Secretaria de Desenvolvimento Econômico, Agricultura e Turismo;11;275527
Água Boa;2023;Secretaria de Desenvolvimento Econômico, Agricultura e Turismo;12;430685
Água Boa;2023;Secretaria de Administracão e Planejamento;1;461704
Água Boa;2023;Secretaria de Administracão e Planejamento;2;541907
Água Boa;2023;Secretaria de Administracão e Planejamento;3;602184
Água Boa;2023;Secretaria de Administracão e Planejamento;4;723687
Água Boa;2023;Secretaria de Administracão e Planejamento;5;597098
Água Boa;2023;Secretaria de Administracão e Planejamento;6;859448
Água Boa;2023;Secretaria de Administracão e Planejamento;7;545415
Água Boa;2023;Secretaria de Administracão e Planejamento;8;608514
Água Boa;2023;Secretaria de Administracão e Planejamento;9;674691
Água Boa;2023;Secretaria de Administracão e Planejamento;10;582710
Água Boa;2023;Secretaria de Administracão e Planejamento;11;635767
Água Boa;2023;Secretaria de Administracão e Planejamento;12;1213470
Água Boa;2024;Gabinete do Prefeito;1;214180
Água Boa;2024;Gabinete do Prefeito;2;246525
Água Boa;2024;Gabinete do Prefeito;3;211857
Água Boa;2024;Gabinete do Prefeito;4;269750
Água Boa;2024;Gabinete do Prefeito;5;285149
Água Boa;2024;Gabinete do Prefeito;6;301103
Água Boa;2024;Gabinete do Prefeito;7;251684
Água Boa;2024;Gabinete do Prefeito;8;183576
Água Boa;2024;Gabinete do Prefeito;9;170135
Água Boa;2024;Gabinete do Prefeito;10;182239
Água Boa;2024;Gabinete do Prefeito;11;184705
Água Boa;2024;Gabinete do Prefeito;12;230476
Água Boa;2024;Camara Municipal;1;367649
Água Boa;2024;Camara Municipal;2;413483
Água Boa;2024;Camara Municipal;3;445675
Água Boa;2024;Camara Municipal;4;419622
Água Boa;2024;Camara Municipal;5;431335
Água Boa;2024;Camara Municipal;6;336333
Água Boa;2024;Camara Municipal;7;387284
Água Boa;2024;Camara Municipal;8;402242
Água Boa;2024;Camara Municipal;9;344635
Água Boa;2024;Camara Municipal;10;394422
Água Boa;2024;Camara Municipal;11;545212
Água Boa;2024;Camara Municipal;12;494600
Água Boa;2024;Secretaria de Saúde;1;4729775
Água Boa;2024;Secretaria de Saúde;2;6979396
Água Boa;2024;Secretaria de Saúde;3;6450426
Água Boa;2024;Secretaria de Saúde;4;6801595
Água Boa;2024;Secretaria de Saúde;5;8242684
Água Boa;2024;Secretaria de Saúde;6;7313452
Água Boa;2024;Secretaria de Saúde;7;6828431
Água Boa;2024;Secretaria de Saúde;8;8068377
Água Boa;2024;Secretaria de Saúde;9;7325626
Água Boa;2024;Secretaria de Saúde;10;9678318
Água Boa;2024;Secretaria de Saúde;11;7642738
Água Boa;2024;Secretaria de Saúde;12;11815243
Água Boa;2024;Secretaria de Assistência Social;1;399548
Água Boa;2024;Secretaria de Assistência Social;2;457408
Água Boa;2024;Secretaria de Assistência Social;3;478802
Água Boa;2024;Secretaria de Assistência Social;4;470040
Água Boa;2024;Secretaria de Assistência Social;5;506905
Água Boa;2024;Secretaria de Assistência Social;6;554386
Água Boa;2024;Secretaria de Assistência Social;7;461441
Água Boa;2024;Secretaria de Assistência Social;8;555061
Água Boa;2024;Secretaria de Assistência Social;9;479519
Água Boa;2024;Secretaria de Assistência Social;10;528101
Água Boa;2024;Secretaria de Assistência Social;11;475927
Água Boa;2024;Secretaria de Assistência Social;12;651626
Água Boa;2024;Secretaria de Finanças;1;868838
Água Boa;2024;Secretaria de Finanças;2;1051617
Água Boa;2024;Secretaria de Finanças;3;882512
Água Boa;2024;Secretaria de Finanças;4;1188899
Água Boa;2024;Secretaria de Finanças;5;1781309
Água Boa;2024;Secretaria de Finanças;6;1123626
Água Boa;2024;Secretaria de Finanças;7;1294394
Água Boa;2024;Secretaria de Finanças;8;1270620
Água Boa;2024;Secretaria de Finanças;9;1221472
Água Boa;2024;Secretaria de Finanças;10;1279115
Água Boa;2024;Secretaria de Finanças;11;1225727
Água Boa;2024;Secretaria de Finanças;12;1646733
Água Boa;2024;Secretaria de Esporte, Cultura e Lazer;1;372097
Água Boa;2024;Secretaria de Esporte, Cultura e Lazer;2;403353
Água Boa;2024;Secretaria de Esporte, Cultura e Lazer;3;821582
Água Boa;2024;Secretaria de Esporte, Cultura e Lazer;4;668706
Água Boa;2024;Secretaria de Esporte, Cultura e Lazer;5;611468
Água Boa;2024;Secretaria de Esporte, Cultura e Lazer;6;782356
Água Boa;2024;Secretaria de Esporte, Cultura e Lazer;7;821200
Água Boa;2024;Secretaria de Esporte, Cultura e Lazer;8;823137
Água Boa;2024;Secretaria de Esporte, Cultura e Lazer;9;698116
Água Boa;2024;Secretaria de Esporte, Cultura e Lazer;10;887007
Água Boa;2024;Secretaria de Esporte, Cultura e Lazer;11;548926
Água Boa;2024;Secretaria de Esporte, Cultura e Lazer;12;897677
Água Boa;2024;Secretaria de Educação;1;2766188
Água Boa;2024;Secretaria de Educação;2;4428972
Água Boa;2024;Secretaria de Educação;3;7697577
Água Boa;2024;Secretaria de Educação;4;5973062
Água Boa;2024;Secretaria de Educação;5;7173745
Água Boa;2024;Secretaria de Educação;6;6822485
Água Boa;2024;Secretaria de Educação;7;6044537
Água Boa;2024;Secretaria de Educação;8;5186600
Água Boa;2024;Secretaria de Educação;9;6482613
Água Boa;2024;Secretaria de Educação;10;6047528
Água Boa;2024;Secretaria de Educação;11;6649663
Água Boa;2024;Secretaria de Educação;12;7111040
Água Boa;2024;Fundo Municipal de Previdência dos Servidores de Água Boa - Água Previ;1;955210
Água Boa;2024;Fundo Municipal de Previdência dos Servidores de Água Boa - Água Previ;2;1014486
Água Boa;2024;Fundo Municipal de Previdência dos Servidores de Água Boa - Água Previ;3;979358
Água Boa;2024;Fundo Municipal de Previdência dos Servidores de Água Boa - Água Previ;4;1092069
Água Boa;2024;Fundo Municipal de Previdência dos Servidores de Água Boa - Água Previ;5;1045808
Água Boa;2024;Fundo Municipal de Previdência dos Servidores de Água Boa - Água Previ;6;1065484
Água Boa;2024;Fundo Municipal de Previdência dos Servidores de Água Boa - Água Previ;7;1064408
Água Boa;2024;Fundo Municipal de Previdência dos Servidores de Água Boa - Água Previ;8;1092095
Água Boa;2024;Fundo Municipal de Previdência dos Servidores de Água Boa - Água Previ;9;1156255
Água Boa;2024;Fundo Municipal de Previdência dos Servidores de Água Boa - Água Previ;10;1102437
Água Boa;2024;Fundo Municipal de Previdência dos Servidores de Água Boa - Água Previ;11;1102966
Água Boa;2024;Fundo Municipal de Previdência dos Servidores de Água Boa - Água Previ;12;1128968
Água Boa;2024;Secretaria de Infraestrutura e Meio Ambiente;1;1148155
Água Boa;2024;Secretaria de Infraestrutura e Meio Ambiente;2;3838774
Água Boa;2024;Secretaria de Infraestrutura e Meio Ambiente;3;5276077
Água Boa;2024;Secretaria de Infraestrutura e Meio Ambiente;4;4449297
Água Boa;2024;Secretaria de Infraestrutura e Meio Ambiente;5;4763157
Água Boa;2024;Secretaria de Infraestrutura e Meio Ambiente;6;4633049
Água Boa;2024;Secretaria de Infraestrutura e Meio Ambiente;7;3402917
Água Boa;2024;Secretaria de Infraestrutura e Meio Ambiente;8;5240167
Água Boa;2024;Secretaria de Infraestrutura e Meio Ambiente;9;6862063
Água Boa;2024;Secretaria de Infraestrutura e Meio Ambiente;10;7619657
Água Boa;2024;Secretaria de Infraestrutura e Meio Ambiente;11;5562091
Água Boa;2024;Secretaria de Infraestrutura e Meio Ambiente;12;6924182
Água Boa;2024;Secretaria de Desenvolvimento Econômico, Agricultura e Turismo;1;248423
Água Boa;2024;Secretaria de Desenvolvimento Econômico, Agricultura e Turismo;2;550193
Água Boa;2024;Secretaria de Desenvolvimento Econômico, Agricultura e Turismo;3;307234
Água Boa;2024;Secretaria de Desenvolvimento Econômico, Agricultura e Turismo;4;513544
Água Boa;2024;Secretaria de Desenvolvimento Econômico, Agricultura e Turismo;5;337178
Água Boa;2024;Secretaria de Desenvolvimento Econômico, Agricultura e Turismo;6;575060
Água Boa;2024;Secretaria de Desenvolvimento Econômico, Agricultura e Turismo;7;6945784
Água Boa;2024;Secretaria de Desenvolvimento Econômico, Agricultura e Turismo;8;599889
Água Boa;2024;Secretaria de Desenvolvimento Econômico, Agricultura e Turismo;9;453861
Água Boa;2024;Secretaria de Desenvolvimento Econômico, Agricultura e Turismo;10;744333
Água Boa;2024;Secretaria de Desenvolvimento Econômico, Agricultura e Turismo;11;464864
Água Boa;2024;Secretaria de Desenvolvimento Econômico, Agricultura e Turismo;12;418035
Água Boa;2024;Secretaria de Administracão e Planejamento;1;367461
Água Boa;2024;Secretaria de Administracão e Planejamento;2;480997
Água Boa;2024;Secretaria de Administracão e Planejamento;3;732644
Água Boa;2024;Secretaria de Administracão e Planejamento;4;1014655
Água Boa;2024;Secretaria de Administracão e Planejamento;5;665850
Água Boa;2024;Secretaria de Administracão e Planejamento;6;911610
Água Boa;2024;Secretaria de Administracão e Planejamento;7;623382
Água Boa;2024;Secretaria de Administracão e Planejamento;8;633289
Água Boa;2024;Secretaria de Administracão e Planejamento;9;507465
Água Boa;2024;Secretaria de Administracão e Planejamento;10;629252
Água Boa;2024;Secretaria de Administracão e Planejamento;11;517059
Água Boa;2024;Secretaria de Administracão e Planejamento;12;637395
Água Boa;2025;Gabinete do Prefeito;1;248434
Água Boa;2025;Gabinete do Prefeito;2;260495
Água Boa;2025;Gabinete do Prefeito;3;252403
Água Boa;2025;Gabinete do Prefeito;4;298450
Água Boa;2025;Gabinete do Prefeito;5;317138
Água Boa;2025;Gabinete do Prefeito;6;689940
Água Boa;2025;Gabinete do Prefeito;7;330252
Água Boa;2025;Gabinete do Prefeito;8;350975
Água Boa;2025;Gabinete do Prefeito;9;280759
Água Boa;2025;Gabinete do Prefeito;10;340531
Água Boa;2025;Gabinete do Prefeito;11;316057
Água Boa;2025;Gabinete do Prefeito;12;371587
Água Boa;2025;Camara Municipal;1;341479
Água Boa;2025;Camara Municipal;2;433153
Água Boa;2025;Camara Municipal;3;413520
Água Boa;2025;Camara Municipal;4;388605
Água Boa;2025;Camara Municipal;5;413204
Água Boa;2025;Camara Municipal;6;421867
Água Boa;2025;Camara Municipal;7;495811
Água Boa;2025;Camara Municipal;8;458759
Água Boa;2025;Camara Municipal;9;440304
Água Boa;2025;Camara Municipal;10;438821
Água Boa;2025;Camara Municipal;11;452299
Água Boa;2025;Camara Municipal;12;625686
Água Boa;2025;Secretaria de Saúde;1;6830397
Água Boa;2025;Secretaria de Saúde;2;6744530
Água Boa;2025;Secretaria de Saúde;3;7552277
Água Boa;2025;Secretaria de Saúde;4;7880186
Água Boa;2025;Secretaria de Saúde;5;8649280
Água Boa;2025;Secretaria de Saúde;6;7176310
Água Boa;2025;Secretaria de Saúde;7;8399124
Água Boa;2025;Secretaria de Saúde;8;9092527
Água Boa;2025;Secretaria de Saúde;9;8169600
Água Boa;2025;Secretaria de Saúde;10;7961567
Água Boa;2025;Secretaria de Saúde;11;8486294
Água Boa;2025;Secretaria de Saúde;12;13802122
Água Boa;2025;Secretaria de Assistência Social;1;391338
Água Boa;2025;Secretaria de Assistência Social;2;506362
Água Boa;2025;Secretaria de Assistência Social;3;810205
Água Boa;2025;Secretaria de Assistência Social;4;628554
Água Boa;2025;Secretaria de Assistência Social;5;718402
Água Boa;2025;Secretaria de Assistência Social;6;634165
Água Boa;2025;Secretaria de Assistência Social;7;597292
Água Boa;2025;Secretaria de Assistência Social;8;698147
Água Boa;2025;Secretaria de Assistência Social;9;691082
Água Boa;2025;Secretaria de Assistência Social;10;842465
Água Boa;2025;Secretaria de Assistência Social;11;725810
Água Boa;2025;Secretaria de Assistência Social;12;833032
Água Boa;2025;Secretaria de Finanças;1;914226
Água Boa;2025;Secretaria de Finanças;2;1309860
Água Boa;2025;Secretaria de Finanças;3;1670884
Água Boa;2025;Secretaria de Finanças;4;1623648
Água Boa;2025;Secretaria de Finanças;5;1493826
Água Boa;2025;Secretaria de Finanças;6;1615719
Água Boa;2025;Secretaria de Finanças;7;1464105
Água Boa;2025;Secretaria de Finanças;8;1632877
Água Boa;2025;Secretaria de Finanças;9;1638160
Água Boa;2025;Secretaria de Finanças;10;1895451
Água Boa;2025;Secretaria de Finanças;11;1656415
Água Boa;2025;Secretaria de Finanças;12;2518580
Água Boa;2025;Secretaria de Esporte, Cultura e Lazer;1;215819
Água Boa;2025;Secretaria de Esporte, Cultura e Lazer;2;452161
Água Boa;2025;Secretaria de Esporte, Cultura e Lazer;3;766818
Água Boa;2025;Secretaria de Esporte, Cultura e Lazer;4;993530
Água Boa;2025;Secretaria de Esporte, Cultura e Lazer;5;733606
Água Boa;2025;Secretaria de Esporte, Cultura e Lazer;6;882209
Água Boa;2025;Secretaria de Esporte, Cultura e Lazer;7;1055554
Água Boa;2025;Secretaria de Esporte, Cultura e Lazer;8;900001
Água Boa;2025;Secretaria de Esporte, Cultura e Lazer;9;655002
Água Boa;2025;Secretaria de Esporte, Cultura e Lazer;10;779770
Água Boa;2025;Secretaria de Esporte, Cultura e Lazer;11;823596
Água Boa;2025;Secretaria de Esporte, Cultura e Lazer;12;1336783
Água Boa;2025;Secretaria de Educação;1;2197306
Água Boa;2025;Secretaria de Educação;2;5290854
Água Boa;2025;Secretaria de Educação;3;5925859
Água Boa;2025;Secretaria de Educação;4;5847402
Água Boa;2025;Secretaria de Educação;5;6722022
Água Boa;2025;Secretaria de Educação;6;7536065
Água Boa;2025;Secretaria de Educação;7;6802891
Água Boa;2025;Secretaria de Educação;8;5571017
Água Boa;2025;Secretaria de Educação;9;6368286
Água Boa;2025;Secretaria de Educação;10;6396061
Água Boa;2025;Secretaria de Educação;11;6244339
Água Boa;2025;Secretaria de Educação;12;7921726
Água Boa;2025;Fundo Municipal de Previdência dos Servidores de Água Boa - Água Previ;1;1115644
Água Boa;2025;Fundo Municipal de Previdência dos Servidores de Água Boa - Água Previ;2;1215456
Água Boa;2025;Fundo Municipal de Previdência dos Servidores de Água Boa - Água Previ;3;1146619
Água Boa;2025;Fundo Municipal de Previdência dos Servidores de Água Boa - Água Previ;4;1213436
Água Boa;2025;Fundo Municipal de Previdência dos Servidores de Água Boa - Água Previ;5;1173987
Água Boa;2025;Fundo Municipal de Previdência dos Servidores de Água Boa - Água Previ;6;1187435
Água Boa;2025;Fundo Municipal de Previdência dos Servidores de Água Boa - Água Previ;7;1195284
Água Boa;2025;Fundo Municipal de Previdência dos Servidores de Água Boa - Água Previ;8;1226260
Água Boa;2025;Fundo Municipal de Previdência dos Servidores de Água Boa - Água Previ;9;1278259
Água Boa;2025;Fundo Municipal de Previdência dos Servidores de Água Boa - Água Previ;10;1195729
Água Boa;2025;Fundo Municipal de Previdência dos Servidores de Água Boa - Água Previ;11;1272581
Água Boa;2025;Fundo Municipal de Previdência dos Servidores de Água Boa - Água Previ;12;1196465
Água Boa;2025;Secretaria de Infraestrutura e Meio Ambiente;1;1320695
Água Boa;2025;Secretaria de Infraestrutura e Meio Ambiente;2;4592965
Água Boa;2025;Secretaria de Infraestrutura e Meio Ambiente;3;5047794
Água Boa;2025;Secretaria de Infraestrutura e Meio Ambiente;4;4846430
Água Boa;2025;Secretaria de Infraestrutura e Meio Ambiente;5;5093125
Água Boa;2025;Secretaria de Infraestrutura e Meio Ambiente;6;5085358
Água Boa;2025;Secretaria de Infraestrutura e Meio Ambiente;7;6653351
Água Boa;2025;Secretaria de Infraestrutura e Meio Ambiente;8;6074420
Água Boa;2025;Secretaria de Infraestrutura e Meio Ambiente;9;5600304
Água Boa;2025;Secretaria de Infraestrutura e Meio Ambiente;10;5796059
Água Boa;2025;Secretaria de Infraestrutura e Meio Ambiente;11;4769067
Água Boa;2025;Secretaria de Infraestrutura e Meio Ambiente;12;4687233
Água Boa;2025;Secretaria de Desenvolvimento Econômico, Agricultura e Turismo;1;146935
Água Boa;2025;Secretaria de Desenvolvimento Econômico, Agricultura e Turismo;2;1706015
Água Boa;2025;Secretaria de Desenvolvimento Econômico, Agricultura e Turismo;3;250884
Água Boa;2025;Secretaria de Desenvolvimento Econômico, Agricultura e Turismo;4;373803
Água Boa;2025;Secretaria de Desenvolvimento Econômico, Agricultura e Turismo;5;385204
Água Boa;2025;Secretaria de Desenvolvimento Econômico, Agricultura e Turismo;6;863953
Água Boa;2025;Secretaria de Desenvolvimento Econômico, Agricultura e Turismo;7;2334954
Água Boa;2025;Secretaria de Desenvolvimento Econômico, Agricultura e Turismo;8;513818
Água Boa;2025;Secretaria de Desenvolvimento Econômico, Agricultura e Turismo;9;420818
Água Boa;2025;Secretaria de Desenvolvimento Econômico, Agricultura e Turismo;10;1738973
Água Boa;2025;Secretaria de Desenvolvimento Econômico, Agricultura e Turismo;11;807898
Água Boa;2025;Secretaria de Desenvolvimento Econômico, Agricultura e Turismo;12;527972
Água Boa;2025;Secretaria de Administracão e Planejamento;1;392989
Água Boa;2025;Secretaria de Administracão e Planejamento;2;673550
Água Boa;2025;Secretaria de Administracão e Planejamento;3;389038
Água Boa;2025;Secretaria de Administracão e Planejamento;4;456994
Água Boa;2025;Secretaria de Administracão e Planejamento;5;485544
Água Boa;2025;Secretaria de Administracão e Planejamento;6;460602
Água Boa;2025;Secretaria de Administracão e Planejamento;7;525390
Água Boa;2025;Secretaria de Administracão e Planejamento;8;523295
Água Boa;2025;Secretaria de Administracão e Planejamento;9;526230
Água Boa;2025;Secretaria de Administracão e Planejamento;10;495814
Água Boa;2025;Secretaria de Administracão e Planejamento;11;869097
Água Boa;2025;Secretaria de Administracão e Planejamento;12;525581
Água Boa;2025;Secretaria de Planejamento, Obras e Engenharia;2;62068
Água Boa;2025;Secretaria de Planejamento, Obras e Engenharia;3;194163
Água Boa;2025;Secretaria de Planejamento, Obras e Engenharia;4;211451
Água Boa;2025;Secretaria de Planejamento, Obras e Engenharia;5;229054
Água Boa;2025;Secretaria de Planejamento, Obras e Engenharia;6;218401
Água Boa;2025;Secretaria de Planejamento, Obras e Engenharia;7;225745
Água Boa;2025;Secretaria de Planejamento, Obras e Engenharia;8;251198
Água Boa;2025;Secretaria de Planejamento, Obras e Engenharia;9;230584
Água Boa;2025;Secretaria de Planejamento, Obras e Engenharia;10;230681
Água Boa;2025;Secretaria de Planejamento, Obras e Engenharia;11;361689
Água Boa;2025;Secretaria de Planejamento, Obras e Engenharia;12;286079
Água Boa;2026;Gabinete do Prefeito;1;270397
Água Boa;2026;Gabinete do Prefeito;2;308559
Água Boa;2026;Gabinete do Prefeito;3;512540
Água Boa;2026;Gabinete do Prefeito;4;397721
Água Boa;2026;Gabinete do Prefeito;5;408257
Água Boa;2026;Gabinete do Prefeito;6;416133
Água Boa;2026;Gabinete do Prefeito;7;380489
Água Boa;2026;Camara Municipal;1;435448
Água Boa;2026;Camara Municipal;2;504934
Água Boa;2026;Camara Municipal;3;481211
Água Boa;2026;Camara Municipal;4;487803
Água Boa;2026;Camara Municipal;5;498677
Água Boa;2026;Camara Municipal;6;473499
Água Boa;2026;Camara Municipal;7;463418
Água Boa;2026;Secretaria de Saúde;1;5263250
Água Boa;2026;Secretaria de Saúde;2;7205195
Água Boa;2026;Secretaria de Saúde;3;13235837
Água Boa;2026;Secretaria de Saúde;4;8343032
Água Boa;2026;Secretaria de Saúde;5;8735728
Água Boa;2026;Secretaria de Saúde;6;14340397
Água Boa;2026;Secretaria de Saúde;7;11326163
Água Boa;2026;Secretaria de Finanças;1;879804
Água Boa;2026;Secretaria de Finanças;2;1602047
Água Boa;2026;Secretaria de Finanças;3;1676004
Água Boa;2026;Secretaria de Finanças;4;1906891
Água Boa;2026;Secretaria de Finanças;5;2009830
Água Boa;2026;Secretaria de Finanças;6;1680969
Água Boa;2026;Secretaria de Finanças;7;1803638
Água Boa;2026;Secretaria de Esporte, Cultura e Lazer;1;92597
Água Boa;2026;Secretaria de Esporte, Cultura e Lazer;2;577628
Água Boa;2026;Secretaria de Esporte, Cultura e Lazer;3;860685
Água Boa;2026;Secretaria de Esporte, Cultura e Lazer;4;1258308
Água Boa;2026;Secretaria de Esporte, Cultura e Lazer;5;1121611
Água Boa;2026;Secretaria de Esporte, Cultura e Lazer;6;1026016
Água Boa;2026;Secretaria de Esporte, Cultura e Lazer;7;1814659
Água Boa;2026;Secretaria de Educação;1;3364710
Água Boa;2026;Secretaria de Educação;2;5746334
Água Boa;2026;Secretaria de Educação;3;6923366
Água Boa;2026;Secretaria de Educação;4;8933268
Água Boa;2026;Secretaria de Educação;5;7774863
Água Boa;2026;Secretaria de Educação;6;7319033
Água Boa;2026;Secretaria de Educação;7;7932161
Água Boa;2026;Fundo Municipal de Previdência dos Servidores de Água Boa - Água Previ;1;1173227
Água Boa;2026;Fundo Municipal de Previdência dos Servidores de Água Boa - Água Previ;2;1326771
Água Boa;2026;Fundo Municipal de Previdência dos Servidores de Água Boa - Água Previ;3;1231166
Água Boa;2026;Fundo Municipal de Previdência dos Servidores de Água Boa - Água Previ;4;1354071
Água Boa;2026;Fundo Municipal de Previdência dos Servidores de Água Boa - Água Previ;5;1289901
Água Boa;2026;Fundo Municipal de Previdência dos Servidores de Água Boa - Água Previ;6;1307278
Água Boa;2026;Fundo Municipal de Previdência dos Servidores de Água Boa - Água Previ;7;1324391
Água Boa;2026;Fundo Municipal de Previdência dos Servidores de Água Boa - Água Previ;8;1357542
Água Boa;2026;Secretaria de Administracão;1;1246661
Água Boa;2026;Secretaria de Administracão;2;480275
Água Boa;2026;Secretaria de Administracão;3;568298
Água Boa;2026;Secretaria de Administracão;4;538098
Água Boa;2026;Secretaria de Administracão;5;1083364
Água Boa;2026;Secretaria de Administracão;6;478775
Água Boa;2026;Secretaria de Administracão;7;568097
Água Boa;2026;Secretaria de Infraestrutura e Meio Ambiente;1;809947
Água Boa;2026;Secretaria de Infraestrutura e Meio Ambiente;2;3258400
Água Boa;2026;Secretaria de Infraestrutura e Meio Ambiente;3;5861943
Água Boa;2026;Secretaria de Infraestrutura e Meio Ambiente;4;4949364
Água Boa;2026;Secretaria de Infraestrutura e Meio Ambiente;5;6431871
Água Boa;2026;Secretaria de Infraestrutura e Meio Ambiente;6;6004214
Água Boa;2026;Secretaria de Infraestrutura e Meio Ambiente;7;7854786
Água Boa;2026;Secretaria de Planejamento, Obras e Engenharia;1;209398
Água Boa;2026;Secretaria de Planejamento, Obras e Engenharia;2;242017
Água Boa;2026;Secretaria de Planejamento, Obras e Engenharia;3;267558
Água Boa;2026;Secretaria de Planejamento, Obras e Engenharia;4;334003
Água Boa;2026;Secretaria de Planejamento, Obras e Engenharia;5;334056
Água Boa;2026;Secretaria de Planejamento, Obras e Engenharia;6;326747
Água Boa;2026;Secretaria de Planejamento, Obras e Engenharia;7;346548
Água Boa;2026;Secretaria de Assistência Social e Cidadania;1;779878
Água Boa;2026;Secretaria de Assistência Social e Cidadania;2;619606
Água Boa;2026;Secretaria de Assistência Social e Cidadania;3;1584846
Água Boa;2026;Secretaria de Assistência Social e Cidadania;4;969734
Água Boa;2026;Secretaria de Assistência Social e Cidadania;5;1107168
Água Boa;2026;Secretaria de Assistência Social e Cidadania;6;1186916
Água Boa;2026;Secretaria de Assistência Social e Cidadania;7;896135
Água Boa;2026;Secretaria de Desenvolvimento Econômico, Agricultura, Turismo e Inovação;1;198137
Água Boa;2026;Secretaria de Desenvolvimento Econômico, Agricultura, Turismo e Inovação;2;584957
Água Boa;2026;Secretaria de Desenvolvimento Econômico, Agricultura, Turismo e Inovação;3;994823
Água Boa;2026;Secretaria de Desenvolvimento Econômico, Agricultura, Turismo e Inovação;4;515085
Água Boa;2026;Secretaria de Desenvolvimento Econômico, Agricultura, Turismo e Inovação;5;983098
Água Boa;2026;Secretaria de Desenvolvimento Econômico, Agricultura, Turismo e Inovação;6;991100
Água Boa;2026;Secretaria de Desenvolvimento Econômico, Agricultura, Turismo e Inovação;7;811881
Alto Araguaia;2021;Gabinete do Prefeito;1;160302
Alto Araguaia;2021;Gabinete do Prefeito;2;157288
Alto Araguaia;2021;Gabinete do Prefeito;3;159908
Alto Araguaia;2021;Gabinete do Prefeito;4;149343
Alto Araguaia;2021;Gabinete do Prefeito;5;157841
Alto Araguaia;2021;Gabinete do Prefeito;6;159037
Alto Araguaia;2021;Gabinete do Prefeito;7;156447
Alto Araguaia;2021;Gabinete do Prefeito;8;170473
Alto Araguaia;2021;Gabinete do Prefeito;9;154701
Alto Araguaia;2021;Gabinete do Prefeito;10;169274
Alto Araguaia;2021;Gabinete do Prefeito;11;149770
Alto Araguaia;2021;Gabinete do Prefeito;12;292977
Alto Araguaia;2021;Camara Municipal;1;243695
Alto Araguaia;2021;Camara Municipal;2;274322
Alto Araguaia;2021;Camara Municipal;3;275307
Alto Araguaia;2021;Camara Municipal;4;316330
Alto Araguaia;2021;Camara Municipal;5;294965
Alto Araguaia;2021;Camara Municipal;6;311725
Alto Araguaia;2021;Camara Municipal;7;293925
Alto Araguaia;2021;Camara Municipal;8;308851
Alto Araguaia;2021;Camara Municipal;9;287326
Alto Araguaia;2021;Camara Municipal;10;287315
Alto Araguaia;2021;Camara Municipal;11;363770
Alto Araguaia;2021;Camara Municipal;12;488608
Alto Araguaia;2021;Secretaria de Administração;1;285691
Alto Araguaia;2021;Secretaria de Administração;2;477373
Alto Araguaia;2021;Secretaria de Administração;3;544954
Alto Araguaia;2021;Secretaria de Administração;4;467748
Alto Araguaia;2021;Secretaria de Administração;5;496393
Alto Araguaia;2021;Secretaria de Administração;6;389964
Alto Araguaia;2021;Secretaria de Administração;7;1153269
Alto Araguaia;2021;Secretaria de Administração;8;364274
Alto Araguaia;2021;Secretaria de Administração;9;383942
Alto Araguaia;2021;Secretaria de Administração;10;503159
Alto Araguaia;2021;Secretaria de Administração;11;1576747
Alto Araguaia;2021;Secretaria de Administração;12;767507
Alto Araguaia;2021;Secretaria de Saúde;1;1385068
Alto Araguaia;2021;Secretaria de Saúde;2;1756393
Alto Araguaia;2021;Secretaria de Saúde;3;2180994
Alto Araguaia;2021;Secretaria de Saúde;4;1978994
Alto Araguaia;2021;Secretaria de Saúde;5;1893005
Alto Araguaia;2021;Secretaria de Saúde;6;2236792
Alto Araguaia;2021;Secretaria de Saúde;7;2272893
Alto Araguaia;2021;Secretaria de Saúde;8;2216755
Alto Araguaia;2021;Secretaria de Saúde;9;2186202
Alto Araguaia;2021;Secretaria de Saúde;10;2387449
Alto Araguaia;2021;Secretaria de Saúde;11;2262623
Alto Araguaia;2021;Secretaria de Saúde;12;3856673
Alto Araguaia;2021;Secretaria de Educação;1;1041733
Alto Araguaia;2021;Secretaria de Educação;2;1169525
Alto Araguaia;2021;Secretaria de Educação;3;979416
Alto Araguaia;2021;Secretaria de Educação;4;1194491
Alto Araguaia;2021;Secretaria de Educação;5;957614
Alto Araguaia;2021;Secretaria de Educação;6;963350
Alto Araguaia;2021;Secretaria de Educação;7;1324854
Alto Araguaia;2021;Secretaria de Educação;8;1309717
Alto Araguaia;2021;Secretaria de Educação;9;1605691
Alto Araguaia;2021;Secretaria de Educação;10;1678332
Alto Araguaia;2021;Secretaria de Educação;11;2126697
Alto Araguaia;2021;Secretaria de Educação;12;5603805
Alto Araguaia;2021;Fundo de Previdência Municipal;1;503847
Alto Araguaia;2021;Fundo de Previdência Municipal;2;514891
Alto Araguaia;2021;Fundo de Previdência Municipal;3;533788
Alto Araguaia;2021;Fundo de Previdência Municipal;4;523117
Alto Araguaia;2021;Fundo de Previdência Municipal;5;532203
Alto Araguaia;2021;Fundo de Previdência Municipal;6;520535
Alto Araguaia;2021;Fundo de Previdência Municipal;7;557216
Alto Araguaia;2021;Fundo de Previdência Municipal;8;563836
Alto Araguaia;2021;Fundo de Previdência Municipal;9;590740
Alto Araguaia;2021;Fundo de Previdência Municipal;10;594638
Alto Araguaia;2021;Fundo de Previdência Municipal;11;596661
Alto Araguaia;2021;Fundo de Previdência Municipal;12;627217
Alto Araguaia;2021;Secretaria de Obras;1;226860
Alto Araguaia;2021;Secretaria de Obras;2;373988
Alto Araguaia;2021;Secretaria de Obras;3;238939
Alto Araguaia;2021;Secretaria de Obras;4;122182
Alto Araguaia;2021;Secretaria de Obras;5;298215
Alto Araguaia;2021;Secretaria de Obras;6;298639
Alto Araguaia;2021;Secretaria de Obras;7;122558
Alto Araguaia;2021;Secretaria de Obras;8;306624
Alto Araguaia;2021;Secretaria de Obras;9;308876
Alto Araguaia;2021;Secretaria de Obras;10;89324
Alto Araguaia;2021;Secretaria de Obras;11;462675
Alto Araguaia;2021;Secretaria de Obras;12;526018
Alto Araguaia;2021;Secretaria de Infra-estrutura e Serviços Urbanos;1;612149
Alto Araguaia;2021;Secretaria de Infra-estrutura e Serviços Urbanos;2;987466
Alto Araguaia;2021;Secretaria de Infra-estrutura e Serviços Urbanos;3;1028828
Alto Araguaia;2021;Secretaria de Infra-estrutura e Serviços Urbanos;4;581978
Alto Araguaia;2021;Secretaria de Infra-estrutura e Serviços Urbanos;5;649221
Alto Araguaia;2021;Secretaria de Infra-estrutura e Serviços Urbanos;6;830436
Alto Araguaia;2021;Secretaria de Infra-estrutura e Serviços Urbanos;7;1148731
Alto Araguaia;2021;Secretaria de Infra-estrutura e Serviços Urbanos;8;587439
Alto Araguaia;2021;Secretaria de Infra-estrutura e Serviços Urbanos;9;798966
Alto Araguaia;2021;Secretaria de Infra-estrutura e Serviços Urbanos;10;745574
Alto Araguaia;2021;Secretaria de Infra-estrutura e Serviços Urbanos;11;2690087
Alto Araguaia;2021;Secretaria de Infra-estrutura e Serviços Urbanos;12;2792203
Alto Araguaia;2021;Secretaria de Finanças e Planejamento;1;281848
Alto Araguaia;2021;Secretaria de Finanças e Planejamento;2;285358
Alto Araguaia;2021;Secretaria de Finanças e Planejamento;3;316195
Alto Araguaia;2021;Secretaria de Finanças e Planejamento;4;301722
Alto Araguaia;2021;Secretaria de Finanças e Planejamento;5;291877
Alto Araguaia;2021;Secretaria de Finanças e Planejamento;6;351659
Alto Araguaia;2021;Secretaria de Finanças e Planejamento;7;249728
Alto Araguaia;2021;Secretaria de Finanças e Planejamento;8;334534
Alto Araguaia;2021;Secretaria de Finanças e Planejamento;9;327504
Alto Araguaia;2021;Secretaria de Finanças e Planejamento;10;654356
Alto Araguaia;2021;Secretaria de Finanças e Planejamento;11;259860
Alto Araguaia;2021;Secretaria de Finanças e Planejamento;12;431265
Alto Araguaia;2021;Secretaria de Cultura, Esporte, Lazer e Turismo;1;63743
Alto Araguaia;2021;Secretaria de Cultura, Esporte, Lazer e Turismo;2;51161
Alto Araguaia;2021;Secretaria de Cultura, Esporte, Lazer e Turismo;3;56864
Alto Araguaia;2021;Secretaria de Cultura, Esporte, Lazer e Turismo;4;53831
Alto Araguaia;2021;Secretaria de Cultura, Esporte, Lazer e Turismo;5;49238
Alto Araguaia;2021;Secretaria de Cultura, Esporte, Lazer e Turismo;6;54164
Alto Araguaia;2021;Secretaria de Cultura, Esporte, Lazer e Turismo;7;81625
Alto Araguaia;2021;Secretaria de Cultura, Esporte, Lazer e Turismo;8;57943
Alto Araguaia;2021;Secretaria de Cultura, Esporte, Lazer e Turismo;9;55252
Alto Araguaia;2021;Secretaria de Cultura, Esporte, Lazer e Turismo;10;58170
Alto Araguaia;2021;Secretaria de Cultura, Esporte, Lazer e Turismo;11;62750
Alto Araguaia;2021;Secretaria de Cultura, Esporte, Lazer e Turismo;12;156163
Alto Araguaia;2021;Secretaria de Assistência e Desenvolvimento Social;1;337356
Alto Araguaia;2021;Secretaria de Assistência e Desenvolvimento Social;2;446027
Alto Araguaia;2021;Secretaria de Assistência e Desenvolvimento Social;3;548540
Alto Araguaia;2021;Secretaria de Assistência e Desenvolvimento Social;4;364096
Alto Araguaia;2021;Secretaria de Assistência e Desenvolvimento Social;5;560246
Alto Araguaia;2021;Secretaria de Assistência e Desenvolvimento Social;6;584166
Alto Araguaia;2021;Secretaria de Assistência e Desenvolvimento Social;7;468005
Alto Araguaia;2021;Secretaria de Assistência e Desenvolvimento Social;8;434704
Alto Araguaia;2021;Secretaria de Assistência e Desenvolvimento Social;9;475082
Alto Araguaia;2021;Secretaria de Assistência e Desenvolvimento Social;10;557456
Alto Araguaia;2021;Secretaria de Assistência e Desenvolvimento Social;11;510566
Alto Araguaia;2021;Secretaria de Assistência e Desenvolvimento Social;12;891831
Alto Araguaia;2021;Secretaria de Indústria, Comércio e Serviços;1;10697
Alto Araguaia;2021;Secretaria de Indústria, Comércio e Serviços;2;4402
Alto Araguaia;2021;Secretaria de Indústria, Comércio e Serviços;3;5133
Alto Araguaia;2021;Secretaria de Indústria, Comércio e Serviços;4;4402
Alto Araguaia;2021;Secretaria de Indústria, Comércio e Serviços;5;4722
Alto Araguaia;2021;Secretaria de Indústria, Comércio e Serviços;6;4402
Alto Araguaia;2021;Secretaria de Indústria, Comércio e Serviços;7;4402
Alto Araguaia;2021;Secretaria de Indústria, Comércio e Serviços;8;4402
Alto Araguaia;2021;Secretaria de Indústria, Comércio e Serviços;9;4402
Alto Araguaia;2021;Secretaria de Indústria, Comércio e Serviços;10;4402
Alto Araguaia;2021;Secretaria de Indústria, Comércio e Serviços;11;4402
Alto Araguaia;2021;Secretaria de Indústria, Comércio e Serviços;12;8804
Alto Araguaia;2021;Secretaria de Transporte e Frotas;1;101304
Alto Araguaia;2021;Secretaria de Transporte e Frotas;2;108948
Alto Araguaia;2021;Secretaria de Transporte e Frotas;3;143445
Alto Araguaia;2021;Secretaria de Transporte e Frotas;4;83688
Alto Araguaia;2021;Secretaria de Transporte e Frotas;5;120704
Alto Araguaia;2021;Secretaria de Transporte e Frotas;6;187351
Alto Araguaia;2021;Secretaria de Transporte e Frotas;7;166458
Alto Araguaia;2021;Secretaria de Transporte e Frotas;8;150423
Alto Araguaia;2021;Secretaria de Transporte e Frotas;9;895548
Alto Araguaia;2021;Secretaria de Transporte e Frotas;10;156877
Alto Araguaia;2021;Secretaria de Transporte e Frotas;11;193598
Alto Araguaia;2021;Secretaria de Transporte e Frotas;12;440978
Alto Araguaia;2021;Secretaria de Meio Ambiente e Desenv. Urbano;1;12296
Alto Araguaia;2021;Secretaria de Meio Ambiente e Desenv. Urbano;2;12885
Alto Araguaia;2021;Secretaria de Meio Ambiente e Desenv. Urbano;3;14245
Alto Araguaia;2021;Secretaria de Meio Ambiente e Desenv. Urbano;4;27012
Alto Araguaia;2021;Secretaria de Meio Ambiente e Desenv. Urbano;5;16110
Alto Araguaia;2021;Secretaria de Meio Ambiente e Desenv. Urbano;6;21490
Alto Araguaia;2021;Secretaria de Meio Ambiente e Desenv. Urbano;7;39290
Alto Araguaia;2021;Secretaria de Meio Ambiente e Desenv. Urbano;8;14593
Alto Araguaia;2021;Secretaria de Meio Ambiente e Desenv. Urbano;9;13646
Alto Araguaia;2021;Secretaria de Meio Ambiente e Desenv. Urbano;10;18948
Alto Araguaia;2021;Secretaria de Meio Ambiente e Desenv. Urbano;11;17095
Alto Araguaia;2021;Secretaria de Meio Ambiente e Desenv. Urbano;12;24526
Alto Araguaia;2021;Secretaria de Agricultura,pecuária e Abastecimento;1;56567
Alto Araguaia;2021;Secretaria de Agricultura,pecuária e Abastecimento;2;28913
Alto Araguaia;2021;Secretaria de Agricultura,pecuária e Abastecimento;3;43915
Alto Araguaia;2021;Secretaria de Agricultura,pecuária e Abastecimento;4;82384
Alto Araguaia;2021;Secretaria de Agricultura,pecuária e Abastecimento;5;32816
Alto Araguaia;2021;Secretaria de Agricultura,pecuária e Abastecimento;6;38912
Alto Araguaia;2021;Secretaria de Agricultura,pecuária e Abastecimento;7;58923
Alto Araguaia;2021;Secretaria de Agricultura,pecuária e Abastecimento;8;56342
Alto Araguaia;2021;Secretaria de Agricultura,pecuária e Abastecimento;9;49164
Alto Araguaia;2021;Secretaria de Agricultura,pecuária e Abastecimento;10;36415
Alto Araguaia;2021;Secretaria de Agricultura,pecuária e Abastecimento;11;27549
Alto Araguaia;2021;Secretaria de Agricultura,pecuária e Abastecimento;12;290099
Alto Araguaia;2022;Gabinete do Prefeito;1;177597
Alto Araguaia;2022;Gabinete do Prefeito;2;180504
Alto Araguaia;2022;Gabinete do Prefeito;3;222197
Alto Araguaia;2022;Gabinete do Prefeito;4;194471
Alto Araguaia;2022;Gabinete do Prefeito;5;189239
Alto Araguaia;2022;Gabinete do Prefeito;6;193422
Alto Araguaia;2022;Gabinete do Prefeito;7;210299
Alto Araguaia;2022;Gabinete do Prefeito;8;207850
Alto Araguaia;2022;Gabinete do Prefeito;9;170548
Alto Araguaia;2022;Gabinete do Prefeito;10;196919
Alto Araguaia;2022;Gabinete do Prefeito;11;195073
Alto Araguaia;2022;Gabinete do Prefeito;12;308357
Alto Araguaia;2022;Camara Municipal;1;316894
Alto Araguaia;2022;Camara Municipal;2;319850
Alto Araguaia;2022;Camara Municipal;3;339200
Alto Araguaia;2022;Camara Municipal;4;357632
Alto Araguaia;2022;Camara Municipal;5;353786
Alto Araguaia;2022;Camara Municipal;6;368103
Alto Araguaia;2022;Camara Municipal;7;356427
Alto Araguaia;2022;Camara Municipal;8;348894
Alto Araguaia;2022;Camara Municipal;9;352852
Alto Araguaia;2022;Camara Municipal;10;363005
Alto Araguaia;2022;Camara Municipal;11;407753
Alto Araguaia;2022;Camara Municipal;12;596321
Alto Araguaia;2022;Secretaria de Administração;1;428263
Alto Araguaia;2022;Secretaria de Administração;2;427735
Alto Araguaia;2022;Secretaria de Administração;3;582330
Alto Araguaia;2022;Secretaria de Administração;4;409509
Alto Araguaia;2022;Secretaria de Administração;5;637498
Alto Araguaia;2022;Secretaria de Administração;6;557940
Alto Araguaia;2022;Secretaria de Administração;7;557813
Alto Araguaia;2022;Secretaria de Administração;8;1066232
Alto Araguaia;2022;Secretaria de Administração;9;587225
Alto Araguaia;2022;Secretaria de Administração;10;747878
Alto Araguaia;2022;Secretaria de Administração;11;597632
Alto Araguaia;2022;Secretaria de Administração;12;847865
Alto Araguaia;2022;Secretaria de Saúde;1;1368815
Alto Araguaia;2022;Secretaria de Saúde;2;2116816
Alto Araguaia;2022;Secretaria de Saúde;3;2440545
Alto Araguaia;2022;Secretaria de Saúde;4;2336334
Alto Araguaia;2022;Secretaria de Saúde;5;2623148
Alto Araguaia;2022;Secretaria de Saúde;6;2528476
Alto Araguaia;2022;Secretaria de Saúde;7;2854070
Alto Araguaia;2022;Secretaria de Saúde;8;3209013
Alto Araguaia;2022;Secretaria de Saúde;9;3676306
Alto Araguaia;2022;Secretaria de Saúde;10;3073811
Alto Araguaia;2022;Secretaria de Saúde;11;3194105
Alto Araguaia;2022;Secretaria de Saúde;12;5245957
Alto Araguaia;2022;Secretaria de Educação;1;1257570
Alto Araguaia;2022;Secretaria de Educação;2;1411606
Alto Araguaia;2022;Secretaria de Educação;3;2560634
Alto Araguaia;2022;Secretaria de Educação;4;2083021
Alto Araguaia;2022;Secretaria de Educação;5;2283960
Alto Araguaia;2022;Secretaria de Educação;6;2674539
Alto Araguaia;2022;Secretaria de Educação;7;2365630
Alto Araguaia;2022;Secretaria de Educação;8;2129943
Alto Araguaia;2022;Secretaria de Educação;9;2461285
Alto Araguaia;2022;Secretaria de Educação;10;2860385
Alto Araguaia;2022;Secretaria de Educação;11;2653086
Alto Araguaia;2022;Secretaria de Educação;12;3895015
Alto Araguaia;2022;Fundo de Previdência Municipal;1;700015
Alto Araguaia;2022;Fundo de Previdência Municipal;2;696870
Alto Araguaia;2022;Fundo de Previdência Municipal;3;749483
Alto Araguaia;2022;Fundo de Previdência Municipal;4;741723
Alto Araguaia;2022;Fundo de Previdência Municipal;5;714419
Alto Araguaia;2022;Fundo de Previdência Municipal;6;721307
Alto Araguaia;2022;Fundo de Previdência Municipal;7;777595
Alto Araguaia;2022;Fundo de Previdência Municipal;8;768357
Alto Araguaia;2022;Fundo de Previdência Municipal;9;794024
Alto Araguaia;2022;Fundo de Previdência Municipal;10;762344
Alto Araguaia;2022;Fundo de Previdência Municipal;11;788601
Alto Araguaia;2022;Fundo de Previdência Municipal;12;810091
Alto Araguaia;2022;Secretaria de Obras;1;160906
Alto Araguaia;2022;Secretaria de Obras;2;105621
Alto Araguaia;2022;Secretaria de Obras;3;574153
Alto Araguaia;2022;Secretaria de Obras;4;325721
Alto Araguaia;2022;Secretaria de Obras;5;214151
Alto Araguaia;2022;Secretaria de Obras;6;541650
Alto Araguaia;2022;Secretaria de Obras;7;1063525
Alto Araguaia;2022;Secretaria de Obras;8;1014637
Alto Araguaia;2022;Secretaria de Obras;9;508266
Alto Araguaia;2022;Secretaria de Obras;10;774180
Alto Araguaia;2022;Secretaria de Obras;11;422824
Alto Araguaia;2022;Secretaria de Obras;12;1067261
Alto Araguaia;2022;Secretaria de Infra-estrutura e Serviços Urbanos;1;641726
Alto Araguaia;2022;Secretaria de Infra-estrutura e Serviços Urbanos;2;781499
Alto Araguaia;2022;Secretaria de Infra-estrutura e Serviços Urbanos;3;691374
Alto Araguaia;2022;Secretaria de Infra-estrutura e Serviços Urbanos;4;650974
Alto Araguaia;2022;Secretaria de Infra-estrutura e Serviços Urbanos;5;2379434
Alto Araguaia;2022;Secretaria de Infra-estrutura e Serviços Urbanos;6;3347752
Alto Araguaia;2022;Secretaria de Infra-estrutura e Serviços Urbanos;7;2437881
Alto Araguaia;2022;Secretaria de Infra-estrutura e Serviços Urbanos;8;2787947
Alto Araguaia;2022;Secretaria de Infra-estrutura e Serviços Urbanos;9;2979796
Alto Araguaia;2022;Secretaria de Infra-estrutura e Serviços Urbanos;10;1776286
Alto Araguaia;2022;Secretaria de Infra-estrutura e Serviços Urbanos;11;1491811
Alto Araguaia;2022;Secretaria de Infra-estrutura e Serviços Urbanos;12;2204360
Alto Araguaia;2022;Secretaria de Finanças e Planejamento;1;247059
Alto Araguaia;2022;Secretaria de Finanças e Planejamento;2;244449
Alto Araguaia;2022;Secretaria de Finanças e Planejamento;3;285264
Alto Araguaia;2022;Secretaria de Finanças e Planejamento;4;289766
Alto Araguaia;2022;Secretaria de Finanças e Planejamento;5;276910
Alto Araguaia;2022;Secretaria de Finanças e Planejamento;6;348311
Alto Araguaia;2022;Secretaria de Finanças e Planejamento;7;445529
Alto Araguaia;2022;Secretaria de Finanças e Planejamento;8;1085745
Alto Araguaia;2022;Secretaria de Finanças e Planejamento;9;438924
Alto Araguaia;2022;Secretaria de Finanças e Planejamento;10;738307
Alto Araguaia;2022;Secretaria de Finanças e Planejamento;11;1094242
Alto Araguaia;2022;Secretaria de Finanças e Planejamento;12;349124
Alto Araguaia;2022;Secretaria de Cultura, Esporte, Lazer e Turismo;1;62735
Alto Araguaia;2022;Secretaria de Cultura, Esporte, Lazer e Turismo;2;65453
Alto Araguaia;2022;Secretaria de Cultura, Esporte, Lazer e Turismo;3;69564
Alto Araguaia;2022;Secretaria de Cultura, Esporte, Lazer e Turismo;4;88084
Alto Araguaia;2022;Secretaria de Cultura, Esporte, Lazer e Turismo;5;68052
Alto Araguaia;2022;Secretaria de Cultura, Esporte, Lazer e Turismo;6;1036719
Alto Araguaia;2022;Secretaria de Cultura, Esporte, Lazer e Turismo;7;222919
Alto Araguaia;2022;Secretaria de Cultura, Esporte, Lazer e Turismo;8;145919
Alto Araguaia;2022;Secretaria de Cultura, Esporte, Lazer e Turismo;9;152985
Alto Araguaia;2022;Secretaria de Cultura, Esporte, Lazer e Turismo;10;69210
Alto Araguaia;2022;Secretaria de Cultura, Esporte, Lazer e Turismo;11;139846
Alto Araguaia;2022;Secretaria de Cultura, Esporte, Lazer e Turismo;12;270971
Alto Araguaia;2022;Secretaria de Assistência e Desenvolvimento Social;1;404317
Alto Araguaia;2022;Secretaria de Assistência e Desenvolvimento Social;2;498290
Alto Araguaia;2022;Secretaria de Assistência e Desenvolvimento Social;3;661034
Alto Araguaia;2022;Secretaria de Assistência e Desenvolvimento Social;4;590725
Alto Araguaia;2022;Secretaria de Assistência e Desenvolvimento Social;5;863291
Alto Araguaia;2022;Secretaria de Assistência e Desenvolvimento Social;6;616424
Alto Araguaia;2022;Secretaria de Assistência e Desenvolvimento Social;7;642461
Alto Araguaia;2022;Secretaria de Assistência e Desenvolvimento Social;8;593805
Alto Araguaia;2022;Secretaria de Assistência e Desenvolvimento Social;9;711063
Alto Araguaia;2022;Secretaria de Assistência e Desenvolvimento Social;10;574753
Alto Araguaia;2022;Secretaria de Assistência e Desenvolvimento Social;11;513774
Alto Araguaia;2022;Secretaria de Assistência e Desenvolvimento Social;12;1395931
Alto Araguaia;2022;Secretaria de Indústria, Comércio e Serviços;1;5785
Alto Araguaia;2022;Secretaria de Indústria, Comércio e Serviços;2;9248
Alto Araguaia;2022;Secretaria de Indústria, Comércio e Serviços;3;9248
Alto Araguaia;2022;Secretaria de Indústria, Comércio e Serviços;4;9248
Alto Araguaia;2022;Secretaria de Indústria, Comércio e Serviços;5;9248
Alto Araguaia;2022;Secretaria de Indústria, Comércio e Serviços;6;9403
Alto Araguaia;2022;Secretaria de Indústria, Comércio e Serviços;7;9339
Alto Araguaia;2022;Secretaria de Indústria, Comércio e Serviços;8;9339
Alto Araguaia;2022;Secretaria de Indústria, Comércio e Serviços;9;9935
Alto Araguaia;2022;Secretaria de Indústria, Comércio e Serviços;10;10929
Alto Araguaia;2022;Secretaria de Indústria, Comércio e Serviços;11;10104
Alto Araguaia;2022;Secretaria de Indústria, Comércio e Serviços;12;24141
Alto Araguaia;2022;Secretaria de Transporte e Frotas;1;121095
Alto Araguaia;2022;Secretaria de Transporte e Frotas;2;124621
Alto Araguaia;2022;Secretaria de Transporte e Frotas;3;114640
Alto Araguaia;2022;Secretaria de Transporte e Frotas;4;130480
Alto Araguaia;2022;Secretaria de Transporte e Frotas;5;1059494
Alto Araguaia;2022;Secretaria de Transporte e Frotas;6;118620
Alto Araguaia;2022;Secretaria de Transporte e Frotas;7;103335
Alto Araguaia;2022;Secretaria de Transporte e Frotas;8;258761
Alto Araguaia;2022;Secretaria de Transporte e Frotas;9;116535
Alto Araguaia;2022;Secretaria de Transporte e Frotas;10;105357
Alto Araguaia;2022;Secretaria de Transporte e Frotas;11;105790
Alto Araguaia;2022;Secretaria de Transporte e Frotas;12;212214
Alto Araguaia;2022;Secretaria de Meio Ambiente e Desenv. Urbano;1;13748
Alto Araguaia;2022;Secretaria de Meio Ambiente e Desenv. Urbano;2;11741
Alto Araguaia;2022;Secretaria de Meio Ambiente e Desenv. Urbano;3;15003
Alto Araguaia;2022;Secretaria de Meio Ambiente e Desenv. Urbano;4;11847
Alto Araguaia;2022;Secretaria de Meio Ambiente e Desenv. Urbano;5;11018
Alto Araguaia;2022;Secretaria de Meio Ambiente e Desenv. Urbano;6;11652
Alto Araguaia;2022;Secretaria de Meio Ambiente e Desenv. Urbano;7;14992
Alto Araguaia;2022;Secretaria de Meio Ambiente e Desenv. Urbano;8;28117
Alto Araguaia;2022;Secretaria de Meio Ambiente e Desenv. Urbano;9;9128
Alto Araguaia;2022;Secretaria de Meio Ambiente e Desenv. Urbano;10;10197
Alto Araguaia;2022;Secretaria de Meio Ambiente e Desenv. Urbano;11;6338
Alto Araguaia;2022;Secretaria de Meio Ambiente e Desenv. Urbano;12;15625
Alto Araguaia;2022;Secretaria de Agricultura,pecuária e Abastecimento;1;31819
Alto Araguaia;2022;Secretaria de Agricultura,pecuária e Abastecimento;2;48802
Alto Araguaia;2022;Secretaria de Agricultura,pecuária e Abastecimento;3;61616
Alto Araguaia;2022;Secretaria de Agricultura,pecuária e Abastecimento;4;53947
Alto Araguaia;2022;Secretaria de Agricultura,pecuária e Abastecimento;5;32857
Alto Araguaia;2022;Secretaria de Agricultura,pecuária e Abastecimento;6;70600
Alto Araguaia;2022;Secretaria de Agricultura,pecuária e Abastecimento;7;160875
Alto Araguaia;2022;Secretaria de Agricultura,pecuária e Abastecimento;8;63359
Alto Araguaia;2022;Secretaria de Agricultura,pecuária e Abastecimento;9;35994
Alto Araguaia;2022;Secretaria de Agricultura,pecuária e Abastecimento;10;62923
Alto Araguaia;2022;Secretaria de Agricultura,pecuária e Abastecimento;11;72265
Alto Araguaia;2022;Secretaria de Agricultura,pecuária e Abastecimento;12;91216
Alto Araguaia;2023;Gabinete do Prefeito;1;218917
Alto Araguaia;2023;Gabinete do Prefeito;2;209416
Alto Araguaia;2023;Gabinete do Prefeito;3;227279
Alto Araguaia;2023;Gabinete do Prefeito;4;219082
Alto Araguaia;2023;Gabinete do Prefeito;5;206280
Alto Araguaia;2023;Gabinete do Prefeito;6;208200
Alto Araguaia;2023;Gabinete do Prefeito;7;220782
Alto Araguaia;2023;Gabinete do Prefeito;8;215490
Alto Araguaia;2023;Gabinete do Prefeito;9;210493
Alto Araguaia;2023;Gabinete do Prefeito;10;216711
Alto Araguaia;2023;Gabinete do Prefeito;11;212917
Alto Araguaia;2023;Gabinete do Prefeito;12;335367
Alto Araguaia;2023;Camara Municipal;1;346603
Alto Araguaia;2023;Camara Municipal;2;401402
Alto Araguaia;2023;Camara Municipal;3;418896
Alto Araguaia;2023;Camara Municipal;4;405082
Alto Araguaia;2023;Camara Municipal;5;426365
Alto Araguaia;2023;Camara Municipal;6;437143
Alto Araguaia;2023;Camara Municipal;7;416881
Alto Araguaia;2023;Camara Municipal;8;458369
Alto Araguaia;2023;Camara Municipal;9;415603
Alto Araguaia;2023;Camara Municipal;10;415815
Alto Araguaia;2023;Camara Municipal;11;611374
Alto Araguaia;2023;Camara Municipal;12;960564
Alto Araguaia;2023;Secretaria de Administração;1;344745
Alto Araguaia;2023;Secretaria de Administração;2;703247
Alto Araguaia;2023;Secretaria de Administração;3;531483
Alto Araguaia;2023;Secretaria de Administração;4;508750
Alto Araguaia;2023;Secretaria de Administração;5;503243
Alto Araguaia;2023;Secretaria de Administração;6;531146
Alto Araguaia;2023;Secretaria de Administração;7;835868
Alto Araguaia;2023;Secretaria de Administração;8;563800
Alto Araguaia;2023;Secretaria de Administração;9;522771
Alto Araguaia;2023;Secretaria de Administração;10;620821
Alto Araguaia;2023;Secretaria de Administração;11;554092
Alto Araguaia;2023;Secretaria de Administração;12;248313
Alto Araguaia;2023;Secretaria de Saúde;1;2958585
Alto Araguaia;2023;Secretaria de Saúde;2;3256636
Alto Araguaia;2023;Secretaria de Saúde;3;3765463
Alto Araguaia;2023;Secretaria de Saúde;4;2035259
Alto Araguaia;2023;Secretaria de Saúde;5;2276495
Alto Araguaia;2023;Secretaria de Saúde;6;3684510
Alto Araguaia;2023;Secretaria de Saúde;7;3634376
Alto Araguaia;2023;Secretaria de Saúde;8;5116927
Alto Araguaia;2023;Secretaria de Saúde;9;2002190
Alto Araguaia;2023;Secretaria de Saúde;10;2929215
Alto Araguaia;2023;Secretaria de Saúde;11;3808365
Alto Araguaia;2023;Secretaria de Saúde;12;9953726
Alto Araguaia;2023;Secretaria de Educação;1;1591031
Alto Araguaia;2023;Secretaria de Educação;2;1829691
Alto Araguaia;2023;Secretaria de Educação;3;3642271
Alto Araguaia;2023;Secretaria de Educação;4;3008432
Alto Araguaia;2023;Secretaria de Educação;5;3455197
Alto Araguaia;2023;Secretaria de Educação;6;3014331
Alto Araguaia;2023;Secretaria de Educação;7;3022781
Alto Araguaia;2023;Secretaria de Educação;8;2632197
Alto Araguaia;2023;Secretaria de Educação;9;2740478
Alto Araguaia;2023;Secretaria de Educação;10;2708157
Alto Araguaia;2023;Secretaria de Educação;11;3487337
Alto Araguaia;2023;Secretaria de Educação;12;3180804
Alto Araguaia;2023;Secretaria de Obras;1;102296
Alto Araguaia;2023;Secretaria de Obras;2;223943
Alto Araguaia;2023;Secretaria de Obras;3;625751
Alto Araguaia;2023;Secretaria de Obras;4;717228
Alto Araguaia;2023;Secretaria de Obras;5;406757
Alto Araguaia;2023;Secretaria de Obras;6;307570
Alto Araguaia;2023;Secretaria de Obras;7;639800
Alto Araguaia;2023;Secretaria de Obras;8;119155
Alto Araguaia;2023;Secretaria de Obras;9;109096
Alto Araguaia;2023;Secretaria de Obras;10;116573
Alto Araguaia;2023;Secretaria de Obras;11;1158160
Alto Araguaia;2023;Secretaria de Obras;12;310625
Alto Araguaia;2023;Secretaria de Infra-estrutura e Serviços Urbanos;1;958522
Alto Araguaia;2023;Secretaria de Infra-estrutura e Serviços Urbanos;2;1568592
Alto Araguaia;2023;Secretaria de Infra-estrutura e Serviços Urbanos;3;2247107
Alto Araguaia;2023;Secretaria de Infra-estrutura e Serviços Urbanos;4;1776669
Alto Araguaia;2023;Secretaria de Infra-estrutura e Serviços Urbanos;5;2695381
Alto Araguaia;2023;Secretaria de Infra-estrutura e Serviços Urbanos;6;4528212
Alto Araguaia;2023;Secretaria de Infra-estrutura e Serviços Urbanos;7;2215648
Alto Araguaia;2023;Secretaria de Infra-estrutura e Serviços Urbanos;8;1401023
Alto Araguaia;2023;Secretaria de Infra-estrutura e Serviços Urbanos;9;2269632
Alto Araguaia;2023;Secretaria de Infra-estrutura e Serviços Urbanos;10;2916001
Alto Araguaia;2023;Secretaria de Infra-estrutura e Serviços Urbanos;11;1264341
Alto Araguaia;2023;Secretaria de Infra-estrutura e Serviços Urbanos;12;357710
Alto Araguaia;2023;Secretaria de Finanças e Planejamento;1;649913
Alto Araguaia;2023;Secretaria de Finanças e Planejamento;2;461079
Alto Araguaia;2023;Secretaria de Finanças e Planejamento;3;757652
Alto Araguaia;2023;Secretaria de Finanças e Planejamento;4;564611
Alto Araguaia;2023;Secretaria de Finanças e Planejamento;5;479798
Alto Araguaia;2023;Secretaria de Finanças e Planejamento;6;565296
Alto Araguaia;2023;Secretaria de Finanças e Planejamento;7;615960
Alto Araguaia;2023;Secretaria de Finanças e Planejamento;8;485535
Alto Araguaia;2023;Secretaria de Finanças e Planejamento;9;682149
Alto Araguaia;2023;Secretaria de Finanças e Planejamento;10;888638
Alto Araguaia;2023;Secretaria de Finanças e Planejamento;11;869730
Alto Araguaia;2023;Secretaria de Finanças e Planejamento;12;925464
Alto Araguaia;2023;Secretaria de Cultura, Esporte, Lazer e Turismo;1;83765
Alto Araguaia;2023;Secretaria de Cultura, Esporte, Lazer e Turismo;2;74127
Alto Araguaia;2023;Secretaria de Cultura, Esporte, Lazer e Turismo;3;172527
Alto Araguaia;2023;Secretaria de Cultura, Esporte, Lazer e Turismo;4;100204
Alto Araguaia;2023;Secretaria de Cultura, Esporte, Lazer e Turismo;5;440404
Alto Araguaia;2023;Secretaria de Cultura, Esporte, Lazer e Turismo;6;285795
Alto Araguaia;2023;Secretaria de Cultura, Esporte, Lazer e Turismo;7;91754
Alto Araguaia;2023;Secretaria de Cultura, Esporte, Lazer e Turismo;8;117313
Alto Araguaia;2023;Secretaria de Cultura, Esporte, Lazer e Turismo;9;96474
Alto Araguaia;2023;Secretaria de Cultura, Esporte, Lazer e Turismo;10;154633
Alto Araguaia;2023;Secretaria de Cultura, Esporte, Lazer e Turismo;11;887281
Alto Araguaia;2023;Secretaria de Cultura, Esporte, Lazer e Turismo;12;276560
Alto Araguaia;2023;Secretaria de Assistência e Desenvolvimento Social;1;1102120
Alto Araguaia;2023;Secretaria de Assistência e Desenvolvimento Social;2;1132157
Alto Araguaia;2023;Secretaria de Assistência e Desenvolvimento Social;3;945296
Alto Araguaia;2023;Secretaria de Assistência e Desenvolvimento Social;4;693669
Alto Araguaia;2023;Secretaria de Assistência e Desenvolvimento Social;5;1275483
Alto Araguaia;2023;Secretaria de Assistência e Desenvolvimento Social;6;690965
Alto Araguaia;2023;Secretaria de Assistência e Desenvolvimento Social;7;599993
Alto Araguaia;2023;Secretaria de Assistência e Desenvolvimento Social;8;1382630
Alto Araguaia;2023;Secretaria de Assistência e Desenvolvimento Social;9;717601
Alto Araguaia;2023;Secretaria de Assistência e Desenvolvimento Social;10;589273
Alto Araguaia;2023;Secretaria de Assistência e Desenvolvimento Social;11;1490778
Alto Araguaia;2023;Secretaria de Assistência e Desenvolvimento Social;12;1559580
Alto Araguaia;2023;Secretaria de Indústria, Comércio e Serviços;1;10809
Alto Araguaia;2023;Secretaria de Indústria, Comércio e Serviços;2;10809
Alto Araguaia;2023;Secretaria de Indústria, Comércio e Serviços;3;10809
Alto Araguaia;2023;Secretaria de Indústria, Comércio e Serviços;4;13929
Alto Araguaia;2023;Secretaria de Indústria, Comércio e Serviços;5;10809
Alto Araguaia;2023;Secretaria de Indústria, Comércio e Serviços;6;10809
Alto Araguaia;2023;Secretaria de Indústria, Comércio e Serviços;7;10809
Alto Araguaia;2023;Secretaria de Indústria, Comércio e Serviços;8;10809
Alto Araguaia;2023;Secretaria de Indústria, Comércio e Serviços;9;10809
Alto Araguaia;2023;Secretaria de Indústria, Comércio e Serviços;10;10702
Alto Araguaia;2023;Secretaria de Indústria, Comércio e Serviços;11;11924
Alto Araguaia;2023;Secretaria de Indústria, Comércio e Serviços;12;22808
Alto Araguaia;2023;Secretaria de Transporte e Frotas;1;188890
Alto Araguaia;2023;Secretaria de Transporte e Frotas;2;117200
Alto Araguaia;2023;Secretaria de Transporte e Frotas;3;287308
Alto Araguaia;2023;Secretaria de Transporte e Frotas;4;151738
Alto Araguaia;2023;Secretaria de Transporte e Frotas;5;334698
Alto Araguaia;2023;Secretaria de Transporte e Frotas;6;119496
Alto Araguaia;2023;Secretaria de Transporte e Frotas;7;160246
Alto Araguaia;2023;Secretaria de Transporte e Frotas;8;180518
Alto Araguaia;2023;Secretaria de Transporte e Frotas;9;400841
Alto Araguaia;2023;Secretaria de Transporte e Frotas;10;237111
Alto Araguaia;2023;Secretaria de Transporte e Frotas;11;210540
Alto Araguaia;2023;Secretaria de Transporte e Frotas;12;259870
Alto Araguaia;2023;Previmar - Fundo Municipal de Previdencia Social dos Servidores de Alto Araguaia;1;871023
Alto Araguaia;2023;Previmar - Fundo Municipal de Previdencia Social dos Servidores de Alto Araguaia;2;862810
Alto Araguaia;2023;Previmar - Fundo Municipal de Previdencia Social dos Servidores de Alto Araguaia;3;886611
Alto Araguaia;2023;Previmar - Fundo Municipal de Previdencia Social dos Servidores de Alto Araguaia;4;910497
Alto Araguaia;2023;Previmar - Fundo Municipal de Previdencia Social dos Servidores de Alto Araguaia;5;855659
Alto Araguaia;2023;Previmar - Fundo Municipal de Previdencia Social dos Servidores de Alto Araguaia;6;866637
Alto Araguaia;2023;Previmar - Fundo Municipal de Previdencia Social dos Servidores de Alto Araguaia;7;915867
Alto Araguaia;2023;Previmar - Fundo Municipal de Previdencia Social dos Servidores de Alto Araguaia;8;911793
Alto Araguaia;2023;Previmar - Fundo Municipal de Previdencia Social dos Servidores de Alto Araguaia;9;947662
Alto Araguaia;2023;Previmar - Fundo Municipal de Previdencia Social dos Servidores de Alto Araguaia;10;933506
Alto Araguaia;2023;Previmar - Fundo Municipal de Previdencia Social dos Servidores de Alto Araguaia;11;924584
Alto Araguaia;2023;Previmar - Fundo Municipal de Previdencia Social dos Servidores de Alto Araguaia;12;934975
Alto Araguaia;2023;Secretaria de Meio Ambiente e Desenv. Urbano;1;5125
Alto Araguaia;2023;Secretaria de Meio Ambiente e Desenv. Urbano;2;5125
Alto Araguaia;2023;Secretaria de Meio Ambiente e Desenv. Urbano;3;5125
Alto Araguaia;2023;Secretaria de Meio Ambiente e Desenv. Urbano;4;6276
Alto Araguaia;2023;Secretaria de Meio Ambiente e Desenv. Urbano;5;5125
Alto Araguaia;2023;Secretaria de Meio Ambiente e Desenv. Urbano;6;5125
Alto Araguaia;2023;Secretaria de Meio Ambiente e Desenv. Urbano;7;5125
Alto Araguaia;2023;Secretaria de Meio Ambiente e Desenv. Urbano;8;5361
Alto Araguaia;2023;Secretaria de Meio Ambiente e Desenv. Urbano;9;5125
Alto Araguaia;2023;Secretaria de Meio Ambiente e Desenv. Urbano;10;5125
Alto Araguaia;2023;Secretaria de Meio Ambiente e Desenv. Urbano;11;5125
Alto Araguaia;2023;Secretaria de Meio Ambiente e Desenv. Urbano;12;10249
Alto Araguaia;2023;Secretaria de Agricultura,pecuária e Abastecimento;1;35339
Alto Araguaia;2023;Secretaria de Agricultura,pecuária e Abastecimento;2;72472
Alto Araguaia;2023;Secretaria de Agricultura,pecuária e Abastecimento;3;71359
Alto Araguaia;2023;Secretaria de Agricultura,pecuária e Abastecimento;4;35034
Alto Araguaia;2023;Secretaria de Agricultura,pecuária e Abastecimento;5;1058265
Alto Araguaia;2023;Secretaria de Agricultura,pecuária e Abastecimento;6;60190
Alto Araguaia;2023;Secretaria de Agricultura,pecuária e Abastecimento;7;35538
Alto Araguaia;2023;Secretaria de Agricultura,pecuária e Abastecimento;8;38160
Alto Araguaia;2023;Secretaria de Agricultura,pecuária e Abastecimento;9;36068
Alto Araguaia;2023;Secretaria de Agricultura,pecuária e Abastecimento;10;41912
Alto Araguaia;2023;Secretaria de Agricultura,pecuária e Abastecimento;11;38047
Alto Araguaia;2023;Secretaria de Agricultura,pecuária e Abastecimento;12;39891
Alto Araguaia;2024;Gabinete do Prefeito;1;228535
Alto Araguaia;2024;Gabinete do Prefeito;2;203096
Alto Araguaia;2024;Gabinete do Prefeito;3;240949
Alto Araguaia;2024;Gabinete do Prefeito;4;224260
Alto Araguaia;2024;Gabinete do Prefeito;5;214841
Alto Araguaia;2024;Gabinete do Prefeito;6;211249
Alto Araguaia;2024;Gabinete do Prefeito;7;218577
Alto Araguaia;2024;Gabinete do Prefeito;8;232015
Alto Araguaia;2024;Gabinete do Prefeito;9;228105
Alto Araguaia;2024;Gabinete do Prefeito;10;217572
Alto Araguaia;2024;Gabinete do Prefeito;11;217147
Alto Araguaia;2024;Gabinete do Prefeito;12;368016
Alto Araguaia;2024;Camara Municipal;1;353733
Alto Araguaia;2024;Camara Municipal;2;441811
Alto Araguaia;2024;Camara Municipal;3;463859
Alto Araguaia;2024;Camara Municipal;4;455521
Alto Araguaia;2024;Camara Municipal;5;469488
Alto Araguaia;2024;Camara Municipal;6;565380
Alto Araguaia;2024;Camara Municipal;7;480132
Alto Araguaia;2024;Camara Municipal;8;440587
Alto Araguaia;2024;Camara Municipal;9;490685
Alto Araguaia;2024;Camara Municipal;10;630630
Alto Araguaia;2024;Camara Municipal;11;481932
Alto Araguaia;2024;Camara Municipal;12;869973
Alto Araguaia;2024;Secretaria de Administração;1;1080810
Alto Araguaia;2024;Secretaria de Administração;2;615487
Alto Araguaia;2024;Secretaria de Administração;3;706400
Alto Araguaia;2024;Secretaria de Administração;4;589141
Alto Araguaia;2024;Secretaria de Administração;5;697289
Alto Araguaia;2024;Secretaria de Administração;6;679140
Alto Araguaia;2024;Secretaria de Administração;7;585027
Alto Araguaia;2024;Secretaria de Administração;8;639798
Alto Araguaia;2024;Secretaria de Administração;9;661360
Alto Araguaia;2024;Secretaria de Administração;10;606759
Alto Araguaia;2024;Secretaria de Administração;11;449968
Alto Araguaia;2024;Secretaria de Administração;12;1074484
Alto Araguaia;2024;Secretaria de Saúde;1;3003913
Alto Araguaia;2024;Secretaria de Saúde;2;3742682
Alto Araguaia;2024;Secretaria de Saúde;3;2961800
Alto Araguaia;2024;Secretaria de Saúde;4;4021908
Alto Araguaia;2024;Secretaria de Saúde;5;2632782
Alto Araguaia;2024;Secretaria de Saúde;6;4517818
Alto Araguaia;2024;Secretaria de Saúde;7;8293333
Alto Araguaia;2024;Secretaria de Saúde;8;5899119
Alto Araguaia;2024;Secretaria de Saúde;9;2997660
Alto Araguaia;2024;Secretaria de Saúde;10;2305486
Alto Araguaia;2024;Secretaria de Saúde;11;2287365
Alto Araguaia;2024;Secretaria de Saúde;12;7379292
Alto Araguaia;2024;Secretaria de Educação;1;2401437
Alto Araguaia;2024;Secretaria de Educação;2;2479967
Alto Araguaia;2024;Secretaria de Educação;3;3488723
Alto Araguaia;2024;Secretaria de Educação;4;3641451
Alto Araguaia;2024;Secretaria de Educação;5;3153099
Alto Araguaia;2024;Secretaria de Educação;6;3308911
Alto Araguaia;2024;Secretaria de Educação;7;3532051
Alto Araguaia;2024;Secretaria de Educação;8;2885211
Alto Araguaia;2024;Secretaria de Educação;9;3244741
Alto Araguaia;2024;Secretaria de Educação;10;3332776
Alto Araguaia;2024;Secretaria de Educação;11;2995464
Alto Araguaia;2024;Secretaria de Educação;12;5132362
Alto Araguaia;2024;Secretaria de Obras;1;272121
Alto Araguaia;2024;Secretaria de Obras;2;510600
Alto Araguaia;2024;Secretaria de Obras;3;157658
Alto Araguaia;2024;Secretaria de Obras;4;145165
Alto Araguaia;2024;Secretaria de Obras;5;82151
Alto Araguaia;2024;Secretaria de Obras;6;839219
Alto Araguaia;2024;Secretaria de Obras;7;600004
Alto Araguaia;2024;Secretaria de Obras;8;321643
Alto Araguaia;2024;Secretaria de Obras;9;240489
Alto Araguaia;2024;Secretaria de Obras;10;211355
Alto Araguaia;2024;Secretaria de Obras;11;131541
Alto Araguaia;2024;Secretaria de Obras;12;1511944
Alto Araguaia;2024;Secretaria de Infra-estrutura e Serviços Urbanos;1;1490243
Alto Araguaia;2024;Secretaria de Infra-estrutura e Serviços Urbanos;2;1959519
Alto Araguaia;2024;Secretaria de Infra-estrutura e Serviços Urbanos;3;861380
Alto Araguaia;2024;Secretaria de Infra-estrutura e Serviços Urbanos;4;812925
Alto Araguaia;2024;Secretaria de Infra-estrutura e Serviços Urbanos;5;892472
Alto Araguaia;2024;Secretaria de Infra-estrutura e Serviços Urbanos;6;1147506
Alto Araguaia;2024;Secretaria de Infra-estrutura e Serviços Urbanos;7;4034975
Alto Araguaia;2024;Secretaria de Infra-estrutura e Serviços Urbanos;8;1906751
Alto Araguaia;2024;Secretaria de Infra-estrutura e Serviços Urbanos;9;1035066
Alto Araguaia;2024;Secretaria de Infra-estrutura e Serviços Urbanos;10;1027857
Alto Araguaia;2024;Secretaria de Infra-estrutura e Serviços Urbanos;11;831450
Alto Araguaia;2024;Secretaria de Infra-estrutura e Serviços Urbanos;12;1220327
Alto Araguaia;2024;Secretaria de Finanças e Planejamento;1;1084804
Alto Araguaia;2024;Secretaria de Finanças e Planejamento;2;746598
Alto Araguaia;2024;Secretaria de Finanças e Planejamento;3;988644
Alto Araguaia;2024;Secretaria de Finanças e Planejamento;4;1006800
Alto Araguaia;2024;Secretaria de Finanças e Planejamento;5;1068748
Alto Araguaia;2024;Secretaria de Finanças e Planejamento;6;772493
Alto Araguaia;2024;Secretaria de Finanças e Planejamento;7;2946824
Alto Araguaia;2024;Secretaria de Finanças e Planejamento;8;1062626
Alto Araguaia;2024;Secretaria de Finanças e Planejamento;9;732429
Alto Araguaia;2024;Secretaria de Finanças e Planejamento;10;824106
Alto Araguaia;2024;Secretaria de Finanças e Planejamento;11;846918
Alto Araguaia;2024;Secretaria de Finanças e Planejamento;12;1903881
Alto Araguaia;2024;Secretaria de Cultura, Esporte, Lazer e Turismo;1;296388
Alto Araguaia;2024;Secretaria de Cultura, Esporte, Lazer e Turismo;2;76954
Alto Araguaia;2024;Secretaria de Cultura, Esporte, Lazer e Turismo;3;96435
Alto Araguaia;2024;Secretaria de Cultura, Esporte, Lazer e Turismo;4;111168
Alto Araguaia;2024;Secretaria de Cultura, Esporte, Lazer e Turismo;5;900847
Alto Araguaia;2024;Secretaria de Cultura, Esporte, Lazer e Turismo;6;116630
Alto Araguaia;2024;Secretaria de Cultura, Esporte, Lazer e Turismo;7;83279
Alto Araguaia;2024;Secretaria de Cultura, Esporte, Lazer e Turismo;8;128083
Alto Araguaia;2024;Secretaria de Cultura, Esporte, Lazer e Turismo;9;70678
Alto Araguaia;2024;Secretaria de Cultura, Esporte, Lazer e Turismo;10;82510
Alto Araguaia;2024;Secretaria de Cultura, Esporte, Lazer e Turismo;11;83720
Alto Araguaia;2024;Secretaria de Cultura, Esporte, Lazer e Turismo;12;415623
Alto Araguaia;2024;Secretaria de Assistência e Desenvolvimento Social;1;1034262
Alto Araguaia;2024;Secretaria de Assistência e Desenvolvimento Social;2;970043
Alto Araguaia;2024;Secretaria de Assistência e Desenvolvimento Social;3;962076
Alto Araguaia;2024;Secretaria de Assistência e Desenvolvimento Social;4;921475
Alto Araguaia;2024;Secretaria de Assistência e Desenvolvimento Social;5;864828
Alto Araguaia;2024;Secretaria de Assistência e Desenvolvimento Social;6;639945
Alto Araguaia;2024;Secretaria de Assistência e Desenvolvimento Social;7;1470929
Alto Araguaia;2024;Secretaria de Assistência e Desenvolvimento Social;8;706341
Alto Araguaia;2024;Secretaria de Assistência e Desenvolvimento Social;9;772544
Alto Araguaia;2024;Secretaria de Assistência e Desenvolvimento Social;10;750908
Alto Araguaia;2024;Secretaria de Assistência e Desenvolvimento Social;11;739698
Alto Araguaia;2024;Secretaria de Assistência e Desenvolvimento Social;12;929097
Alto Araguaia;2024;Secretaria de Indústria, Comércio e Serviços;1;10841
Alto Araguaia;2024;Secretaria de Indústria, Comércio e Serviços;2;14301
Alto Araguaia;2024;Secretaria de Indústria, Comércio e Serviços;3;14361
Alto Araguaia;2024;Secretaria de Indústria, Comércio e Serviços;4;15298
Alto Araguaia;2024;Secretaria de Indústria, Comércio e Serviços;5;13924
Alto Araguaia;2024;Secretaria de Indústria, Comércio e Serviços;6;15525
Alto Araguaia;2024;Secretaria de Indústria, Comércio e Serviços;7;14611
Alto Araguaia;2024;Secretaria de Indústria, Comércio e Serviços;8;14611
Alto Araguaia;2024;Secretaria de Indústria, Comércio e Serviços;9;14611
Alto Araguaia;2024;Secretaria de Indústria, Comércio e Serviços;10;25879
Alto Araguaia;2024;Secretaria de Indústria, Comércio e Serviços;11;11288
Alto Araguaia;2024;Secretaria de Indústria, Comércio e Serviços;12;25586
Alto Araguaia;2024;Secretaria de Transporte e Frotas;1;230310
Alto Araguaia;2024;Secretaria de Transporte e Frotas;2;239290
Alto Araguaia;2024;Secretaria de Transporte e Frotas;3;226130
Alto Araguaia;2024;Secretaria de Transporte e Frotas;4;257961
Alto Araguaia;2024;Secretaria de Transporte e Frotas;5;237908
Alto Araguaia;2024;Secretaria de Transporte e Frotas;6;208870
Alto Araguaia;2024;Secretaria de Transporte e Frotas;7;235044
Alto Araguaia;2024;Secretaria de Transporte e Frotas;8;136966
Alto Araguaia;2024;Secretaria de Transporte e Frotas;9;325039
Alto Araguaia;2024;Secretaria de Transporte e Frotas;10;354941
Alto Araguaia;2024;Secretaria de Transporte e Frotas;11;221095
Alto Araguaia;2024;Secretaria de Transporte e Frotas;12;382477
Alto Araguaia;2024;Previmar - Fundo Municipal de Previdencia Social dos Servidores de Alto Araguaia;1;983141
Alto Araguaia;2024;Previmar - Fundo Municipal de Previdencia Social dos Servidores de Alto Araguaia;2;930540
Alto Araguaia;2024;Previmar - Fundo Municipal de Previdencia Social dos Servidores de Alto Araguaia;3;959474
Alto Araguaia;2024;Previmar - Fundo Municipal de Previdencia Social dos Servidores de Alto Araguaia;4;982359
Alto Araguaia;2024;Previmar - Fundo Municipal de Previdencia Social dos Servidores de Alto Araguaia;5;934433
Alto Araguaia;2024;Previmar - Fundo Municipal de Previdencia Social dos Servidores de Alto Araguaia;6;928847
Alto Araguaia;2024;Previmar - Fundo Municipal de Previdencia Social dos Servidores de Alto Araguaia;7;986972
Alto Araguaia;2024;Previmar - Fundo Municipal de Previdencia Social dos Servidores de Alto Araguaia;8;991587
Alto Araguaia;2024;Previmar - Fundo Municipal de Previdencia Social dos Servidores de Alto Araguaia;9;1000018
Alto Araguaia;2024;Previmar - Fundo Municipal de Previdencia Social dos Servidores de Alto Araguaia;10;989690
Alto Araguaia;2024;Previmar - Fundo Municipal de Previdencia Social dos Servidores de Alto Araguaia;11;987251
Alto Araguaia;2024;Previmar - Fundo Municipal de Previdencia Social dos Servidores de Alto Araguaia;12;1073099
Alto Araguaia;2024;Secretaria de Meio Ambiente e Desenv. Urbano;1;6383
Alto Araguaia;2024;Secretaria de Meio Ambiente e Desenv. Urbano;2;6383
Alto Araguaia;2024;Secretaria de Meio Ambiente e Desenv. Urbano;3;4788
Alto Araguaia;2024;Secretaria de Meio Ambiente e Desenv. Urbano;4;5835
Alto Araguaia;2024;Secretaria de Meio Ambiente e Desenv. Urbano;5;4260
Alto Araguaia;2024;Secretaria de Meio Ambiente e Desenv. Urbano;6;4788
Alto Araguaia;2024;Secretaria de Meio Ambiente e Desenv. Urbano;7;4788
Alto Araguaia;2024;Secretaria de Meio Ambiente e Desenv. Urbano;8;8312
Alto Araguaia;2024;Secretaria de Meio Ambiente e Desenv. Urbano;9;11006
Alto Araguaia;2024;Secretaria de Meio Ambiente e Desenv. Urbano;10;11006
Alto Araguaia;2024;Secretaria de Meio Ambiente e Desenv. Urbano;11;19980
Alto Araguaia;2024;Secretaria de Meio Ambiente e Desenv. Urbano;12;8810
Alto Araguaia;2024;Secretaria de Agricultura,pecuária e Abastecimento;1;79274
Alto Araguaia;2024;Secretaria de Agricultura,pecuária e Abastecimento;2;34745
Alto Araguaia;2024;Secretaria de Agricultura,pecuária e Abastecimento;3;38598
Alto Araguaia;2024;Secretaria de Agricultura,pecuária e Abastecimento;4;47461
Alto Araguaia;2024;Secretaria de Agricultura,pecuária e Abastecimento;5;32573
Alto Araguaia;2024;Secretaria de Agricultura,pecuária e Abastecimento;6;36306
Alto Araguaia;2024;Secretaria de Agricultura,pecuária e Abastecimento;7;34871
Alto Araguaia;2024;Secretaria de Agricultura,pecuária e Abastecimento;8;37745
Alto Araguaia;2024;Secretaria de Agricultura,pecuária e Abastecimento;9;34940
Alto Araguaia;2024;Secretaria de Agricultura,pecuária e Abastecimento;10;64983
Alto Araguaia;2024;Secretaria de Agricultura,pecuária e Abastecimento;11;43083
Alto Araguaia;2024;Secretaria de Agricultura,pecuária e Abastecimento;12;135076
Alto Araguaia;2025;Gabinete do Prefeito;1;215682
Alto Araguaia;2025;Gabinete do Prefeito;2;246427
Alto Araguaia;2025;Gabinete do Prefeito;3;225672
Alto Araguaia;2025;Gabinete do Prefeito;4;209440
Alto Araguaia;2025;Gabinete do Prefeito;5;218325
Alto Araguaia;2025;Gabinete do Prefeito;6;211512
Alto Araguaia;2025;Gabinete do Prefeito;7;214231
Alto Araguaia;2025;Gabinete do Prefeito;8;206820
Alto Araguaia;2025;Gabinete do Prefeito;9;229380
Alto Araguaia;2025;Gabinete do Prefeito;10;221683
Alto Araguaia;2025;Gabinete do Prefeito;11;231363
Alto Araguaia;2025;Gabinete do Prefeito;12;406168
Alto Araguaia;2025;Camara Municipal;1;394988
Alto Araguaia;2025;Camara Municipal;2;497652
Alto Araguaia;2025;Camara Municipal;3;450185
Alto Araguaia;2025;Camara Municipal;4;450266
Alto Araguaia;2025;Camara Municipal;5;436859
Alto Araguaia;2025;Camara Municipal;6;514472
Alto Araguaia;2025;Camara Municipal;7;458419
Alto Araguaia;2025;Camara Municipal;8;520629
Alto Araguaia;2025;Camara Municipal;9;507629
Alto Araguaia;2025;Camara Municipal;10;511973
Alto Araguaia;2025;Camara Municipal;11;603144
Alto Araguaia;2025;Camara Municipal;12;879739
Alto Araguaia;2025;Secretaria de Administração;1;375138
Alto Araguaia;2025;Secretaria de Administração;2;471777
Alto Araguaia;2025;Secretaria de Administração;3;648067
Alto Araguaia;2025;Secretaria de Administração;4;471455
Alto Araguaia;2025;Secretaria de Administração;5;581969
Alto Araguaia;2025;Secretaria de Administração;6;745907
Alto Araguaia;2025;Secretaria de Administração;7;566924
Alto Araguaia;2025;Secretaria de Administração;8;542509
Alto Araguaia;2025;Secretaria de Administração;9;512736
Alto Araguaia;2025;Secretaria de Administração;10;761016
Alto Araguaia;2025;Secretaria de Administração;11;589589
Alto Araguaia;2025;Secretaria de Administração;12;1097868
Alto Araguaia;2025;Secretaria de Saúde;1;2355391
Alto Araguaia;2025;Secretaria de Saúde;2;3021596
Alto Araguaia;2025;Secretaria de Saúde;3;2251085
Alto Araguaia;2025;Secretaria de Saúde;4;8336786
Alto Araguaia;2025;Secretaria de Saúde;5;2966756
Alto Araguaia;2025;Secretaria de Saúde;6;4418088
Alto Araguaia;2025;Secretaria de Saúde;7;2585169
Alto Araguaia;2025;Secretaria de Saúde;8;4249850
Alto Araguaia;2025;Secretaria de Saúde;9;2590395
Alto Araguaia;2025;Secretaria de Saúde;10;2485446
Alto Araguaia;2025;Secretaria de Saúde;11;2775276
Alto Araguaia;2025;Secretaria de Saúde;12;7177328
Alto Araguaia;2025;Secretaria de Educação;1;1965975
Alto Araguaia;2025;Secretaria de Educação;2;2228562
Alto Araguaia;2025;Secretaria de Educação;3;2509644
Alto Araguaia;2025;Secretaria de Educação;4;2923217
Alto Araguaia;2025;Secretaria de Educação;5;3368463
Alto Araguaia;2025;Secretaria de Educação;6;2968717
Alto Araguaia;2025;Secretaria de Educação;7;2891599
Alto Araguaia;2025;Secretaria de Educação;8;2800390
Alto Araguaia;2025;Secretaria de Educação;9;2742643
Alto Araguaia;2025;Secretaria de Educação;10;2810886
Alto Araguaia;2025;Secretaria de Educação;11;3583351
Alto Araguaia;2025;Secretaria de Educação;12;5534933
Alto Araguaia;2025;Secretaria de Obras;1;135917
Alto Araguaia;2025;Secretaria de Obras;2;149781
Alto Araguaia;2025;Secretaria de Obras;3;167355
Alto Araguaia;2025;Secretaria de Obras;4;190742
Alto Araguaia;2025;Secretaria de Obras;5;185412
Alto Araguaia;2025;Secretaria de Obras;6;190263
Alto Araguaia;2025;Secretaria de Obras;7;152509
Alto Araguaia;2025;Secretaria de Obras;8;201004
Alto Araguaia;2025;Secretaria de Obras;9;185998
Alto Araguaia;2025;Secretaria de Obras;10;166698
Alto Araguaia;2025;Secretaria de Obras;11;199157
Alto Araguaia;2025;Secretaria de Obras;12;364186
Alto Araguaia;2025;Secretaria de Infra-estrutura e Serviços Urbanos;1;676943
Alto Araguaia;2025;Secretaria de Infra-estrutura e Serviços Urbanos;2;687201
Alto Araguaia;2025;Secretaria de Infra-estrutura e Serviços Urbanos;3;688733
Alto Araguaia;2025;Secretaria de Infra-estrutura e Serviços Urbanos;4;738549
Alto Araguaia;2025;Secretaria de Infra-estrutura e Serviços Urbanos;5;755302
Alto Araguaia;2025;Secretaria de Infra-estrutura e Serviços Urbanos;6;701310
Alto Araguaia;2025;Secretaria de Infra-estrutura e Serviços Urbanos;7;708567
Alto Araguaia;2025;Secretaria de Infra-estrutura e Serviços Urbanos;8;774595
Alto Araguaia;2025;Secretaria de Infra-estrutura e Serviços Urbanos;9;839144
Alto Araguaia;2025;Secretaria de Infra-estrutura e Serviços Urbanos;10;744011
Alto Araguaia;2025;Secretaria de Infra-estrutura e Serviços Urbanos;11;954456
Alto Araguaia;2025;Secretaria de Infra-estrutura e Serviços Urbanos;12;1194657
Alto Araguaia;2025;Secretaria de Finanças e Planejamento;1;703363
Alto Araguaia;2025;Secretaria de Finanças e Planejamento;2;913224
Alto Araguaia;2025;Secretaria de Finanças e Planejamento;3;665149
Alto Araguaia;2025;Secretaria de Finanças e Planejamento;4;680684
Alto Araguaia;2025;Secretaria de Finanças e Planejamento;5;777437
Alto Araguaia;2025;Secretaria de Finanças e Planejamento;6;852137
Alto Araguaia;2025;Secretaria de Finanças e Planejamento;7;863751
Alto Araguaia;2025;Secretaria de Finanças e Planejamento;8;1179712
Alto Araguaia;2025;Secretaria de Finanças e Planejamento;9;829430
Alto Araguaia;2025;Secretaria de Finanças e Planejamento;10;780993
Alto Araguaia;2025;Secretaria de Finanças e Planejamento;11;777159
Alto Araguaia;2025;Secretaria de Finanças e Planejamento;12;1005587
Alto Araguaia;2025;Secretaria de Cultura, Esporte, Lazer e Turismo;1;105725
Alto Araguaia;2025;Secretaria de Cultura, Esporte, Lazer e Turismo;2;119629
Alto Araguaia;2025;Secretaria de Cultura, Esporte, Lazer e Turismo;3;104437
Alto Araguaia;2025;Secretaria de Cultura, Esporte, Lazer e Turismo;4;85795
Alto Araguaia;2025;Secretaria de Cultura, Esporte, Lazer e Turismo;5;99973
Alto Araguaia;2025;Secretaria de Cultura, Esporte, Lazer e Turismo;6;102535
Alto Araguaia;2025;Secretaria de Cultura, Esporte, Lazer e Turismo;7;113992
Alto Araguaia;2025;Secretaria de Cultura, Esporte, Lazer e Turismo;8;101644
Alto Araguaia;2025;Secretaria de Cultura, Esporte, Lazer e Turismo;9;105047
Alto Araguaia;2025;Secretaria de Cultura, Esporte, Lazer e Turismo;10;177625
Alto Araguaia;2025;Secretaria de Cultura, Esporte, Lazer e Turismo;11;210222
Alto Araguaia;2025;Secretaria de Cultura, Esporte, Lazer e Turismo;12;181435
Alto Araguaia;2025;Secretaria de Assistência e Desenvolvimento Social;1;463650
Alto Araguaia;2025;Secretaria de Assistência e Desenvolvimento Social;2;557993
Alto Araguaia;2025;Secretaria de Assistência e Desenvolvimento Social;3;597791
Alto Araguaia;2025;Secretaria de Assistência e Desenvolvimento Social;4;557730
Alto Araguaia;2025;Secretaria de Assistência e Desenvolvimento Social;5;683185
Alto Araguaia;2025;Secretaria de Assistência e Desenvolvimento Social;6;583777
Alto Araguaia;2025;Secretaria de Assistência e Desenvolvimento Social;7;543398
Alto Araguaia;2025;Secretaria de Assistência e Desenvolvimento Social;8;517889
Alto Araguaia;2025;Secretaria de Assistência e Desenvolvimento Social;9;576161
Alto Araguaia;2025;Secretaria de Assistência e Desenvolvimento Social;10;658984
Alto Araguaia;2025;Secretaria de Assistência e Desenvolvimento Social;11;558845
Alto Araguaia;2025;Secretaria de Assistência e Desenvolvimento Social;12;1001292
Alto Araguaia;2025;Secretaria de Indústria, Comércio e Serviços;1;10726
Alto Araguaia;2025;Secretaria de Indústria, Comércio e Serviços;2;12513
Alto Araguaia;2025;Secretaria de Indústria, Comércio e Serviços;3;12737
Alto Araguaia;2025;Secretaria de Indústria, Comércio e Serviços;4;25182
Alto Araguaia;2025;Secretaria de Indústria, Comércio e Serviços;5;28310
Alto Araguaia;2025;Secretaria de Indústria, Comércio e Serviços;6;42199
Alto Araguaia;2025;Secretaria de Indústria, Comércio e Serviços;7;24317
Alto Araguaia;2025;Secretaria de Indústria, Comércio e Serviços;8;25517
Alto Araguaia;2025;Secretaria de Indústria, Comércio e Serviços;9;25902
Alto Araguaia;2025;Secretaria de Indústria, Comércio e Serviços;10;26357
Alto Araguaia;2025;Secretaria de Indústria, Comércio e Serviços;11;25846
Alto Araguaia;2025;Secretaria de Indústria, Comércio e Serviços;12;49703
Alto Araguaia;2025;Secretaria de Transporte e Frotas;1;176876
Alto Araguaia;2025;Secretaria de Transporte e Frotas;2;295858
Alto Araguaia;2025;Secretaria de Transporte e Frotas;3;336796
Alto Araguaia;2025;Secretaria de Transporte e Frotas;4;91592
Alto Araguaia;2025;Secretaria de Transporte e Frotas;5;144441
Alto Araguaia;2025;Secretaria de Transporte e Frotas;6;115167
Alto Araguaia;2025;Secretaria de Transporte e Frotas;7;148552
Alto Araguaia;2025;Secretaria de Transporte e Frotas;8;251667
Alto Araguaia;2025;Secretaria de Transporte e Frotas;9;111642
Alto Araguaia;2025;Secretaria de Transporte e Frotas;10;102951
Alto Araguaia;2025;Secretaria de Transporte e Frotas;11;136283
Alto Araguaia;2025;Secretaria de Transporte e Frotas;12;187398
Alto Araguaia;2025;Previmar - Fundo Municipal de Previdencia Social dos Servidores de Alto Araguaia;1;1306690
Alto Araguaia;2025;Previmar - Fundo Municipal de Previdencia Social dos Servidores de Alto Araguaia;2;1002072
Alto Araguaia;2025;Previmar - Fundo Municipal de Previdencia Social dos Servidores de Alto Araguaia;3;1100942
Alto Araguaia;2025;Previmar - Fundo Municipal de Previdencia Social dos Servidores de Alto Araguaia;4;1149862
Alto Araguaia;2025;Previmar - Fundo Municipal de Previdencia Social dos Servidores de Alto Araguaia;5;1113275
Alto Araguaia;2025;Previmar - Fundo Municipal de Previdencia Social dos Servidores de Alto Araguaia;6;1117289
Alto Araguaia;2025;Previmar - Fundo Municipal de Previdencia Social dos Servidores de Alto Araguaia;7;1139796
Alto Araguaia;2025;Previmar - Fundo Municipal de Previdencia Social dos Servidores de Alto Araguaia;8;1119945
Alto Araguaia;2025;Previmar - Fundo Municipal de Previdencia Social dos Servidores de Alto Araguaia;9;1184309
Alto Araguaia;2025;Previmar - Fundo Municipal de Previdencia Social dos Servidores de Alto Araguaia;10;1156557
Alto Araguaia;2025;Previmar - Fundo Municipal de Previdencia Social dos Servidores de Alto Araguaia;11;1150701
Alto Araguaia;2025;Previmar - Fundo Municipal de Previdencia Social dos Servidores de Alto Araguaia;12;1270144
Alto Araguaia;2025;Secretaria de Meio Ambiente e Desenv. Urbano;1;10694
Alto Araguaia;2025;Secretaria de Meio Ambiente e Desenv. Urbano;2;13018
Alto Araguaia;2025;Secretaria de Meio Ambiente e Desenv. Urbano;3;13326
Alto Araguaia;2025;Secretaria de Meio Ambiente e Desenv. Urbano;4;11722
Alto Araguaia;2025;Secretaria de Meio Ambiente e Desenv. Urbano;5;12065
Alto Araguaia;2025;Secretaria de Meio Ambiente e Desenv. Urbano;6;13148
Alto Araguaia;2025;Secretaria de Meio Ambiente e Desenv. Urbano;7;12607
Alto Araguaia;2025;Secretaria de Meio Ambiente e Desenv. Urbano;8;13439
Alto Araguaia;2025;Secretaria de Meio Ambiente e Desenv. Urbano;9;12190
Alto Araguaia;2025;Secretaria de Meio Ambiente e Desenv. Urbano;10;12578
Alto Araguaia;2025;Secretaria de Meio Ambiente e Desenv. Urbano;11;13259
Alto Araguaia;2025;Secretaria de Meio Ambiente e Desenv. Urbano;12;28209
Alto Araguaia;2025;Secretaria de Agricultura,pecuária e Abastecimento;1;33503
Alto Araguaia;2025;Secretaria de Agricultura,pecuária e Abastecimento;2;32951
Alto Araguaia;2025;Secretaria de Agricultura,pecuária e Abastecimento;3;37916
Alto Araguaia;2025;Secretaria de Agricultura,pecuária e Abastecimento;4;33197
Alto Araguaia;2025;Secretaria de Agricultura,pecuária e Abastecimento;5;34956
Alto Araguaia;2025;Secretaria de Agricultura,pecuária e Abastecimento;6;39918
Alto Araguaia;2025;Secretaria de Agricultura,pecuária e Abastecimento;7;42476
Alto Araguaia;2025;Secretaria de Agricultura,pecuária e Abastecimento;8;30816
Alto Araguaia;2025;Secretaria de Agricultura,pecuária e Abastecimento;9;42622
Alto Araguaia;2025;Secretaria de Agricultura,pecuária e Abastecimento;10;28155
Alto Araguaia;2025;Secretaria de Agricultura,pecuária e Abastecimento;11;36410
Alto Araguaia;2025;Secretaria de Agricultura,pecuária e Abastecimento;12;72547
Alto Araguaia;2026;Gabinete do Prefeito;1;265176
Alto Araguaia;2026;Gabinete do Prefeito;2;253978
Alto Araguaia;2026;Gabinete do Prefeito;3;247722
Alto Araguaia;2026;Gabinete do Prefeito;4;252615
Alto Araguaia;2026;Gabinete do Prefeito;5;252667
Alto Araguaia;2026;Gabinete do Prefeito;6;267821
Alto Araguaia;2026;Gabinete do Prefeito;7;277814
Alto Araguaia;2026;Camara Municipal;1;451289
Alto Araguaia;2026;Camara Municipal;2;530693
Alto Araguaia;2026;Camara Municipal;3;528424
Alto Araguaia;2026;Camara Municipal;4;514595
Alto Araguaia;2026;Camara Municipal;5;499265
Alto Araguaia;2026;Camara Municipal;6;514380
Alto Araguaia;2026;Camara Municipal;7;512316
Alto Araguaia;2026;Secretaria de Administração;1;503092
Alto Araguaia;2026;Secretaria de Administração;2;435742
Alto Araguaia;2026;Secretaria de Administração;3;609439
Alto Araguaia;2026;Secretaria de Administração;4;461161
Alto Araguaia;2026;Secretaria de Administração;5;438312
Alto Araguaia;2026;Secretaria de Administração;6;489138
Alto Araguaia;2026;Secretaria de Administração;7;452453
Alto Araguaia;2026;Secretaria de Saúde;1;2433211
Alto Araguaia;2026;Secretaria de Saúde;2;3207236
Alto Araguaia;2026;Secretaria de Saúde;3;3139591
Alto Araguaia;2026;Secretaria de Saúde;4;3173183
Alto Araguaia;2026;Secretaria de Saúde;5;3356432
Alto Araguaia;2026;Secretaria de Saúde;6;3440120
Alto Araguaia;2026;Secretaria de Saúde;7;3657364
Alto Araguaia;2026;Secretaria de Educação e Cultura;1;2134521
Alto Araguaia;2026;Secretaria de Educação e Cultura;2;1974223
Alto Araguaia;2026;Secretaria de Educação e Cultura;3;2943072
Alto Araguaia;2026;Secretaria de Educação e Cultura;4;2793991
Alto Araguaia;2026;Secretaria de Educação e Cultura;5;2949210
Alto Araguaia;2026;Secretaria de Educação e Cultura;6;2608817
Alto Araguaia;2026;Secretaria de Educação e Cultura;7;3045533
Alto Araguaia;2026;Secretaria de Obras;1;141155
Alto Araguaia;2026;Secretaria de Obras;2;153612
Alto Araguaia;2026;Secretaria de Obras;3;230122
Alto Araguaia;2026;Secretaria de Obras;4;256989
Alto Araguaia;2026;Secretaria de Obras;5;188080
Alto Araguaia;2026;Secretaria de Obras;6;167245
Alto Araguaia;2026;Secretaria de Obras;7;165506
Alto Araguaia;2026;Secretaria de Infra-estrutura e Serviços Urbanos;1;635755
Alto Araguaia;2026;Secretaria de Infra-estrutura e Serviços Urbanos;2;936877
Alto Araguaia;2026;Secretaria de Infra-estrutura e Serviços Urbanos;3;918347
Alto Araguaia;2026;Secretaria de Infra-estrutura e Serviços Urbanos;4;870395
Alto Araguaia;2026;Secretaria de Infra-estrutura e Serviços Urbanos;5;1030327
Alto Araguaia;2026;Secretaria de Infra-estrutura e Serviços Urbanos;6;968730
Alto Araguaia;2026;Secretaria de Infra-estrutura e Serviços Urbanos;7;964923
Alto Araguaia;2026;Secretaria de Finanças e Planejamento;1;699496
Alto Araguaia;2026;Secretaria de Finanças e Planejamento;2;1269818
Alto Araguaia;2026;Secretaria de Finanças e Planejamento;3;1916468
Alto Araguaia;2026;Secretaria de Finanças e Planejamento;4;838964
Alto Araguaia;2026;Secretaria de Finanças e Planejamento;5;1451019
Alto Araguaia;2026;Secretaria de Finanças e Planejamento;6;858356
Alto Araguaia;2026;Secretaria de Finanças e Planejamento;7;895877
Alto Araguaia;2026;Secretaria de Assistência e Desenvolvimento Social;1;485813
Alto Araguaia;2026;Secretaria de Assistência e Desenvolvimento Social;2;527962
Alto Araguaia;2026;Secretaria de Assistência e Desenvolvimento Social;3;587644
Alto Araguaia;2026;Secretaria de Assistência e Desenvolvimento Social;4;742676
Alto Araguaia;2026;Secretaria de Assistência e Desenvolvimento Social;5;689734
Alto Araguaia;2026;Secretaria de Assistência e Desenvolvimento Social;6;624423
Alto Araguaia;2026;Secretaria de Assistência e Desenvolvimento Social;7;739219
Alto Araguaia;2026;Secretaria de Transporte e Frotas;1;100466
Alto Araguaia;2026;Secretaria de Transporte e Frotas;2;105657
Alto Araguaia;2026;Secretaria de Transporte e Frotas;3;103053
Alto Araguaia;2026;Secretaria de Transporte e Frotas;4;117473
Alto Araguaia;2026;Secretaria de Transporte e Frotas;5;122167
Alto Araguaia;2026;Secretaria de Transporte e Frotas;6;124177
Alto Araguaia;2026;Secretaria de Transporte e Frotas;7;113508
Alto Araguaia;2026;Previmar - Fundo Municipal de Previdencia Social dos Servidores de Alto Araguaia;1;1191848
Alto Araguaia;2026;Previmar - Fundo Municipal de Previdencia Social dos Servidores de Alto Araguaia;2;1202409
Alto Araguaia;2026;Previmar - Fundo Municipal de Previdencia Social dos Servidores de Alto Araguaia;3;1202697
Alto Araguaia;2026;Previmar - Fundo Municipal de Previdencia Social dos Servidores de Alto Araguaia;4;1208417
Alto Araguaia;2026;Previmar - Fundo Municipal de Previdencia Social dos Servidores de Alto Araguaia;5;1201247
Alto Araguaia;2026;Previmar - Fundo Municipal de Previdencia Social dos Servidores de Alto Araguaia;6;1182237
Alto Araguaia;2026;Previmar - Fundo Municipal de Previdencia Social dos Servidores de Alto Araguaia;7;1210480
Alto Araguaia;2026;Secretaria de Meio Ambiente e Desenv. Urbano;1;14561
Alto Araguaia;2026;Secretaria de Meio Ambiente e Desenv. Urbano;2;9147
Alto Araguaia;2026;Secretaria de Meio Ambiente e Desenv. Urbano;5;1920
Alto Araguaia;2026;Secretaria de Meio Ambiente e Desenv. Urbano;6;475
Alto Araguaia;2026;Secretaria de Meio Ambiente e Desenv. Urbano;7;200
Alto Araguaia;2026;Secretaria de Agricultura,pecuária e Abastecimento;1;28212
Alto Araguaia;2026;Secretaria de Agricultura,pecuária e Abastecimento;2;48259
Alto Araguaia;2026;Secretaria de Agricultura,pecuária e Abastecimento;3;42181
Alto Araguaia;2026;Secretaria de Agricultura,pecuária e Abastecimento;4;77694
Alto Araguaia;2026;Secretaria de Agricultura,pecuária e Abastecimento;5;52236
Alto Araguaia;2026;Secretaria de Agricultura,pecuária e Abastecimento;6;46646
Alto Araguaia;2026;Secretaria de Agricultura,pecuária e Abastecimento;7;42539
Alto Araguaia;2026;Secretaria de Esporte, Lazer e Turismo;1;112105
Alto Araguaia;2026;Secretaria de Esporte, Lazer e Turismo;2;103085
Alto Araguaia;2026;Secretaria de Esporte, Lazer e Turismo;3;106607
Alto Araguaia;2026;Secretaria de Esporte, Lazer e Turismo;4;102579
Alto Araguaia;2026;Secretaria de Esporte, Lazer e Turismo;5;120193
Alto Araguaia;2026;Secretaria de Esporte, Lazer e Turismo;6;111380
Alto Araguaia;2026;Secretaria de Esporte, Lazer e Turismo;7;121010
Alto Araguaia;2026;Secretaria de Indústria, Comércio e Serviços e Empregos;1;28749
Alto Araguaia;2026;Secretaria de Indústria, Comércio e Serviços e Empregos;2;28763
Alto Araguaia;2026;Secretaria de Indústria, Comércio e Serviços e Empregos;3;49286
Alto Araguaia;2026;Secretaria de Indústria, Comércio e Serviços e Empregos;4;35920
Alto Araguaia;2026;Secretaria de Indústria, Comércio e Serviços e Empregos;5;37289
Alto Araguaia;2026;Secretaria de Indústria, Comércio e Serviços e Empregos;6;36143
Alto Araguaia;2026;Secretaria de Indústria, Comércio e Serviços e Empregos;7;41671
Arenápolis;2021;Secretaria Municipal de Assistencia Social;1;51693
Arenápolis;2021;Secretaria Municipal de Assistencia Social;2;73565
Arenápolis;2021;Secretaria Municipal de Assistencia Social;3;62286
Arenápolis;2021;Secretaria Municipal de Assistencia Social;4;64420
Arenápolis;2021;Secretaria Municipal de Assistencia Social;5;93484
Arenápolis;2021;Secretaria Municipal de Assistencia Social;6;84222
Arenápolis;2021;Secretaria Municipal de Assistencia Social;7;71206
Arenápolis;2021;Secretaria Municipal de Assistencia Social;8;97212
Arenápolis;2021;Secretaria Municipal de Assistencia Social;9;92792
Arenápolis;2021;Secretaria Municipal de Assistencia Social;10;88372
Arenápolis;2021;Secretaria Municipal de Assistencia Social;11;227993
Arenápolis;2021;Secretaria Municipal de Assistencia Social;12;95391
Arenápolis;2021;Secretaria Municipal de Saude;1;551583
Arenápolis;2021;Secretaria Municipal de Saude;2;1492774
Arenápolis;2021;Secretaria Municipal de Saude;3;1457664
Arenápolis;2021;Secretaria Municipal de Saude;4;987478
Arenápolis;2021;Secretaria Municipal de Saude;5;1361045
Arenápolis;2021;Secretaria Municipal de Saude;6;1978774
Arenápolis;2021;Secretaria Municipal de Saude;7;1456563
Arenápolis;2021;Secretaria Municipal de Saude;8;1400724
Arenápolis;2021;Secretaria Municipal de Saude;9;2134701
Arenápolis;2021;Secretaria Municipal de Saude;10;1217690
Arenápolis;2021;Secretaria Municipal de Saude;11;1368103
Arenápolis;2021;Secretaria Municipal de Saude;12;2600807
Arenápolis;2021;Secretaria Municipal de Governo;1;81420
Arenápolis;2021;Secretaria Municipal de Governo;2;109902
Arenápolis;2021;Secretaria Municipal de Governo;3;109456
Arenápolis;2021;Secretaria Municipal de Governo;4;97409
Arenápolis;2021;Secretaria Municipal de Governo;5;97170
Arenápolis;2021;Secretaria Municipal de Governo;6;95580
Arenápolis;2021;Secretaria Municipal de Governo;7;104790
Arenápolis;2021;Secretaria Municipal de Governo;8;94082
Arenápolis;2021;Secretaria Municipal de Governo;9;114893
Arenápolis;2021;Secretaria Municipal de Governo;10;97195
Arenápolis;2021;Secretaria Municipal de Governo;11;89738
Arenápolis;2021;Secretaria Municipal de Governo;12;107583
Arenápolis;2021;Secretaria Municipal de Gestao;1;226160
Arenápolis;2021;Secretaria Municipal de Gestao;2;362698
Arenápolis;2021;Secretaria Municipal de Gestao;3;286978
Arenápolis;2021;Secretaria Municipal de Gestao;4;267528
Arenápolis;2021;Secretaria Municipal de Gestao;5;301486
Arenápolis;2021;Secretaria Municipal de Gestao;6;277284
Arenápolis;2021;Secretaria Municipal de Gestao;7;265175
Arenápolis;2021;Secretaria Municipal de Gestao;8;278811
Arenápolis;2021;Secretaria Municipal de Gestao;9;275025
Arenápolis;2021;Secretaria Municipal de Gestao;10;233720
Arenápolis;2021;Secretaria Municipal de Gestao;11;335192
Arenápolis;2021;Secretaria Municipal de Gestao;12;315247
Arenápolis;2021;Secretaria Municipal de Infraestrutura e Transportes;1;249231
Arenápolis;2021;Secretaria Municipal de Infraestrutura e Transportes;2;445645
Arenápolis;2021;Secretaria Municipal de Infraestrutura e Transportes;3;305473
Arenápolis;2021;Secretaria Municipal de Infraestrutura e Transportes;4;415504
Arenápolis;2021;Secretaria Municipal de Infraestrutura e Transportes;5;481973
Arenápolis;2021;Secretaria Municipal de Infraestrutura e Transportes;6;412199
Arenápolis;2021;Secretaria Municipal de Infraestrutura e Transportes;7;464818
Arenápolis;2021;Secretaria Municipal de Infraestrutura e Transportes;8;380128
Arenápolis;2021;Secretaria Municipal de Infraestrutura e Transportes;9;420367
Arenápolis;2021;Secretaria Municipal de Infraestrutura e Transportes;10;404350
Arenápolis;2021;Secretaria Municipal de Infraestrutura e Transportes;11;805060
Arenápolis;2021;Secretaria Municipal de Infraestrutura e Transportes;12;907165
Arenápolis;2021;Secr Mun. Desenvolvimento Economico e Agropecuario;1;15253
Arenápolis;2021;Secr Mun. Desenvolvimento Economico e Agropecuario;2;29112
Arenápolis;2021;Secr Mun. Desenvolvimento Economico e Agropecuario;3;23393
Arenápolis;2021;Secr Mun. Desenvolvimento Economico e Agropecuario;4;25759
Arenápolis;2021;Secr Mun. Desenvolvimento Economico e Agropecuario;5;25452
Arenápolis;2021;Secr Mun. Desenvolvimento Economico e Agropecuario;6;45998
Arenápolis;2021;Secr Mun. Desenvolvimento Economico e Agropecuario;7;18721
Arenápolis;2021;Secr Mun. Desenvolvimento Economico e Agropecuario;8;27013
Arenápolis;2021;Secr Mun. Desenvolvimento Economico e Agropecuario;9;25004
Arenápolis;2021;Secr Mun. Desenvolvimento Economico e Agropecuario;10;36322
Arenápolis;2021;Secr Mun. Desenvolvimento Economico e Agropecuario;11;39813
Arenápolis;2021;Secr Mun. Desenvolvimento Economico e Agropecuario;12;203056
Arenápolis;2021;Secr Mun de Educacao Cultura Desporto e Lazer;1;410208
Arenápolis;2021;Secr Mun de Educacao Cultura Desporto e Lazer;2;447814
Arenápolis;2021;Secr Mun de Educacao Cultura Desporto e Lazer;3;546595
Arenápolis;2021;Secr Mun de Educacao Cultura Desporto e Lazer;4;538513
Arenápolis;2021;Secr Mun de Educacao Cultura Desporto e Lazer;5;591782
Arenápolis;2021;Secr Mun de Educacao Cultura Desporto e Lazer;6;647539
Arenápolis;2021;Secr Mun de Educacao Cultura Desporto e Lazer;7;647236
Arenápolis;2021;Secr Mun de Educacao Cultura Desporto e Lazer;8;719029
Arenápolis;2021;Secr Mun de Educacao Cultura Desporto e Lazer;9;930019
Arenápolis;2021;Secr Mun de Educacao Cultura Desporto e Lazer;10;604637
Arenápolis;2021;Secr Mun de Educacao Cultura Desporto e Lazer;11;631119
Arenápolis;2021;Secr Mun de Educacao Cultura Desporto e Lazer;12;1143851
Arenápolis;2021;Camara Municipal de Arenapolis;1;75798
Arenápolis;2021;Camara Municipal de Arenapolis;2;102611
Arenápolis;2021;Camara Municipal de Arenapolis;3;93674
Arenápolis;2021;Camara Municipal de Arenapolis;4;89534
Arenápolis;2021;Camara Municipal de Arenapolis;5;93215
Arenápolis;2021;Camara Municipal de Arenapolis;6;85479
Arenápolis;2021;Camara Municipal de Arenapolis;7;87613
Arenápolis;2021;Camara Municipal de Arenapolis;8;102047
Arenápolis;2021;Camara Municipal de Arenapolis;9;94134
Arenápolis;2021;Camara Municipal de Arenapolis;10;91482
Arenápolis;2021;Camara Municipal de Arenapolis;11;106399
Arenápolis;2021;Camara Municipal de Arenapolis;12;100014
Arenápolis;2021;Secretaria Municipal de Representacao Instituciona;5;5858
Arenápolis;2021;Secretaria Municipal de Representacao Instituciona;6;6276
Arenápolis;2021;Secretaria Municipal de Representacao Instituciona;7;6276
Arenápolis;2021;Secretaria Municipal de Representacao Instituciona;8;6276
Arenápolis;2021;Secretaria Municipal de Representacao Instituciona;9;6576
Arenápolis;2021;Secretaria Municipal de Representacao Instituciona;10;6276
Arenápolis;2021;Secretaria Municipal de Representacao Instituciona;11;6276
Arenápolis;2021;Secretaria Municipal de Representacao Instituciona;12;10761
Arenápolis;2022;Secretaria Municipal de Administracao;1;124882
Arenápolis;2022;Secretaria Municipal de Administracao;2;215214
Arenápolis;2022;Secretaria Municipal de Administracao;3;194269
Arenápolis;2022;Secretaria Municipal de Administracao;4;213640
Arenápolis;2022;Secretaria Municipal de Administracao;5;183971
Arenápolis;2022;Secretaria Municipal de Administracao;6;164864
Arenápolis;2022;Secretaria Municipal de Administracao;7;167747
Arenápolis;2022;Secretaria Municipal de Administracao;8;153579
Arenápolis;2022;Secretaria Municipal de Administracao;9;148780
Arenápolis;2022;Secretaria Municipal de Administracao;10;160000
Arenápolis;2022;Secretaria Municipal de Administracao;11;168624
Arenápolis;2022;Secretaria Municipal de Administracao;12;196206
Arenápolis;2022;Secretaria Municipal de Assistencia Social;1;60358
Arenápolis;2022;Secretaria Municipal de Assistencia Social;2;126048
Arenápolis;2022;Secretaria Municipal de Assistencia Social;3;131553
Arenápolis;2022;Secretaria Municipal de Assistencia Social;4;141055
Arenápolis;2022;Secretaria Municipal de Assistencia Social;5;127845
Arenápolis;2022;Secretaria Municipal de Assistencia Social;6;141989
Arenápolis;2022;Secretaria Municipal de Assistencia Social;7;154962
Arenápolis;2022;Secretaria Municipal de Assistencia Social;8;259920
Arenápolis;2022;Secretaria Municipal de Assistencia Social;9;142230
Arenápolis;2022;Secretaria Municipal de Assistencia Social;10;121618
Arenápolis;2022;Secretaria Municipal de Assistencia Social;11;146698
Arenápolis;2022;Secretaria Municipal de Assistencia Social;12;121782
Arenápolis;2022;Secretaria Municipal de Saude;1;590944
Arenápolis;2022;Secretaria Municipal de Saude;2;1824468
Arenápolis;2022;Secretaria Municipal de Saude;3;1965073
Arenápolis;2022;Secretaria Municipal de Saude;4;4493754
Arenápolis;2022;Secretaria Municipal de Saude;5;1844371
Arenápolis;2022;Secretaria Municipal de Saude;6;1515575
Arenápolis;2022;Secretaria Municipal de Saude;7;1948632
Arenápolis;2022;Secretaria Municipal de Saude;8;2032900
Arenápolis;2022;Secretaria Municipal de Saude;9;1838855
Arenápolis;2022;Secretaria Municipal de Saude;10;2371179
Arenápolis;2022;Secretaria Municipal de Saude;11;2153380
Arenápolis;2022;Secretaria Municipal de Saude;12;2131039
Arenápolis;2022;Secretaria Municipal de Fazenda;1;121950
Arenápolis;2022;Secretaria Municipal de Fazenda;2;189023
Arenápolis;2022;Secretaria Municipal de Fazenda;3;178760
Arenápolis;2022;Secretaria Municipal de Fazenda;4;201115
Arenápolis;2022;Secretaria Municipal de Fazenda;5;192189
Arenápolis;2022;Secretaria Municipal de Fazenda;6;220573
Arenápolis;2022;Secretaria Municipal de Fazenda;7;167146
Arenápolis;2022;Secretaria Municipal de Fazenda;8;184676
Arenápolis;2022;Secretaria Municipal de Fazenda;9;154027
Arenápolis;2022;Secretaria Municipal de Fazenda;10;173911
Arenápolis;2022;Secretaria Municipal de Fazenda;11;157894
Arenápolis;2022;Secretaria Municipal de Fazenda;12;169701
Arenápolis;2022;Camara Municipal de Vereadores de Arenapolis;1;78082
Arenápolis;2022;Camara Municipal de Vereadores de Arenapolis;2;146091
Arenápolis;2022;Camara Municipal de Vereadores de Arenapolis;3;114484
Arenápolis;2022;Camara Municipal de Vereadores de Arenapolis;4;106846
Arenápolis;2022;Camara Municipal de Vereadores de Arenapolis;5;95839
Arenápolis;2022;Camara Municipal de Vereadores de Arenapolis;6;111591
Arenápolis;2022;Camara Municipal de Vereadores de Arenapolis;7;105862
Arenápolis;2022;Camara Municipal de Vereadores de Arenapolis;8;109869
Arenápolis;2022;Camara Municipal de Vereadores de Arenapolis;9;113782
Arenápolis;2022;Camara Municipal de Vereadores de Arenapolis;10;92325
Arenápolis;2022;Camara Municipal de Vereadores de Arenapolis;11;88166
Arenápolis;2022;Camara Municipal de Vereadores de Arenapolis;12;101171
Arenápolis;2022;Camara Municipal de Arenapolis;1;104861
Arenápolis;2022;Camara Municipal de Arenapolis;2;125551
Arenápolis;2022;Camara Municipal de Arenapolis;3;123254
Arenápolis;2022;Camara Municipal de Arenapolis;4;108537
Arenápolis;2022;Camara Municipal de Arenapolis;5;130177
Arenápolis;2022;Camara Municipal de Arenapolis;6;111170
Arenápolis;2022;Camara Municipal de Arenapolis;7;129390
Arenápolis;2022;Camara Municipal de Arenapolis;8;109974
Arenápolis;2022;Camara Municipal de Arenapolis;9;117664
Arenápolis;2022;Camara Municipal de Arenapolis;10;112837
Arenápolis;2022;Camara Municipal de Arenapolis;11;131965
Arenápolis;2022;Camara Municipal de Arenapolis;12;148705
Arenápolis;2022;Secr Mun de Educacao e Cultura;1;767591
Arenápolis;2022;Secr Mun de Educacao e Cultura;2;709111
Arenápolis;2022;Secr Mun de Educacao e Cultura;3;1089975
Arenápolis;2022;Secr Mun de Educacao e Cultura;4;2017617
Arenápolis;2022;Secr Mun de Educacao e Cultura;5;1054876
Arenápolis;2022;Secr Mun de Educacao e Cultura;6;945397
Arenápolis;2022;Secr Mun de Educacao e Cultura;7;2082850
Arenápolis;2022;Secr Mun de Educacao e Cultura;8;1192723
Arenápolis;2022;Secr Mun de Educacao e Cultura;9;915745
Arenápolis;2022;Secr Mun de Educacao e Cultura;10;1005754
Arenápolis;2022;Secr Mun de Educacao e Cultura;11;1259412
Arenápolis;2022;Secr Mun de Educacao e Cultura;12;1381955
Arenápolis;2022;Secretaria Munic. Transporte Obras Serv. Publicos;1;279467
Arenápolis;2022;Secretaria Munic. Transporte Obras Serv. Publicos;2;637076
Arenápolis;2022;Secretaria Munic. Transporte Obras Serv. Publicos;3;556674
Arenápolis;2022;Secretaria Munic. Transporte Obras Serv. Publicos;4;949264
Arenápolis;2022;Secretaria Munic. Transporte Obras Serv. Publicos;5;466251
Arenápolis;2022;Secretaria Munic. Transporte Obras Serv. Publicos;6;372070
Arenápolis;2022;Secretaria Munic. Transporte Obras Serv. Publicos;7;935500
Arenápolis;2022;Secretaria Munic. Transporte Obras Serv. Publicos;8;796512
Arenápolis;2022;Secretaria Munic. Transporte Obras Serv. Publicos;9;1124214
Arenápolis;2022;Secretaria Munic. Transporte Obras Serv. Publicos;10;721154
Arenápolis;2022;Secretaria Munic. Transporte Obras Serv. Publicos;11;825981
Arenápolis;2022;Secretaria Munic. Transporte Obras Serv. Publicos;12;1083497
Arenápolis;2022;Secretaria Munic. Agricultura e Meio Ambiente;1;16836
Arenápolis;2022;Secretaria Munic. Agricultura e Meio Ambiente;2;47089
Arenápolis;2022;Secretaria Munic. Agricultura e Meio Ambiente;3;57932
Arenápolis;2022;Secretaria Munic. Agricultura e Meio Ambiente;4;36001
Arenápolis;2022;Secretaria Munic. Agricultura e Meio Ambiente;5;37144
Arenápolis;2022;Secretaria Munic. Agricultura e Meio Ambiente;6;65131
Arenápolis;2022;Secretaria Munic. Agricultura e Meio Ambiente;7;331995
Arenápolis;2022;Secretaria Munic. Agricultura e Meio Ambiente;8;89980
Arenápolis;2022;Secretaria Munic. Agricultura e Meio Ambiente;9;49235
Arenápolis;2022;Secretaria Munic. Agricultura e Meio Ambiente;10;22792
Arenápolis;2022;Secretaria Munic. Agricultura e Meio Ambiente;11;42524
Arenápolis;2022;Secretaria Munic. Agricultura e Meio Ambiente;12;22348
Arenápolis;2022;Secretaria Munic. de Representacao Institucional;1;12553
Arenápolis;2022;Secretaria Munic. de Representacao Institucional;2;8112
Arenápolis;2022;Secretaria Munic. de Representacao Institucional;3;6972
Arenápolis;2022;Secretaria Munic. de Representacao Institucional;4;6972
Arenápolis;2022;Secretaria Munic. de Representacao Institucional;5;6972
Arenápolis;2022;Secretaria Munic. de Representacao Institucional;6;6972
Arenápolis;2022;Secretaria Munic. de Representacao Institucional;7;6972
Arenápolis;2022;Secretaria Munic. de Representacao Institucional;8;6972
Arenápolis;2022;Secretaria Munic. de Representacao Institucional;9;10782
Arenápolis;2022;Secretaria Munic. de Representacao Institucional;10;6978
Arenápolis;2022;Secretaria Munic. de Representacao Institucional;11;6978
Arenápolis;2022;Secretaria Munic. de Representacao Institucional;12;6978
Arenápolis;2022;Secretaria Munic. Desporto Lazer e Turismo;1;14310
Arenápolis;2022;Secretaria Munic. Desporto Lazer e Turismo;2;21013
Arenápolis;2022;Secretaria Munic. Desporto Lazer e Turismo;3;23867
Arenápolis;2022;Secretaria Munic. Desporto Lazer e Turismo;4;41078
Arenápolis;2022;Secretaria Munic. Desporto Lazer e Turismo;5;21657
Arenápolis;2022;Secretaria Munic. Desporto Lazer e Turismo;6;13170
Arenápolis;2022;Secretaria Munic. Desporto Lazer e Turismo;7;15528
Arenápolis;2022;Secretaria Munic. Desporto Lazer e Turismo;8;19380
Arenápolis;2022;Secretaria Munic. Desporto Lazer e Turismo;9;18744
Arenápolis;2022;Secretaria Munic. Desporto Lazer e Turismo;10;14978
Arenápolis;2022;Secretaria Munic. Desporto Lazer e Turismo;11;11555
Arenápolis;2022;Secretaria Munic. Desporto Lazer e Turismo;12;11314
Arenápolis;2023;Secretaria Municipal de Administracao;1;175405
Arenápolis;2023;Secretaria Municipal de Administracao;2;226270
Arenápolis;2023;Secretaria Municipal de Administracao;3;259370
Arenápolis;2023;Secretaria Municipal de Administracao;4;198897
Arenápolis;2023;Secretaria Municipal de Administracao;5;216629
Arenápolis;2023;Secretaria Municipal de Administracao;6;312342
Arenápolis;2023;Secretaria Municipal de Administracao;7;241198
Arenápolis;2023;Secretaria Municipal de Administracao;8;255196
Arenápolis;2023;Secretaria Municipal de Administracao;9;215732
Arenápolis;2023;Secretaria Municipal de Administracao;10;255295
Arenápolis;2023;Secretaria Municipal de Administracao;11;319192
Arenápolis;2023;Secretaria Municipal de Administracao;12;321232
Arenápolis;2023;Secretaria Municipal de Assistencia Social;1;95296
Arenápolis;2023;Secretaria Municipal de Assistencia Social;2;130358
Arenápolis;2023;Secretaria Municipal de Assistencia Social;3;138570
Arenápolis;2023;Secretaria Municipal de Assistencia Social;4;129039
Arenápolis;2023;Secretaria Municipal de Assistencia Social;5;141796
Arenápolis;2023;Secretaria Municipal de Assistencia Social;6;120258
Arenápolis;2023;Secretaria Municipal de Assistencia Social;7;121234
Arenápolis;2023;Secretaria Municipal de Assistencia Social;8;135083
Arenápolis;2023;Secretaria Municipal de Assistencia Social;9;140638
Arenápolis;2023;Secretaria Municipal de Assistencia Social;10;155766
Arenápolis;2023;Secretaria Municipal de Assistencia Social;11;168024
Arenápolis;2023;Secretaria Municipal de Assistencia Social;12;301457
Arenápolis;2023;Secretaria Municipal de Saude;1;717847
Arenápolis;2023;Secretaria Municipal de Saude;2;2232273
Arenápolis;2023;Secretaria Municipal de Saude;3;1702191
Arenápolis;2023;Secretaria Municipal de Saude;4;1220536
Arenápolis;2023;Secretaria Municipal de Saude;5;1641549
Arenápolis;2023;Secretaria Municipal de Saude;6;2239128
Arenápolis;2023;Secretaria Municipal de Saude;7;1548492
Arenápolis;2023;Secretaria Municipal de Saude;8;1849026
Arenápolis;2023;Secretaria Municipal de Saude;9;1746024
Arenápolis;2023;Secretaria Municipal de Saude;10;2181090
Arenápolis;2023;Secretaria Municipal de Saude;11;1708786
Arenápolis;2023;Secretaria Municipal de Saude;12;2394049
Arenápolis;2023;Secretaria Municipal de Fazenda;1;120946
Arenápolis;2023;Secretaria Municipal de Fazenda;2;166079
Arenápolis;2023;Secretaria Municipal de Fazenda;3;151677
Arenápolis;2023;Secretaria Municipal de Fazenda;4;146455
Arenápolis;2023;Secretaria Municipal de Fazenda;5;149540
Arenápolis;2023;Secretaria Municipal de Fazenda;6;183531
Arenápolis;2023;Secretaria Municipal de Fazenda;7;169692
Arenápolis;2023;Secretaria Municipal de Fazenda;8;212824
Arenápolis;2023;Secretaria Municipal de Fazenda;9;182256
Arenápolis;2023;Secretaria Municipal de Fazenda;10;199393
Arenápolis;2023;Secretaria Municipal de Fazenda;11;183864
Arenápolis;2023;Secretaria Municipal de Fazenda;12;219982
Arenápolis;2023;Camara Municipal de Vereadores de Arenapolis;1;104178
Arenápolis;2023;Camara Municipal de Vereadores de Arenapolis;2;119638
Arenápolis;2023;Camara Municipal de Vereadores de Arenapolis;3;140160
Arenápolis;2023;Camara Municipal de Vereadores de Arenapolis;4;113251
Arenápolis;2023;Camara Municipal de Vereadores de Arenapolis;5;196870
Arenápolis;2023;Camara Municipal de Vereadores de Arenapolis;6;119303
Arenápolis;2023;Camara Municipal de Vereadores de Arenapolis;7;106229
Arenápolis;2023;Camara Municipal de Vereadores de Arenapolis;8;241899
Arenápolis;2023;Camara Municipal de Vereadores de Arenapolis;9;147867
Arenápolis;2023;Camara Municipal de Vereadores de Arenapolis;10;121903
Arenápolis;2023;Camara Municipal de Vereadores de Arenapolis;11;110365
Arenápolis;2023;Camara Municipal de Vereadores de Arenapolis;12;113362
Arenápolis;2023;Camara Municipal de Arenapolis;1;116541
Arenápolis;2023;Camara Municipal de Arenapolis;2;150406
Arenápolis;2023;Camara Municipal de Arenapolis;3;176532
Arenápolis;2023;Camara Municipal de Arenapolis;4;162791
Arenápolis;2023;Camara Municipal de Arenapolis;5;144165
Arenápolis;2023;Camara Municipal de Arenapolis;6;145394
Arenápolis;2023;Camara Municipal de Arenapolis;7;128597
Arenápolis;2023;Camara Municipal de Arenapolis;8;148783
Arenápolis;2023;Camara Municipal de Arenapolis;9;135942
Arenápolis;2023;Camara Municipal de Arenapolis;10;127363
Arenápolis;2023;Camara Municipal de Arenapolis;11;128123
Arenápolis;2023;Camara Municipal de Arenapolis;12;164517
Arenápolis;2023;Secr Mun de Educacao e Cultura;1;708351
Arenápolis;2023;Secr Mun de Educacao e Cultura;2;926606
Arenápolis;2023;Secr Mun de Educacao e Cultura;3;1148023
Arenápolis;2023;Secr Mun de Educacao e Cultura;4;1159657
Arenápolis;2023;Secr Mun de Educacao e Cultura;5;1035491
Arenápolis;2023;Secr Mun de Educacao e Cultura;6;1133456
Arenápolis;2023;Secr Mun de Educacao e Cultura;7;2352586
Arenápolis;2023;Secr Mun de Educacao e Cultura;8;1239405
Arenápolis;2023;Secr Mun de Educacao e Cultura;9;1265961
Arenápolis;2023;Secr Mun de Educacao e Cultura;10;1240194
Arenápolis;2023;Secr Mun de Educacao e Cultura;11;1147569
Arenápolis;2023;Secr Mun de Educacao e Cultura;12;1972248
Arenápolis;2023;Secretaria Munic. Transporte Obras Serv. Publicos;1;340911
Arenápolis;2023;Secretaria Munic. Transporte Obras Serv. Publicos;2;634544
Arenápolis;2023;Secretaria Munic. Transporte Obras Serv. Publicos;3;528024
Arenápolis;2023;Secretaria Munic. Transporte Obras Serv. Publicos;4;562442
Arenápolis;2023;Secretaria Munic. Transporte Obras Serv. Publicos;5;487422
Arenápolis;2023;Secretaria Munic. Transporte Obras Serv. Publicos;6;600406
Arenápolis;2023;Secretaria Munic. Transporte Obras Serv. Publicos;7;631340
Arenápolis;2023;Secretaria Munic. Transporte Obras Serv. Publicos;8;673184
Arenápolis;2023;Secretaria Munic. Transporte Obras Serv. Publicos;9;556559
Arenápolis;2023;Secretaria Munic. Transporte Obras Serv. Publicos;10;639714
Arenápolis;2023;Secretaria Munic. Transporte Obras Serv. Publicos;11;681398
Arenápolis;2023;Secretaria Munic. Transporte Obras Serv. Publicos;12;1577019
Arenápolis;2023;Secretaria Munic. Agricultura e Meio Ambiente;1;30441
Arenápolis;2023;Secretaria Munic. Agricultura e Meio Ambiente;2;43466
Arenápolis;2023;Secretaria Munic. Agricultura e Meio Ambiente;3;40561
Arenápolis;2023;Secretaria Munic. Agricultura e Meio Ambiente;4;52045
Arenápolis;2023;Secretaria Munic. Agricultura e Meio Ambiente;5;44540
Arenápolis;2023;Secretaria Munic. Agricultura e Meio Ambiente;6;36339
Arenápolis;2023;Secretaria Munic. Agricultura e Meio Ambiente;7;39997
Arenápolis;2023;Secretaria Munic. Agricultura e Meio Ambiente;8;48464
Arenápolis;2023;Secretaria Munic. Agricultura e Meio Ambiente;9;122989
Arenápolis;2023;Secretaria Munic. Agricultura e Meio Ambiente;10;40985
Arenápolis;2023;Secretaria Munic. Agricultura e Meio Ambiente;11;137250
Arenápolis;2023;Secretaria Munic. Agricultura e Meio Ambiente;12;112048
Arenápolis;2023;Secretaria Munic. de Representacao Institucional;1;14430
Arenápolis;2023;Secretaria Munic. de Representacao Institucional;2;8555
Arenápolis;2023;Secretaria Munic. de Representacao Institucional;3;8145
Arenápolis;2023;Secretaria Munic. de Representacao Institucional;4;7625
Arenápolis;2023;Secretaria Munic. de Representacao Institucional;5;7325
Arenápolis;2023;Secretaria Munic. de Representacao Institucional;6;7625
Arenápolis;2023;Secretaria Municipal de Desporto, Lazer e Turismo;1;18368
Arenápolis;2023;Secretaria Municipal de Desporto, Lazer e Turismo;2;51487
Arenápolis;2023;Secretaria Municipal de Desporto, Lazer e Turismo;3;37900
Arenápolis;2023;Secretaria Municipal de Desporto, Lazer e Turismo;4;226309
Arenápolis;2023;Secretaria Municipal de Desporto, Lazer e Turismo;5;13452
Arenápolis;2023;Secretaria Municipal de Desporto, Lazer e Turismo;6;25390
Arenápolis;2023;Secretaria Municipal de Desporto, Lazer e Turismo;7;13559
Arenápolis;2023;Secretaria Municipal de Desporto, Lazer e Turismo;8;324049
Arenápolis;2023;Secretaria Municipal de Desporto, Lazer e Turismo;9;38349
Arenápolis;2023;Secretaria Municipal de Desporto, Lazer e Turismo;10;70374
Arenápolis;2023;Secretaria Municipal de Desporto, Lazer e Turismo;11;25322
Arenápolis;2023;Secretaria Municipal de Desporto, Lazer e Turismo;12;26774
Arenápolis;2024;Gabinete do Prefeito;1;108270
Arenápolis;2024;Gabinete do Prefeito;2;140990
Arenápolis;2024;Gabinete do Prefeito;3;101058
Arenápolis;2024;Gabinete do Prefeito;4;154453
Arenápolis;2024;Gabinete do Prefeito;5;231235
Arenápolis;2024;Gabinete do Prefeito;6;151639
Arenápolis;2024;Gabinete do Prefeito;7;160140
Arenápolis;2024;Gabinete do Prefeito;8;106484
Arenápolis;2024;Gabinete do Prefeito;9;144061
Arenápolis;2024;Gabinete do Prefeito;10;120386
Arenápolis;2024;Gabinete do Prefeito;11;114608
Arenápolis;2024;Gabinete do Prefeito;12;269065
Arenápolis;2024;Secretaria Municipal de Administracao;1;238042
Arenápolis;2024;Secretaria Municipal de Administracao;2;225935
Arenápolis;2024;Secretaria Municipal de Administracao;3;256269
Arenápolis;2024;Secretaria Municipal de Administracao;4;303057
Arenápolis;2024;Secretaria Municipal de Administracao;5;217198
Arenápolis;2024;Secretaria Municipal de Administracao;6;247083
Arenápolis;2024;Secretaria Municipal de Administracao;7;250863
Arenápolis;2024;Secretaria Municipal de Administracao;8;294266
Arenápolis;2024;Secretaria Municipal de Administracao;9;217188
Arenápolis;2024;Secretaria Municipal de Administracao;10;204269
Arenápolis;2024;Secretaria Municipal de Administracao;11;192231
Arenápolis;2024;Secretaria Municipal de Administracao;12;306185
Arenápolis;2024;Secretaria Municipal de Assistencia Social;1;121858
Arenápolis;2024;Secretaria Municipal de Assistencia Social;2;174693
Arenápolis;2024;Secretaria Municipal de Assistencia Social;3;149885
Arenápolis;2024;Secretaria Municipal de Assistencia Social;4;153548
Arenápolis;2024;Secretaria Municipal de Assistencia Social;5;150966
Arenápolis;2024;Secretaria Municipal de Assistencia Social;6;126185
Arenápolis;2024;Secretaria Municipal de Assistencia Social;7;167314
Arenápolis;2024;Secretaria Municipal de Assistencia Social;8;158575
Arenápolis;2024;Secretaria Municipal de Assistencia Social;9;147556
Arenápolis;2024;Secretaria Municipal de Assistencia Social;10;691832
Arenápolis;2024;Secretaria Municipal de Assistencia Social;11;157648
Arenápolis;2024;Secretaria Municipal de Assistencia Social;12;1155638
Arenápolis;2024;Secretaria Municipal de Saude;1;1322041
Arenápolis;2024;Secretaria Municipal de Saude;2;1172840
Arenápolis;2024;Secretaria Municipal de Saude;3;2427445
Arenápolis;2024;Secretaria Municipal de Saude;4;1852907
Arenápolis;2024;Secretaria Municipal de Saude;5;1974804
Arenápolis;2024;Secretaria Municipal de Saude;6;1848911
Arenápolis;2024;Secretaria Municipal de Saude;7;1553034
Arenápolis;2024;Secretaria Municipal de Saude;8;1967068
Arenápolis;2024;Secretaria Municipal de Saude;9;2171837
Arenápolis;2024;Secretaria Municipal de Saude;10;2398937
Arenápolis;2024;Secretaria Municipal de Saude;11;1848846
Arenápolis;2024;Secretaria Municipal de Saude;12;2982905
Arenápolis;2024;Secretaria Municipal de Fazenda;1;181947
Arenápolis;2024;Secretaria Municipal de Fazenda;2;193838
Arenápolis;2024;Secretaria Municipal de Fazenda;3;244174
Arenápolis;2024;Secretaria Municipal de Fazenda;4;271825
Arenápolis;2024;Secretaria Municipal de Fazenda;5;225594
Arenápolis;2024;Secretaria Municipal de Fazenda;6;243731
Arenápolis;2024;Secretaria Municipal de Fazenda;7;215669
Arenápolis;2024;Secretaria Municipal de Fazenda;8;188243
Arenápolis;2024;Secretaria Municipal de Fazenda;9;166640
Arenápolis;2024;Secretaria Municipal de Fazenda;10;189307
Arenápolis;2024;Secretaria Municipal de Fazenda;11;163350
Arenápolis;2024;Secretaria Municipal de Fazenda;12;225525
Arenápolis;2024;Camara Municipal de Arenapolis;1;122364
Arenápolis;2024;Camara Municipal de Arenapolis;2;141385
Arenápolis;2024;Camara Municipal de Arenapolis;3;137023
Arenápolis;2024;Camara Municipal de Arenapolis;4;154349
Arenápolis;2024;Camara Municipal de Arenapolis;5;157457
Arenápolis;2024;Camara Municipal de Arenapolis;6;190508
Arenápolis;2024;Camara Municipal de Arenapolis;7;146181
Arenápolis;2024;Camara Municipal de Arenapolis;8;179238
Arenápolis;2024;Camara Municipal de Arenapolis;9;151085
Arenápolis;2024;Camara Municipal de Arenapolis;10;190688
Arenápolis;2024;Camara Municipal de Arenapolis;11;190873
Arenápolis;2024;Camara Municipal de Arenapolis;12;212826
Arenápolis;2024;Secr Mun de Educacao e Cultura;1;990141
Arenápolis;2024;Secr Mun de Educacao e Cultura;2;854095
Arenápolis;2024;Secr Mun de Educacao e Cultura;3;1342180
Arenápolis;2024;Secr Mun de Educacao e Cultura;4;2535599
Arenápolis;2024;Secr Mun de Educacao e Cultura;5;1170305
Arenápolis;2024;Secr Mun de Educacao e Cultura;6;1355588
Arenápolis;2024;Secr Mun de Educacao e Cultura;7;3076718
Arenápolis;2024;Secr Mun de Educacao e Cultura;8;1338821
Arenápolis;2024;Secr Mun de Educacao e Cultura;9;1399159
Arenápolis;2024;Secr Mun de Educacao e Cultura;10;1138463
Arenápolis;2024;Secr Mun de Educacao e Cultura;11;1634816
Arenápolis;2024;Secr Mun de Educacao e Cultura;12;2655957
Arenápolis;2024;Secretaria Munic. Agricultura e Meio Ambiente;1;36308
Arenápolis;2024;Secretaria Munic. Agricultura e Meio Ambiente;2;52128
Arenápolis;2024;Secretaria Munic. Agricultura e Meio Ambiente;3;51104
Arenápolis;2024;Secretaria Munic. Agricultura e Meio Ambiente;4;46455
Arenápolis;2024;Secretaria Munic. Agricultura e Meio Ambiente;5;80078
Arenápolis;2024;Secretaria Munic. Agricultura e Meio Ambiente;6;63247
Arenápolis;2024;Secretaria Munic. Agricultura e Meio Ambiente;7;56325
Arenápolis;2024;Secretaria Munic. Agricultura e Meio Ambiente;8;58371
Arenápolis;2024;Secretaria Munic. Agricultura e Meio Ambiente;9;48957
Arenápolis;2024;Secretaria Munic. Agricultura e Meio Ambiente;10;47504
Arenápolis;2024;Secretaria Munic. Agricultura e Meio Ambiente;11;103189
Arenápolis;2024;Secretaria Munic. Agricultura e Meio Ambiente;12;107817
Arenápolis;2024;Secretaria Municipal de Convenios, Licitacoes e Contratos;8;19996
Arenápolis;2024;Secretaria Municipal de Convenios, Licitacoes e Contratos;9;10249
Arenápolis;2024;Secretaria Municipal de Convenios, Licitacoes e Contratos;10;8424
Arenápolis;2024;Secretaria Municipal de Convenios, Licitacoes e Contratos;11;8424
Arenápolis;2024;Secretaria Municipal de Convenios, Licitacoes e Contratos;12;9360
Arenápolis;2024;Secretaria Munic. Transporte, Obras Serv. Publicos;1;474696
Arenápolis;2024;Secretaria Munic. Transporte, Obras Serv. Publicos;2;613569
Arenápolis;2024;Secretaria Munic. Transporte, Obras Serv. Publicos;3;586823
Arenápolis;2024;Secretaria Munic. Transporte, Obras Serv. Publicos;4;487101
Arenápolis;2024;Secretaria Munic. Transporte, Obras Serv. Publicos;5;539403
Arenápolis;2024;Secretaria Munic. Transporte, Obras Serv. Publicos;6;481972
Arenápolis;2024;Secretaria Munic. Transporte, Obras Serv. Publicos;7;701498
Arenápolis;2024;Secretaria Munic. Transporte, Obras Serv. Publicos;8;1036185
Arenápolis;2024;Secretaria Munic. Transporte, Obras Serv. Publicos;9;952422
Arenápolis;2024;Secretaria Munic. Transporte, Obras Serv. Publicos;10;562142
Arenápolis;2024;Secretaria Munic. Transporte, Obras Serv. Publicos;11;607474
Arenápolis;2024;Secretaria Munic. Transporte, Obras Serv. Publicos;12;1154785
Arenápolis;2024;Secretaria Munic. Desporto, Lazer e Turismo;1;19576
Arenápolis;2024;Secretaria Munic. Desporto, Lazer e Turismo;2;19829
Arenápolis;2024;Secretaria Munic. Desporto, Lazer e Turismo;3;32623
Arenápolis;2024;Secretaria Munic. Desporto, Lazer e Turismo;4;29456
Arenápolis;2024;Secretaria Munic. Desporto, Lazer e Turismo;5;258917
Arenápolis;2024;Secretaria Munic. Desporto, Lazer e Turismo;6;33087
Arenápolis;2024;Secretaria Munic. Desporto, Lazer e Turismo;7;24203
Arenápolis;2024;Secretaria Munic. Desporto, Lazer e Turismo;8;40087
Arenápolis;2024;Secretaria Munic. Desporto, Lazer e Turismo;9;54642
Arenápolis;2024;Secretaria Munic. Desporto, Lazer e Turismo;10;14200
Arenápolis;2024;Secretaria Munic. Desporto, Lazer e Turismo;11;76542
Arenápolis;2024;Secretaria Munic. Desporto, Lazer e Turismo;12;20180
Arenápolis;2025;Gabinete do Prefeito;1;131769
Arenápolis;2025;Gabinete do Prefeito;2;163852
Arenápolis;2025;Gabinete do Prefeito;3;511071
Arenápolis;2025;Gabinete do Prefeito;4;182600
Arenápolis;2025;Gabinete do Prefeito;5;214706
Arenápolis;2025;Gabinete do Prefeito;6;402070
Arenápolis;2025;Gabinete do Prefeito;7;181481
Arenápolis;2025;Gabinete do Prefeito;8;224459
Arenápolis;2025;Gabinete do Prefeito;9;192683
Arenápolis;2025;Gabinete do Prefeito;10;140573
Arenápolis;2025;Gabinete do Prefeito;11;204380
Arenápolis;2025;Gabinete do Prefeito;12;180620
Arenápolis;2025;Secretaria Municipal de Administracao;1;255904
Arenápolis;2025;Secretaria Municipal de Administracao;2;387607
Arenápolis;2025;Secretaria Municipal de Administracao;3;270806
Arenápolis;2025;Secretaria Municipal de Administracao;4;288543
Arenápolis;2025;Secretaria Municipal de Administracao;5;315642
Arenápolis;2025;Secretaria Municipal de Administracao;6;469387
Arenápolis;2025;Secretaria Municipal de Administracao;7;533539
Arenápolis;2025;Secretaria Municipal de Administracao;8;386751
Arenápolis;2025;Secretaria Municipal de Administracao;9;518805
Arenápolis;2025;Secretaria Municipal de Administracao;10;207438
Arenápolis;2025;Secretaria Municipal de Administracao;11;378781
Arenápolis;2025;Secretaria Municipal de Administracao;12;203380
Arenápolis;2025;Secretaria Municipal de Assistencia Social;1;130145
Arenápolis;2025;Secretaria Municipal de Assistencia Social;2;179922
Arenápolis;2025;Secretaria Municipal de Assistencia Social;3;148870
Arenápolis;2025;Secretaria Municipal de Assistencia Social;4;183881
Arenápolis;2025;Secretaria Municipal de Assistencia Social;5;160743
Arenápolis;2025;Secretaria Municipal de Assistencia Social;6;166800
Arenápolis;2025;Secretaria Municipal de Assistencia Social;7;237305
Arenápolis;2025;Secretaria Municipal de Assistencia Social;8;243016
Arenápolis;2025;Secretaria Municipal de Assistencia Social;9;175993
Arenápolis;2025;Secretaria Municipal de Assistencia Social;10;199413
Arenápolis;2025;Secretaria Municipal de Assistencia Social;11;303880
Arenápolis;2025;Secretaria Municipal de Assistencia Social;12;233482
Arenápolis;2025;Secretaria Municipal de Saude;1;1318400
Arenápolis;2025;Secretaria Municipal de Saude;2;2040173
Arenápolis;2025;Secretaria Municipal de Saude;3;2189062
Arenápolis;2025;Secretaria Municipal de Saude;4;1994472
Arenápolis;2025;Secretaria Municipal de Saude;5;2118749
Arenápolis;2025;Secretaria Municipal de Saude;6;2078521
Arenápolis;2025;Secretaria Municipal de Saude;7;2116491
Arenápolis;2025;Secretaria Municipal de Saude;8;2268243
Arenápolis;2025;Secretaria Municipal de Saude;9;2468793
Arenápolis;2025;Secretaria Municipal de Saude;10;4232474
Arenápolis;2025;Secretaria Municipal de Saude;11;3690257
Arenápolis;2025;Secretaria Municipal de Saude;12;3013509
Arenápolis;2025;Secretaria Municipal de Educacao;1;764135
Arenápolis;2025;Secretaria Municipal de Educacao;2;789880
Arenápolis;2025;Secretaria Municipal de Educacao;3;1573544
Arenápolis;2025;Secretaria Municipal de Educacao;4;1783416
Arenápolis;2025;Secretaria Municipal de Educacao;5;1698153
Arenápolis;2025;Secretaria Municipal de Educacao;6;1643601
Arenápolis;2025;Secretaria Municipal de Educacao;7;1475732
Arenápolis;2025;Secretaria Municipal de Educacao;8;1526316
Arenápolis;2025;Secretaria Municipal de Educacao;9;1684981
Arenápolis;2025;Secretaria Municipal de Educacao;10;1592281
Arenápolis;2025;Secretaria Municipal de Educacao;11;1304349
Arenápolis;2025;Secretaria Municipal de Educacao;12;3499185
Arenápolis;2025;Secretaria Municipal de Fazenda;1;206739
Arenápolis;2025;Secretaria Municipal de Fazenda;2;171416
Arenápolis;2025;Secretaria Municipal de Fazenda;3;174918
Arenápolis;2025;Secretaria Municipal de Fazenda;4;198707
Arenápolis;2025;Secretaria Municipal de Fazenda;5;190229
Arenápolis;2025;Secretaria Municipal de Fazenda;6;203389
Arenápolis;2025;Secretaria Municipal de Fazenda;7;234546
Arenápolis;2025;Secretaria Municipal de Fazenda;8;202577
Arenápolis;2025;Secretaria Municipal de Fazenda;9;170680
Arenápolis;2025;Secretaria Municipal de Fazenda;10;180358
Arenápolis;2025;Secretaria Municipal de Fazenda;11;213202
Arenápolis;2025;Secretaria Municipal de Fazenda;12;218730
Arenápolis;2025;Camara Municipal de Arenapolis;1;174069
Arenápolis;2025;Camara Municipal de Arenapolis;2;213967
Arenápolis;2025;Camara Municipal de Arenapolis;3;185818
Arenápolis;2025;Camara Municipal de Arenapolis;4;198399
Arenápolis;2025;Camara Municipal de Arenapolis;5;184683
Arenápolis;2025;Camara Municipal de Arenapolis;6;186474
Arenápolis;2025;Camara Municipal de Arenapolis;7;195553
Arenápolis;2025;Camara Municipal de Arenapolis;8;198283
Arenápolis;2025;Camara Municipal de Arenapolis;9;230443
Arenápolis;2025;Camara Municipal de Arenapolis;10;204766
Arenápolis;2025;Camara Municipal de Arenapolis;11;275850
Arenápolis;2025;Camara Municipal de Arenapolis;12;342058
Arenápolis;2025;Secretaria Munic. Agricultura e Meio Ambiente;1;40521
Arenápolis;2025;Secretaria Munic. Agricultura e Meio Ambiente;2;97638
Arenápolis;2025;Secretaria Munic. Agricultura e Meio Ambiente;3;72275
Arenápolis;2025;Secretaria Munic. Agricultura e Meio Ambiente;4;102226
Arenápolis;2025;Secretaria Munic. Agricultura e Meio Ambiente;5;103398
Arenápolis;2025;Secretaria Munic. Agricultura e Meio Ambiente;6;79538
Arenápolis;2025;Secretaria Munic. Agricultura e Meio Ambiente;7;116485
Arenápolis;2025;Secretaria Munic. Agricultura e Meio Ambiente;8;136861
Arenápolis;2025;Secretaria Munic. Agricultura e Meio Ambiente;9;86783
Arenápolis;2025;Secretaria Munic. Agricultura e Meio Ambiente;10;106252
Arenápolis;2025;Secretaria Munic. Agricultura e Meio Ambiente;11;147261
Arenápolis;2025;Secretaria Munic. Agricultura e Meio Ambiente;12;97163
Arenápolis;2025;Secretaria Municipal de Esporte, Cultura, Lazer e Turismo;1;31012
Arenápolis;2025;Secretaria Municipal de Esporte, Cultura, Lazer e Turismo;2;120230
Arenápolis;2025;Secretaria Municipal de Esporte, Cultura, Lazer e Turismo;3;66437
Arenápolis;2025;Secretaria Municipal de Esporte, Cultura, Lazer e Turismo;4;44498
Arenápolis;2025;Secretaria Municipal de Esporte, Cultura, Lazer e Turismo;5;67431
Arenápolis;2025;Secretaria Municipal de Esporte, Cultura, Lazer e Turismo;6;72510
Arenápolis;2025;Secretaria Municipal de Esporte, Cultura, Lazer e Turismo;7;2411704
Arenápolis;2025;Secretaria Municipal de Esporte, Cultura, Lazer e Turismo;8;150423
Arenápolis;2025;Secretaria Municipal de Esporte, Cultura, Lazer e Turismo;9;103019
Arenápolis;2025;Secretaria Municipal de Esporte, Cultura, Lazer e Turismo;10;67487
Arenápolis;2025;Secretaria Municipal de Esporte, Cultura, Lazer e Turismo;11;82131
Arenápolis;2025;Secretaria Municipal de Esporte, Cultura, Lazer e Turismo;12;1463194
Arenápolis;2025;Secretaria Municipal de Convenios, Licitacoes e Contratos;1;11887
Arenápolis;2025;Secretaria Municipal de Convenios, Licitacoes e Contratos;2;26683
Arenápolis;2025;Secretaria Municipal de Convenios, Licitacoes e Contratos;3;23532
Arenápolis;2025;Secretaria Municipal de Convenios, Licitacoes e Contratos;4;23532
Arenápolis;2025;Secretaria Municipal de Convenios, Licitacoes e Contratos;5;30545
Arenápolis;2025;Secretaria Municipal de Convenios, Licitacoes e Contratos;6;31223
Arenápolis;2025;Secretaria Municipal de Convenios, Licitacoes e Contratos;7;17041
Arenápolis;2025;Secretaria Municipal de Convenios, Licitacoes e Contratos;8;17041
Arenápolis;2025;Secretaria Municipal de Convenios, Licitacoes e Contratos;9;12484
Arenápolis;2025;Secretaria Municipal de Convenios, Licitacoes e Contratos;10;20328
Arenápolis;2025;Secretaria Municipal de Convenios, Licitacoes e Contratos;11;12484
Arenápolis;2025;Secretaria Municipal de Convenios, Licitacoes e Contratos;12;12484
Arenápolis;2025;Secretaria Munic. Transporte, Obras Serv. Publicos;1;354985
Arenápolis;2025;Secretaria Munic. Transporte, Obras Serv. Publicos;2;836865
Arenápolis;2025;Secretaria Munic. Transporte, Obras Serv. Publicos;3;679377
Arenápolis;2025;Secretaria Munic. Transporte, Obras Serv. Publicos;4;711195
Arenápolis;2025;Secretaria Munic. Transporte, Obras Serv. Publicos;5;974949
Arenápolis;2025;Secretaria Munic. Transporte, Obras Serv. Publicos;6;1082263
Arenápolis;2025;Secretaria Munic. Transporte, Obras Serv. Publicos;7;1022356
Arenápolis;2025;Secretaria Munic. Transporte, Obras Serv. Publicos;8;855311
Arenápolis;2025;Secretaria Munic. Transporte, Obras Serv. Publicos;9;681618
Arenápolis;2025;Secretaria Munic. Transporte, Obras Serv. Publicos;10;822461
Arenápolis;2025;Secretaria Munic. Transporte, Obras Serv. Publicos;11;1408054
Arenápolis;2025;Secretaria Munic. Transporte, Obras Serv. Publicos;12;2254992
Arenápolis;2026;Gabinete do Prefeito;1;136843
Arenápolis;2026;Gabinete do Prefeito;2;334134
Arenápolis;2026;Gabinete do Prefeito;3;172409
Arenápolis;2026;Gabinete do Prefeito;4;162614
Arenápolis;2026;Gabinete do Prefeito;5;133617
Arenápolis;2026;Gabinete do Prefeito;6;174293
Arenápolis;2026;Gabinete do Prefeito;7;135160
Arenápolis;2026;Secretaria Municipal de Administracao;1;384780
Arenápolis;2026;Secretaria Municipal de Administracao;2;274537
Arenápolis;2026;Secretaria Municipal de Administracao;3;319985
Arenápolis;2026;Secretaria Municipal de Administracao;4;303939
Arenápolis;2026;Secretaria Municipal de Administracao;5;311412
Arenápolis;2026;Secretaria Municipal de Administracao;6;283051
Arenápolis;2026;Secretaria Municipal de Administracao;7;282933
Arenápolis;2026;Secretaria Municipal de Assistencia Social;1;138796
Arenápolis;2026;Secretaria Municipal de Assistencia Social;2;219583
Arenápolis;2026;Secretaria Municipal de Assistencia Social;3;215342
Arenápolis;2026;Secretaria Municipal de Assistencia Social;4;201424
Arenápolis;2026;Secretaria Municipal de Assistencia Social;5;199954
Arenápolis;2026;Secretaria Municipal de Assistencia Social;6;215537
Arenápolis;2026;Secretaria Municipal de Assistencia Social;7;229760
Arenápolis;2026;Secretaria Municipal de Saude;1;1842274
Arenápolis;2026;Secretaria Municipal de Saude;2;2251372
Arenápolis;2026;Secretaria Municipal de Saude;3;2808498
Arenápolis;2026;Secretaria Municipal de Saude;4;2785922
Arenápolis;2026;Secretaria Municipal de Saude;5;3971337
Arenápolis;2026;Secretaria Municipal de Saude;6;2897560
Arenápolis;2026;Secretaria Municipal de Saude;7;2873760
Arenápolis;2026;Secretaria Municipal de Fazenda;1;159024
Arenápolis;2026;Secretaria Municipal de Fazenda;2;340990
Arenápolis;2026;Secretaria Municipal de Fazenda;3;299955
Arenápolis;2026;Secretaria Municipal de Fazenda;4;301174
Arenápolis;2026;Secretaria Municipal de Fazenda;5;475569
Arenápolis;2026;Secretaria Municipal de Fazenda;6;378752
Arenápolis;2026;Secretaria Municipal de Fazenda;7;486872
Arenápolis;2026;Camara Municipal de Arenapolis;1;200464
Arenápolis;2026;Camara Municipal de Arenapolis;2;216171
Arenápolis;2026;Camara Municipal de Arenapolis;3;243668
Arenápolis;2026;Camara Municipal de Arenapolis;4;227601
Arenápolis;2026;Camara Municipal de Arenapolis;5;267610
Arenápolis;2026;Camara Municipal de Arenapolis;6;248679
Arenápolis;2026;Camara Municipal de Arenapolis;7;260657
Arenápolis;2026;Camara Municipal de Arenapolis;8;243322
Arenápolis;2026;Secr Mun de Educacao e Cultura;1;1438712
Arenápolis;2026;Secr Mun de Educacao e Cultura;2;1524662
Arenápolis;2026;Secr Mun de Educacao e Cultura;3;1945008
Arenápolis;2026;Secr Mun de Educacao e Cultura;4;2551651
Arenápolis;2026;Secr Mun de Educacao e Cultura;5;1743112
Arenápolis;2026;Secr Mun de Educacao e Cultura;6;1704123
Arenápolis;2026;Secr Mun de Educacao e Cultura;7;1932786
Arenápolis;2026;Secretaria Munic. Agricultura e Meio Ambiente;1;70272
Arenápolis;2026;Secretaria Munic. Agricultura e Meio Ambiente;2;183087
Arenápolis;2026;Secretaria Munic. Agricultura e Meio Ambiente;3;84129
Arenápolis;2026;Secretaria Munic. Agricultura e Meio Ambiente;4;101903
Arenápolis;2026;Secretaria Munic. Agricultura e Meio Ambiente;5;106857
Arenápolis;2026;Secretaria Munic. Agricultura e Meio Ambiente;6;93360
Arenápolis;2026;Secretaria Munic. Agricultura e Meio Ambiente;7;96368
Arenápolis;2026;Secretaria Munic. Transporte, Obras Serv. Publicos;1;569097
Arenápolis;2026;Secretaria Munic. Transporte, Obras Serv. Publicos;2;965760
Arenápolis;2026;Secretaria Munic. Transporte, Obras Serv. Publicos;3;912172
Arenápolis;2026;Secretaria Munic. Transporte, Obras Serv. Publicos;4;848974
Arenápolis;2026;Secretaria Munic. Transporte, Obras Serv. Publicos;5;843118
Arenápolis;2026;Secretaria Munic. Transporte, Obras Serv. Publicos;6;813603
Arenápolis;2026;Secretaria Munic. Transporte, Obras Serv. Publicos;7;1355121
Arenápolis;2026;Secretaria Munic. Desporto, Lazer e Turismo;1;32664
Arenápolis;2026;Secretaria Munic. Desporto, Lazer e Turismo;2;101442
Arenápolis;2026;Secretaria Munic. Desporto, Lazer e Turismo;3;253330
Arenápolis;2026;Secretaria Munic. Desporto, Lazer e Turismo;4;753804
Arenápolis;2026;Secretaria Munic. Desporto, Lazer e Turismo;5;302678
Arenápolis;2026;Secretaria Munic. Desporto, Lazer e Turismo;6;56624
Arenápolis;2026;Secretaria Munic. Desporto, Lazer e Turismo;7;2023420
Arenápolis;2026;Secretaria Munic. Convenios, Licitacoes e Contratos;1;19874
Arenápolis;2026;Secretaria Munic. Convenios, Licitacoes e Contratos;2;33499
Arenápolis;2026;Secretaria Munic. Convenios, Licitacoes e Contratos;3;22116
Arenápolis;2026;Secretaria Munic. Convenios, Licitacoes e Contratos;4;25150
Arenápolis;2026;Secretaria Munic. Convenios, Licitacoes e Contratos;5;17652
Arenápolis;2026;Secretaria Munic. Convenios, Licitacoes e Contratos;6;17652
Arenápolis;2026;Secretaria Munic. Convenios, Licitacoes e Contratos;7;20135
Canarana;2021;Camara Municipal;1;216838
Canarana;2021;Camara Municipal;2;225504
Canarana;2021;Camara Municipal;3;258477
Canarana;2021;Camara Municipal;4;305883
Canarana;2021;Camara Municipal;5;262614
Canarana;2021;Camara Municipal;6;282191
Canarana;2021;Camara Municipal;7;272674
Canarana;2021;Camara Municipal;8;310612
Canarana;2021;Camara Municipal;9;286279
Canarana;2021;Camara Municipal;10;266576
Canarana;2021;Camara Municipal;11;324331
Canarana;2021;Camara Municipal;12;286990
Canarana;2021;Secretaria Municipal de Educação e Cultura;1;1320849
Canarana;2021;Secretaria Municipal de Educação e Cultura;2;1839024
Canarana;2021;Secretaria Municipal de Educação e Cultura;3;2346314
Canarana;2021;Secretaria Municipal de Educação e Cultura;4;2001042
Canarana;2021;Secretaria Municipal de Educação e Cultura;5;2240473
Canarana;2021;Secretaria Municipal de Educação e Cultura;6;2360228
Canarana;2021;Secretaria Municipal de Educação e Cultura;7;1979967
Canarana;2021;Secretaria Municipal de Educação e Cultura;8;2608605
Canarana;2021;Secretaria Municipal de Educação e Cultura;9;3037530
Canarana;2021;Secretaria Municipal de Educação e Cultura;10;2681803
Canarana;2021;Secretaria Municipal de Educação e Cultura;11;3667392
Canarana;2021;Secretaria Municipal de Educação e Cultura;12;7185241
Canarana;2021;Secretaria Municipal de Finanças;1;425615
Canarana;2021;Secretaria Municipal de Finanças;2;377183
Canarana;2021;Secretaria Municipal de Finanças;3;333227
Canarana;2021;Secretaria Municipal de Finanças;4;405212
Canarana;2021;Secretaria Municipal de Finanças;5;456402
Canarana;2021;Secretaria Municipal de Finanças;6;494523
Canarana;2021;Secretaria Municipal de Finanças;7;432293
Canarana;2021;Secretaria Municipal de Finanças;8;380008
Canarana;2021;Secretaria Municipal de Finanças;9;452694
Canarana;2021;Secretaria Municipal de Finanças;10;616837
Canarana;2021;Secretaria Municipal de Finanças;11;524435
Canarana;2021;Secretaria Municipal de Finanças;12;495631
Canarana;2021;Secretaria Municipal de Saúde e Saneamento;1;2787350
Canarana;2021;Secretaria Municipal de Saúde e Saneamento;2;3093181
Canarana;2021;Secretaria Municipal de Saúde e Saneamento;3;3375013
Canarana;2021;Secretaria Municipal de Saúde e Saneamento;4;2793825
Canarana;2021;Secretaria Municipal de Saúde e Saneamento;5;2880959
Canarana;2021;Secretaria Municipal de Saúde e Saneamento;6;3496647
Canarana;2021;Secretaria Municipal de Saúde e Saneamento;7;3416956
Canarana;2021;Secretaria Municipal de Saúde e Saneamento;8;3512221
Canarana;2021;Secretaria Municipal de Saúde e Saneamento;9;3494439
Canarana;2021;Secretaria Municipal de Saúde e Saneamento;10;3187331
Canarana;2021;Secretaria Municipal de Saúde e Saneamento;11;3279167
Canarana;2021;Secretaria Municipal de Saúde e Saneamento;12;3272500
Canarana;2021;Secretaria Municipal de Esportes e Lazer;1;159390
Canarana;2021;Secretaria Municipal de Esportes e Lazer;2;124273
Canarana;2021;Secretaria Municipal de Esportes e Lazer;3;99168
Canarana;2021;Secretaria Municipal de Esportes e Lazer;4;72960
Canarana;2021;Secretaria Municipal de Esportes e Lazer;5;136236
Canarana;2021;Secretaria Municipal de Esportes e Lazer;6;101466
Canarana;2021;Secretaria Municipal de Esportes e Lazer;7;101714
Canarana;2021;Secretaria Municipal de Esportes e Lazer;8;215719
Canarana;2021;Secretaria Municipal de Esportes e Lazer;9;140053
Canarana;2021;Secretaria Municipal de Esportes e Lazer;10;259684
Canarana;2021;Secretaria Municipal de Esportes e Lazer;11;128459
Canarana;2021;Secretaria Municipal de Esportes e Lazer;12;124709
Canarana;2021;Secretaria Mun. de Assistência Social;1;306992
Canarana;2021;Secretaria Mun. de Assistência Social;2;374776
Canarana;2021;Secretaria Mun. de Assistência Social;3;321109
Canarana;2021;Secretaria Mun. de Assistência Social;4;321101
Canarana;2021;Secretaria Mun. de Assistência Social;5;295064
Canarana;2021;Secretaria Mun. de Assistência Social;6;339694
Canarana;2021;Secretaria Mun. de Assistência Social;7;338966
Canarana;2021;Secretaria Mun. de Assistência Social;8;466757
Canarana;2021;Secretaria Mun. de Assistência Social;9;553491
Canarana;2021;Secretaria Mun. de Assistência Social;10;522858
Canarana;2021;Secretaria Mun. de Assistência Social;11;299353
Canarana;2021;Secretaria Mun. de Assistência Social;12;265105
Canarana;2021;Secretaria Mun. Desenvol. Sócioeconômico e Turisti;1;64270
Canarana;2021;Secretaria Mun. Desenvol. Sócioeconômico e Turisti;2;36527
Canarana;2021;Secretaria Mun. Desenvol. Sócioeconômico e Turisti;3;42983
Canarana;2021;Secretaria Mun. Desenvol. Sócioeconômico e Turisti;4;37191
Canarana;2021;Secretaria Mun. Desenvol. Sócioeconômico e Turisti;5;32951
Canarana;2021;Secretaria Mun. Desenvol. Sócioeconômico e Turisti;6;41206
Canarana;2021;Secretaria Mun. Desenvol. Sócioeconômico e Turisti;7;52273
Canarana;2021;Secretaria Mun. Desenvol. Sócioeconômico e Turisti;8;74357
Canarana;2021;Secretaria Mun. Desenvol. Sócioeconômico e Turisti;9;53298
Canarana;2021;Secretaria Mun. Desenvol. Sócioeconômico e Turisti;10;61122
Canarana;2021;Secretaria Mun. Desenvol. Sócioeconômico e Turisti;11;39499
Canarana;2021;Secretaria Mun. Desenvol. Sócioeconômico e Turisti;12;51565
Canarana;2021;Secretaria Mun. de Administração e Serviços Gerais;1;395867
Canarana;2021;Secretaria Mun. de Administração e Serviços Gerais;2;423544
Canarana;2021;Secretaria Mun. de Administração e Serviços Gerais;3;361756
Canarana;2021;Secretaria Mun. de Administração e Serviços Gerais;4;395914
Canarana;2021;Secretaria Mun. de Administração e Serviços Gerais;5;396904
Canarana;2021;Secretaria Mun. de Administração e Serviços Gerais;6;393750
Canarana;2021;Secretaria Mun. de Administração e Serviços Gerais;7;321032
Canarana;2021;Secretaria Mun. de Administração e Serviços Gerais;8;452359
Canarana;2021;Secretaria Mun. de Administração e Serviços Gerais;9;321741
Canarana;2021;Secretaria Mun. de Administração e Serviços Gerais;10;408101
Canarana;2021;Secretaria Mun. de Administração e Serviços Gerais;11;334179
Canarana;2021;Secretaria Mun. de Administração e Serviços Gerais;12;247570
Canarana;2021;Secretaria Municipal de Obras, Estradas e Rodagens;1;3156753
Canarana;2021;Secretaria Municipal de Obras, Estradas e Rodagens;2;2685511
Canarana;2021;Secretaria Municipal de Obras, Estradas e Rodagens;3;3692339
Canarana;2021;Secretaria Municipal de Obras, Estradas e Rodagens;4;2546356
Canarana;2021;Secretaria Municipal de Obras, Estradas e Rodagens;5;2885630
Canarana;2021;Secretaria Municipal de Obras, Estradas e Rodagens;6;5632780
Canarana;2021;Secretaria Municipal de Obras, Estradas e Rodagens;7;3214073
Canarana;2021;Secretaria Municipal de Obras, Estradas e Rodagens;8;4832691
Canarana;2021;Secretaria Municipal de Obras, Estradas e Rodagens;9;2103383
Canarana;2021;Secretaria Municipal de Obras, Estradas e Rodagens;10;5083447
Canarana;2021;Secretaria Municipal de Obras, Estradas e Rodagens;11;2745255
Canarana;2021;Secretaria Municipal de Obras, Estradas e Rodagens;12;863089
Canarana;2021;Secretaria Mun. de Agricultura e Meio Ambeinte;1;263783
Canarana;2021;Secretaria Mun. de Agricultura e Meio Ambeinte;2;117333
Canarana;2021;Secretaria Mun. de Agricultura e Meio Ambeinte;3;101865
Canarana;2021;Secretaria Mun. de Agricultura e Meio Ambeinte;4;88094
Canarana;2021;Secretaria Mun. de Agricultura e Meio Ambeinte;5;107567
Canarana;2021;Secretaria Mun. de Agricultura e Meio Ambeinte;6;127967
Canarana;2021;Secretaria Mun. de Agricultura e Meio Ambeinte;7;336502
Canarana;2021;Secretaria Mun. de Agricultura e Meio Ambeinte;8;309460
Canarana;2021;Secretaria Mun. de Agricultura e Meio Ambeinte;9;232832
Canarana;2021;Secretaria Mun. de Agricultura e Meio Ambeinte;10;212216
Canarana;2021;Secretaria Mun. de Agricultura e Meio Ambeinte;11;187262
Canarana;2021;Secretaria Mun. de Agricultura e Meio Ambeinte;12;82522
Canarana;2021;Secretaria de Gestão Governamental;1;237156
Canarana;2021;Secretaria de Gestão Governamental;2;201903
Canarana;2021;Secretaria de Gestão Governamental;3;164489
Canarana;2021;Secretaria de Gestão Governamental;4;156252
Canarana;2021;Secretaria de Gestão Governamental;5;210221
Canarana;2021;Secretaria de Gestão Governamental;6;205192
Canarana;2021;Secretaria de Gestão Governamental;7;219908
Canarana;2021;Secretaria de Gestão Governamental;8;237253
Canarana;2021;Secretaria de Gestão Governamental;9;227589
Canarana;2021;Secretaria de Gestão Governamental;10;253526
Canarana;2021;Secretaria de Gestão Governamental;11;245398
Canarana;2021;Secretaria de Gestão Governamental;12;204661
Canarana;2021;Prevican-fundo Mun. Prev. Serv. Canarana;1;447284
Canarana;2021;Prevican-fundo Mun. Prev. Serv. Canarana;2;418700
Canarana;2021;Prevican-fundo Mun. Prev. Serv. Canarana;3;436396
Canarana;2021;Prevican-fundo Mun. Prev. Serv. Canarana;4;441724
Canarana;2021;Prevican-fundo Mun. Prev. Serv. Canarana;5;460808
Canarana;2021;Prevican-fundo Mun. Prev. Serv. Canarana;6;451046
Canarana;2021;Prevican-fundo Mun. Prev. Serv. Canarana;7;465206
Canarana;2021;Prevican-fundo Mun. Prev. Serv. Canarana;8;455456
Canarana;2021;Prevican-fundo Mun. Prev. Serv. Canarana;9;452209
Canarana;2021;Prevican-fundo Mun. Prev. Serv. Canarana;10;459456
Canarana;2021;Prevican-fundo Mun. Prev. Serv. Canarana;11;461324
Canarana;2021;Prevican-fundo Mun. Prev. Serv. Canarana;12;910706
Canarana;2022;Camara Municipal;1;249628
Canarana;2022;Camara Municipal;2;402487
Canarana;2022;Camara Municipal;3;352860
Canarana;2022;Camara Municipal;4;378550
Canarana;2022;Camara Municipal;5;303058
Canarana;2022;Camara Municipal;6;344040
Canarana;2022;Camara Municipal;7;320877
Canarana;2022;Camara Municipal;8;326002
Canarana;2022;Camara Municipal;9;367992
Canarana;2022;Camara Municipal;10;321516
Canarana;2022;Camara Municipal;11;324345
Canarana;2022;Camara Municipal;12;383689
Canarana;2022;Secretaria Municipal de Educação e Cultura;1;1943122
Canarana;2022;Secretaria Municipal de Educação e Cultura;2;3207641
Canarana;2022;Secretaria Municipal de Educação e Cultura;3;3462582
Canarana;2022;Secretaria Municipal de Educação e Cultura;4;3624687
Canarana;2022;Secretaria Municipal de Educação e Cultura;5;3623507
Canarana;2022;Secretaria Municipal de Educação e Cultura;6;3578238
Canarana;2022;Secretaria Municipal de Educação e Cultura;7;5622267
Canarana;2022;Secretaria Municipal de Educação e Cultura;8;4220174
Canarana;2022;Secretaria Municipal de Educação e Cultura;9;5042030
Canarana;2022;Secretaria Municipal de Educação e Cultura;10;4043692
Canarana;2022;Secretaria Municipal de Educação e Cultura;11;2877431
Canarana;2022;Secretaria Municipal de Educação e Cultura;12;2465030
Canarana;2022;Secretaria Municipal de Finanças;1;401242
Canarana;2022;Secretaria Municipal de Finanças;2;510020
Canarana;2022;Secretaria Municipal de Finanças;3;458510
Canarana;2022;Secretaria Municipal de Finanças;4;528825
Canarana;2022;Secretaria Municipal de Finanças;5;551930
Canarana;2022;Secretaria Municipal de Finanças;6;544208
Canarana;2022;Secretaria Municipal de Finanças;7;594149
Canarana;2022;Secretaria Municipal de Finanças;8;586956
Canarana;2022;Secretaria Municipal de Finanças;9;567429
Canarana;2022;Secretaria Municipal de Finanças;10;608864
Canarana;2022;Secretaria Municipal de Finanças;11;875401
Canarana;2022;Secretaria Municipal de Finanças;12;495013
Canarana;2022;Secretaria Municipal de Saúde e Saneamento;1;3173967
Canarana;2022;Secretaria Municipal de Saúde e Saneamento;2;3954354
Canarana;2022;Secretaria Municipal de Saúde e Saneamento;3;4319125
Canarana;2022;Secretaria Municipal de Saúde e Saneamento;4;3370533
Canarana;2022;Secretaria Municipal de Saúde e Saneamento;5;4653445
Canarana;2022;Secretaria Municipal de Saúde e Saneamento;6;3915086
Canarana;2022;Secretaria Municipal de Saúde e Saneamento;7;4464230
Canarana;2022;Secretaria Municipal de Saúde e Saneamento;8;5368403
Canarana;2022;Secretaria Municipal de Saúde e Saneamento;9;5603676
Canarana;2022;Secretaria Municipal de Saúde e Saneamento;10;4300292
Canarana;2022;Secretaria Municipal de Saúde e Saneamento;11;2747873
Canarana;2022;Secretaria Municipal de Saúde e Saneamento;12;4390263
Canarana;2022;Secretaria Mun. de Assistência Social;1;450149
Canarana;2022;Secretaria Mun. de Assistência Social;2;703873
Canarana;2022;Secretaria Mun. de Assistência Social;3;548450
Canarana;2022;Secretaria Mun. de Assistência Social;4;565176
Canarana;2022;Secretaria Mun. de Assistência Social;5;482477
Canarana;2022;Secretaria Mun. de Assistência Social;6;679947
Canarana;2022;Secretaria Mun. de Assistência Social;7;522675
Canarana;2022;Secretaria Mun. de Assistência Social;8;533075
Canarana;2022;Secretaria Mun. de Assistência Social;9;475957
Canarana;2022;Secretaria Mun. de Assistência Social;10;486517
Canarana;2022;Secretaria Mun. de Assistência Social;11;452565
Canarana;2022;Secretaria Mun. de Assistência Social;12;366407
Canarana;2022;Secretaria Mun. Desenvol. Sócioeconômico e Turisti;1;98834
Canarana;2022;Secretaria Mun. Desenvol. Sócioeconômico e Turisti;2;113652
Canarana;2022;Secretaria Mun. Desenvol. Sócioeconômico e Turisti;3;118892
Canarana;2022;Secretaria Mun. Desenvol. Sócioeconômico e Turisti;4;49116
Canarana;2022;Secretaria Mun. Desenvol. Sócioeconômico e Turisti;5;136975
Canarana;2022;Secretaria Mun. Desenvol. Sócioeconômico e Turisti;6;698653
Canarana;2022;Secretaria Mun. Desenvol. Sócioeconômico e Turisti;7;135344
Canarana;2022;Secretaria Mun. Desenvol. Sócioeconômico e Turisti;8;253169
Canarana;2022;Secretaria Mun. Desenvol. Sócioeconômico e Turisti;9;130689
Canarana;2022;Secretaria Mun. Desenvol. Sócioeconômico e Turisti;10;60730
Canarana;2022;Secretaria Mun. Desenvol. Sócioeconômico e Turisti;11;74104
Canarana;2022;Secretaria Mun. Desenvol. Sócioeconômico e Turisti;12;72249
Canarana;2022;Secretaria Mun. de Administração e Serviços Gerais;1;1045410
Canarana;2022;Secretaria Mun. de Administração e Serviços Gerais;2;397492
Canarana;2022;Secretaria Mun. de Administração e Serviços Gerais;3;387816
Canarana;2022;Secretaria Mun. de Administração e Serviços Gerais;4;372673
Canarana;2022;Secretaria Mun. de Administração e Serviços Gerais;5;322047
Canarana;2022;Secretaria Mun. de Administração e Serviços Gerais;6;587656
Canarana;2022;Secretaria Mun. de Administração e Serviços Gerais;7;385018
Canarana;2022;Secretaria Mun. de Administração e Serviços Gerais;8;410864
Canarana;2022;Secretaria Mun. de Administração e Serviços Gerais;9;298413
Canarana;2022;Secretaria Mun. de Administração e Serviços Gerais;10;360888
Canarana;2022;Secretaria Mun. de Administração e Serviços Gerais;11;221058
Canarana;2022;Secretaria Mun. de Administração e Serviços Gerais;12;331835
Canarana;2022;Secretaria Municipal de Obras, Estradas e Rodagens;1;4350846
Canarana;2022;Secretaria Municipal de Obras, Estradas e Rodagens;2;3575067
Canarana;2022;Secretaria Municipal de Obras, Estradas e Rodagens;3;3243295
Canarana;2022;Secretaria Municipal de Obras, Estradas e Rodagens;4;1896922
Canarana;2022;Secretaria Municipal de Obras, Estradas e Rodagens;5;2677986
Canarana;2022;Secretaria Municipal de Obras, Estradas e Rodagens;6;2266124
Canarana;2022;Secretaria Municipal de Obras, Estradas e Rodagens;7;3078409
Canarana;2022;Secretaria Municipal de Obras, Estradas e Rodagens;8;2069293
Canarana;2022;Secretaria Municipal de Obras, Estradas e Rodagens;9;4819119
Canarana;2022;Secretaria Municipal de Obras, Estradas e Rodagens;10;3177940
Canarana;2022;Secretaria Municipal de Obras, Estradas e Rodagens;11;3484423
Canarana;2022;Secretaria Municipal de Obras, Estradas e Rodagens;12;1173863
Canarana;2022;Secretaria Mun. de Agricultura e Meio Ambeinte;1;319575
Canarana;2022;Secretaria Mun. de Agricultura e Meio Ambeinte;2;190466
Canarana;2022;Secretaria Mun. de Agricultura e Meio Ambeinte;3;244292
Canarana;2022;Secretaria Mun. de Agricultura e Meio Ambeinte;4;222681
Canarana;2022;Secretaria Mun. de Agricultura e Meio Ambeinte;5;315906
Canarana;2022;Secretaria Mun. de Agricultura e Meio Ambeinte;6;129568
Canarana;2022;Secretaria Mun. de Agricultura e Meio Ambeinte;7;264660
Canarana;2022;Secretaria Mun. de Agricultura e Meio Ambeinte;8;519323
Canarana;2022;Secretaria Mun. de Agricultura e Meio Ambeinte;9;313219
Canarana;2022;Secretaria Mun. de Agricultura e Meio Ambeinte;10;282256
Canarana;2022;Secretaria Mun. de Agricultura e Meio Ambeinte;11;299323
Canarana;2022;Secretaria Mun. de Agricultura e Meio Ambeinte;12;136505
Canarana;2022;Secretaria de Gestão Governamental;1;343967
Canarana;2022;Secretaria de Gestão Governamental;2;298666
Canarana;2022;Secretaria de Gestão Governamental;3;301503
Canarana;2022;Secretaria de Gestão Governamental;4;265732
Canarana;2022;Secretaria de Gestão Governamental;5;294414
Canarana;2022;Secretaria de Gestão Governamental;6;364913
Canarana;2022;Secretaria de Gestão Governamental;7;298771
Canarana;2022;Secretaria de Gestão Governamental;8;411285
Canarana;2022;Secretaria de Gestão Governamental;9;237307
Canarana;2022;Secretaria de Gestão Governamental;10;269245
Canarana;2022;Secretaria de Gestão Governamental;11;345185
Canarana;2022;Secretaria de Gestão Governamental;12;160531
Canarana;2022;Prevican-fundo Mun. Prev. Serv. Canarana;1;483290
Canarana;2022;Prevican-fundo Mun. Prev. Serv. Canarana;2;609051
Canarana;2022;Prevican-fundo Mun. Prev. Serv. Canarana;3;553677
Canarana;2022;Prevican-fundo Mun. Prev. Serv. Canarana;4;580904
Canarana;2022;Prevican-fundo Mun. Prev. Serv. Canarana;5;751030
Canarana;2022;Prevican-fundo Mun. Prev. Serv. Canarana;6;577941
Canarana;2022;Prevican-fundo Mun. Prev. Serv. Canarana;7;583499
Canarana;2022;Prevican-fundo Mun. Prev. Serv. Canarana;8;570257
Canarana;2022;Prevican-fundo Mun. Prev. Serv. Canarana;9;552092
Canarana;2022;Prevican-fundo Mun. Prev. Serv. Canarana;10;598498
Canarana;2022;Prevican-fundo Mun. Prev. Serv. Canarana;11;567549
Canarana;2022;Prevican-fundo Mun. Prev. Serv. Canarana;12;939160
Canarana;2022;Secretaria Municipal de Juventude Esportes e Lazer;1;214191
Canarana;2022;Secretaria Municipal de Juventude Esportes e Lazer;2;397670
Canarana;2022;Secretaria Municipal de Juventude Esportes e Lazer;3;435310
Canarana;2022;Secretaria Municipal de Juventude Esportes e Lazer;4;430112
Canarana;2022;Secretaria Municipal de Juventude Esportes e Lazer;5;383615
Canarana;2022;Secretaria Municipal de Juventude Esportes e Lazer;6;366733
Canarana;2022;Secretaria Municipal de Juventude Esportes e Lazer;7;605075
Canarana;2022;Secretaria Municipal de Juventude Esportes e Lazer;8;394903
Canarana;2022;Secretaria Municipal de Juventude Esportes e Lazer;9;282900
Canarana;2022;Secretaria Municipal de Juventude Esportes e Lazer;10;330343
Canarana;2022;Secretaria Municipal de Juventude Esportes e Lazer;11;215899
Canarana;2022;Secretaria Municipal de Juventude Esportes e Lazer;12;347855
Canarana;2023;Camara Municipal;1;285840
Canarana;2023;Camara Municipal;2;356666
Canarana;2023;Camara Municipal;3;427004
Canarana;2023;Camara Municipal;4;362436
Canarana;2023;Camara Municipal;5;371796
Canarana;2023;Camara Municipal;6;411440
Canarana;2023;Camara Municipal;7;355184
Canarana;2023;Camara Municipal;8;489816
Canarana;2023;Camara Municipal;9;408868
Canarana;2023;Camara Municipal;10;408064
Canarana;2023;Camara Municipal;11;383711
Canarana;2023;Camara Municipal;12;476612
Canarana;2023;Secretaria Municipal de Educação e Cultura;1;6020929
Canarana;2023;Secretaria Municipal de Educação e Cultura;2;5141834
Canarana;2023;Secretaria Municipal de Educação e Cultura;3;4516988
Canarana;2023;Secretaria Municipal de Educação e Cultura;4;4481659
Canarana;2023;Secretaria Municipal de Educação e Cultura;5;4425368
Canarana;2023;Secretaria Municipal de Educação e Cultura;6;4516486
Canarana;2023;Secretaria Municipal de Educação e Cultura;7;4553441
Canarana;2023;Secretaria Municipal de Educação e Cultura;8;5319853
Canarana;2023;Secretaria Municipal de Educação e Cultura;9;4720052
Canarana;2023;Secretaria Municipal de Educação e Cultura;10;4138297
Canarana;2023;Secretaria Municipal de Educação e Cultura;11;3644277
Canarana;2023;Secretaria Municipal de Educação e Cultura;12;4171368
Canarana;2023;Secretaria Municipal de Finanças;1;4012759
Canarana;2023;Secretaria Municipal de Finanças;2;557787
Canarana;2023;Secretaria Municipal de Finanças;3;434769
Canarana;2023;Secretaria Municipal de Finanças;4;751943
Canarana;2023;Secretaria Municipal de Finanças;5;1787058
Canarana;2023;Secretaria Municipal de Finanças;6;929609
Canarana;2023;Secretaria Municipal de Finanças;7;706120
Canarana;2023;Secretaria Municipal de Finanças;8;1921629
Canarana;2023;Secretaria Municipal de Finanças;9;1101594
Canarana;2023;Secretaria Municipal de Finanças;10;1450846
Canarana;2023;Secretaria Municipal de Finanças;11;1433266
Canarana;2023;Secretaria Municipal de Finanças;12;1129122
Canarana;2023;Secretaria Municipal de Saúde e Saneamento;1;4446833
Canarana;2023;Secretaria Municipal de Saúde e Saneamento;2;4527142
Canarana;2023;Secretaria Municipal de Saúde e Saneamento;3;4553979
Canarana;2023;Secretaria Municipal de Saúde e Saneamento;4;4008324
Canarana;2023;Secretaria Municipal de Saúde e Saneamento;5;4124687
Canarana;2023;Secretaria Municipal de Saúde e Saneamento;6;4753554
Canarana;2023;Secretaria Municipal de Saúde e Saneamento;7;4290364
Canarana;2023;Secretaria Municipal de Saúde e Saneamento;8;4790263
Canarana;2023;Secretaria Municipal de Saúde e Saneamento;9;4243201
Canarana;2023;Secretaria Municipal de Saúde e Saneamento;10;5760897
Canarana;2023;Secretaria Municipal de Saúde e Saneamento;11;5052222
Canarana;2023;Secretaria Municipal de Saúde e Saneamento;12;2832643
Canarana;2023;Secretaria Municipal de Esportes e Lazer;1;468818
Canarana;2023;Secretaria Municipal de Esportes e Lazer;2;315574
Canarana;2023;Secretaria Municipal de Esportes e Lazer;3;441633
Canarana;2023;Secretaria Municipal de Esportes e Lazer;4;505968
Canarana;2023;Secretaria Municipal de Esportes e Lazer;5;241471
Canarana;2023;Secretaria Municipal de Esportes e Lazer;6;286916
Canarana;2023;Secretaria Municipal de Esportes e Lazer;7;266453
Canarana;2023;Secretaria Municipal de Esportes e Lazer;8;304680
Canarana;2023;Secretaria Municipal de Esportes e Lazer;9;184866
Canarana;2023;Secretaria Municipal de Esportes e Lazer;10;326218
Canarana;2023;Secretaria Municipal de Esportes e Lazer;11;136815
Canarana;2023;Secretaria Municipal de Esportes e Lazer;12;274867
Canarana;2023;Secretaria Mun. de Assistência Social;1;572311
Canarana;2023;Secretaria Mun. de Assistência Social;2;581946
Canarana;2023;Secretaria Mun. de Assistência Social;3;451985
Canarana;2023;Secretaria Mun. de Assistência Social;4;825040
Canarana;2023;Secretaria Mun. de Assistência Social;5;469504
Canarana;2023;Secretaria Mun. de Assistência Social;6;441244
Canarana;2023;Secretaria Mun. de Assistência Social;7;568470
Canarana;2023;Secretaria Mun. de Assistência Social;8;614490
Canarana;2023;Secretaria Mun. de Assistência Social;9;481307
Canarana;2023;Secretaria Mun. de Assistência Social;10;848848
Canarana;2023;Secretaria Mun. de Assistência Social;11;416239
Canarana;2023;Secretaria Mun. de Assistência Social;12;499216
Canarana;2023;Secretaria Mun. Desenvol. Sócioeconômico e Turisti;1;124246
Canarana;2023;Secretaria Mun. Desenvol. Sócioeconômico e Turisti;2;72579
Canarana;2023;Secretaria Mun. Desenvol. Sócioeconômico e Turisti;3;104270
Canarana;2023;Secretaria Mun. Desenvol. Sócioeconômico e Turisti;4;50340
Canarana;2023;Secretaria Mun. Desenvol. Sócioeconômico e Turisti;5;343845
Canarana;2023;Secretaria Mun. Desenvol. Sócioeconômico e Turisti;6;115060
Canarana;2023;Secretaria Mun. Desenvol. Sócioeconômico e Turisti;7;643649
Canarana;2023;Secretaria Mun. Desenvol. Sócioeconômico e Turisti;8;567842
Canarana;2023;Secretaria Mun. Desenvol. Sócioeconômico e Turisti;9;56153
Canarana;2023;Secretaria Mun. Desenvol. Sócioeconômico e Turisti;10;76371
Canarana;2023;Secretaria Mun. Desenvol. Sócioeconômico e Turisti;11;37700
Canarana;2023;Secretaria Mun. Desenvol. Sócioeconômico e Turisti;12;62152
Canarana;2023;Secretaria Mun. de Administração e Serviços Gerais;1;1025488
Canarana;2023;Secretaria Mun. de Administração e Serviços Gerais;2;495969
Canarana;2023;Secretaria Mun. de Administração e Serviços Gerais;3;431567
Canarana;2023;Secretaria Mun. de Administração e Serviços Gerais;4;626281
Canarana;2023;Secretaria Mun. de Administração e Serviços Gerais;5;424043
Canarana;2023;Secretaria Mun. de Administração e Serviços Gerais;6;441003
Canarana;2023;Secretaria Mun. de Administração e Serviços Gerais;7;430864
Canarana;2023;Secretaria Mun. de Administração e Serviços Gerais;8;487179
Canarana;2023;Secretaria Mun. de Administração e Serviços Gerais;9;355637
Canarana;2023;Secretaria Mun. de Administração e Serviços Gerais;10;518860
Canarana;2023;Secretaria Mun. de Administração e Serviços Gerais;11;343151
Canarana;2023;Secretaria Mun. de Administração e Serviços Gerais;12;645927
Canarana;2023;Secretaria Municipal de Obras, Estradas e Rodagens;1;2883061
Canarana;2023;Secretaria Municipal de Obras, Estradas e Rodagens;2;5284144
Canarana;2023;Secretaria Municipal de Obras, Estradas e Rodagens;3;7367149
Canarana;2023;Secretaria Municipal de Obras, Estradas e Rodagens;4;3211297
Canarana;2023;Secretaria Municipal de Obras, Estradas e Rodagens;5;5475106
Canarana;2023;Secretaria Municipal de Obras, Estradas e Rodagens;6;5035463
Canarana;2023;Secretaria Municipal de Obras, Estradas e Rodagens;7;6524922
Canarana;2023;Secretaria Municipal de Obras, Estradas e Rodagens;8;4948566
Canarana;2023;Secretaria Municipal de Obras, Estradas e Rodagens;9;4807391
Canarana;2023;Secretaria Municipal de Obras, Estradas e Rodagens;10;6522850
Canarana;2023;Secretaria Municipal de Obras, Estradas e Rodagens;11;3290960
Canarana;2023;Secretaria Municipal de Obras, Estradas e Rodagens;12;8121874
Canarana;2023;Secretaria Mun. de Agricultura e Meio Ambeinte;1;231452
Canarana;2023;Secretaria Mun. de Agricultura e Meio Ambeinte;2;238808
Canarana;2023;Secretaria Mun. de Agricultura e Meio Ambeinte;3;340026
Canarana;2023;Secretaria Mun. de Agricultura e Meio Ambeinte;4;279037
Canarana;2023;Secretaria Mun. de Agricultura e Meio Ambeinte;5;159892
Canarana;2023;Secretaria Mun. de Agricultura e Meio Ambeinte;6;223884
Canarana;2023;Secretaria Mun. de Agricultura e Meio Ambeinte;7;175232
Canarana;2023;Secretaria Mun. de Agricultura e Meio Ambeinte;8;376081
Canarana;2023;Secretaria Mun. de Agricultura e Meio Ambeinte;9;283521
Canarana;2023;Secretaria Mun. de Agricultura e Meio Ambeinte;10;271864
Canarana;2023;Secretaria Mun. de Agricultura e Meio Ambeinte;11;198202
Canarana;2023;Secretaria Mun. de Agricultura e Meio Ambeinte;12;250768
Canarana;2023;Secretaria de Gestão Governamental;1;281320
Canarana;2023;Secretaria de Gestão Governamental;2;337432
Canarana;2023;Secretaria de Gestão Governamental;3;276697
Canarana;2023;Secretaria de Gestão Governamental;4;238723
Canarana;2023;Secretaria de Gestão Governamental;5;210802
Canarana;2023;Secretaria de Gestão Governamental;6;367622
Canarana;2023;Secretaria de Gestão Governamental;7;269334
Canarana;2023;Secretaria de Gestão Governamental;8;267881
Canarana;2023;Secretaria de Gestão Governamental;9;371800
Canarana;2023;Secretaria de Gestão Governamental;10;367409
Canarana;2023;Secretaria de Gestão Governamental;11;291832
Canarana;2023;Secretaria de Gestão Governamental;12;429542
Canarana;2023;Prevican-fundo Mun. Prev. Serv. Canarana;1;577218
Canarana;2023;Prevican-fundo Mun. Prev. Serv. Canarana;2;558809
Canarana;2023;Prevican-fundo Mun. Prev. Serv. Canarana;3;560528
Canarana;2023;Prevican-fundo Mun. Prev. Serv. Canarana;4;586346
Canarana;2023;Prevican-fundo Mun. Prev. Serv. Canarana;5;599785
Canarana;2023;Prevican-fundo Mun. Prev. Serv. Canarana;6;748390
Canarana;2023;Prevican-fundo Mun. Prev. Serv. Canarana;7;596081
Canarana;2023;Prevican-fundo Mun. Prev. Serv. Canarana;8;612288
Canarana;2023;Prevican-fundo Mun. Prev. Serv. Canarana;9;627834
Canarana;2023;Prevican-fundo Mun. Prev. Serv. Canarana;10;623747
Canarana;2023;Prevican-fundo Mun. Prev. Serv. Canarana;11;627272
Canarana;2023;Prevican-fundo Mun. Prev. Serv. Canarana;12;1110920
Canarana;2024;Camara Municipal;1;354325
Canarana;2024;Camara Municipal;2;404499
Canarana;2024;Camara Municipal;3;431686
Canarana;2024;Camara Municipal;4;547872
Canarana;2024;Camara Municipal;5;377036
Canarana;2024;Camara Municipal;6;376918
Canarana;2024;Camara Municipal;7;389440
Canarana;2024;Camara Municipal;8;437311
Canarana;2024;Camara Municipal;9;366545
Canarana;2024;Camara Municipal;10;419399
Canarana;2024;Camara Municipal;11;406015
Canarana;2024;Camara Municipal;12;551833
Canarana;2024;Secretaria Municipal de Educação e Cultura;1;4685277
Canarana;2024;Secretaria Municipal de Educação e Cultura;2;5713271
Canarana;2024;Secretaria Municipal de Educação e Cultura;3;5662799
Canarana;2024;Secretaria Municipal de Educação e Cultura;4;6863027
Canarana;2024;Secretaria Municipal de Educação e Cultura;5;4870164
Canarana;2024;Secretaria Municipal de Educação e Cultura;6;6278616
Canarana;2024;Secretaria Municipal de Educação e Cultura;7;4964403
Canarana;2024;Secretaria Municipal de Educação e Cultura;8;5945299
Canarana;2024;Secretaria Municipal de Educação e Cultura;9;6762512
Canarana;2024;Secretaria Municipal de Educação e Cultura;10;2006482
Canarana;2024;Secretaria Municipal de Educação e Cultura;11;5512260
Canarana;2024;Secretaria Municipal de Educação e Cultura;12;7381549
Canarana;2024;Secretaria Municipal de Finanças;1;2129661
Canarana;2024;Secretaria Municipal de Finanças;2;803237
Canarana;2024;Secretaria Municipal de Finanças;3;1310567
Canarana;2024;Secretaria Municipal de Finanças;4;816611
Canarana;2024;Secretaria Municipal de Finanças;5;1946961
Canarana;2024;Secretaria Municipal de Finanças;6;932727
Canarana;2024;Secretaria Municipal de Finanças;7;1064593
Canarana;2024;Secretaria Municipal de Finanças;8;954859
Canarana;2024;Secretaria Municipal de Finanças;9;1191009
Canarana;2024;Secretaria Municipal de Finanças;10;1053304
Canarana;2024;Secretaria Municipal de Finanças;11;480940
Canarana;2024;Secretaria Municipal de Finanças;12;2947144
Canarana;2024;Secretaria Municipal de Saúde e Saneamento;1;6283083
Canarana;2024;Secretaria Municipal de Saúde e Saneamento;2;4705287
Canarana;2024;Secretaria Municipal de Saúde e Saneamento;3;4928401
Canarana;2024;Secretaria Municipal de Saúde e Saneamento;4;4746177
Canarana;2024;Secretaria Municipal de Saúde e Saneamento;5;4941930
Canarana;2024;Secretaria Municipal de Saúde e Saneamento;6;7381347
Canarana;2024;Secretaria Municipal de Saúde e Saneamento;7;11618837
Canarana;2024;Secretaria Municipal de Saúde e Saneamento;8;8270030
Canarana;2024;Secretaria Municipal de Saúde e Saneamento;9;6131249
Canarana;2024;Secretaria Municipal de Saúde e Saneamento;10;8495314
Canarana;2024;Secretaria Municipal de Saúde e Saneamento;11;10862733
Canarana;2024;Secretaria Municipal de Saúde e Saneamento;12;5604478
Canarana;2024;Secretaria Municipal de Esportes e Lazer;1;327668
Canarana;2024;Secretaria Municipal de Esportes e Lazer;2;269662
Canarana;2024;Secretaria Municipal de Esportes e Lazer;3;382407
Canarana;2024;Secretaria Municipal de Esportes e Lazer;4;225977
Canarana;2024;Secretaria Municipal de Esportes e Lazer;5;266915
Canarana;2024;Secretaria Municipal de Esportes e Lazer;6;291667
Canarana;2024;Secretaria Municipal de Esportes e Lazer;7;203355
Canarana;2024;Secretaria Municipal de Esportes e Lazer;8;1458383
Canarana;2024;Secretaria Municipal de Esportes e Lazer;9;263105
Canarana;2024;Secretaria Municipal de Esportes e Lazer;10;397787
Canarana;2024;Secretaria Municipal de Esportes e Lazer;11;1939689
Canarana;2024;Secretaria Municipal de Esportes e Lazer;12;225370
Canarana;2024;Secretaria Mun. de Assistência Social;1;815432
Canarana;2024;Secretaria Mun. de Assistência Social;2;369424
Canarana;2024;Secretaria Mun. de Assistência Social;3;505806
Canarana;2024;Secretaria Mun. de Assistência Social;4;603379
Canarana;2024;Secretaria Mun. de Assistência Social;5;560622
Canarana;2024;Secretaria Mun. de Assistência Social;6;1068397
Canarana;2024;Secretaria Mun. de Assistência Social;7;458831
Canarana;2024;Secretaria Mun. de Assistência Social;8;711144
Canarana;2024;Secretaria Mun. de Assistência Social;9;1369485
Canarana;2024;Secretaria Mun. de Assistência Social;10;426876
Canarana;2024;Secretaria Mun. de Assistência Social;11;650678
Canarana;2024;Secretaria Mun. de Assistência Social;12;6477383
Canarana;2024;Secretaria Mun. Desenvol. Sócioeconômico e Turisti;1;520806
Canarana;2024;Secretaria Mun. Desenvol. Sócioeconômico e Turisti;2;146945
Canarana;2024;Secretaria Mun. Desenvol. Sócioeconômico e Turisti;3;58296
Canarana;2024;Secretaria Mun. Desenvol. Sócioeconômico e Turisti;4;1145387
Canarana;2024;Secretaria Mun. Desenvol. Sócioeconômico e Turisti;5;308254
Canarana;2024;Secretaria Mun. Desenvol. Sócioeconômico e Turisti;6;767091
Canarana;2024;Secretaria Mun. Desenvol. Sócioeconômico e Turisti;7;342365
Canarana;2024;Secretaria Mun. Desenvol. Sócioeconômico e Turisti;8;757809
Canarana;2024;Secretaria Mun. Desenvol. Sócioeconômico e Turisti;9;556605
Canarana;2024;Secretaria Mun. Desenvol. Sócioeconômico e Turisti;10;6875
Canarana;2024;Secretaria Mun. Desenvol. Sócioeconômico e Turisti;11;40036
Canarana;2024;Secretaria Mun. Desenvol. Sócioeconômico e Turisti;12;625885
Canarana;2024;Secretaria Mun. de Administração e Serviços Gerais;1;989736
Canarana;2024;Secretaria Mun. de Administração e Serviços Gerais;2;494298
Canarana;2024;Secretaria Mun. de Administração e Serviços Gerais;3;452602
Canarana;2024;Secretaria Mun. de Administração e Serviços Gerais;4;504945
Canarana;2024;Secretaria Mun. de Administração e Serviços Gerais;5;758923
Canarana;2024;Secretaria Mun. de Administração e Serviços Gerais;6;731448
Canarana;2024;Secretaria Mun. de Administração e Serviços Gerais;7;544061
Canarana;2024;Secretaria Mun. de Administração e Serviços Gerais;8;540307
Canarana;2024;Secretaria Mun. de Administração e Serviços Gerais;9;496244
Canarana;2024;Secretaria Mun. de Administração e Serviços Gerais;10;214810
Canarana;2024;Secretaria Mun. de Administração e Serviços Gerais;11;630357
Canarana;2024;Secretaria Mun. de Administração e Serviços Gerais;12;673534
Canarana;2024;Secretaria Municipal de Obras, Estradas e Rodagens;1;2818333
Canarana;2024;Secretaria Municipal de Obras, Estradas e Rodagens;2;4204602
Canarana;2024;Secretaria Municipal de Obras, Estradas e Rodagens;3;2423654
Canarana;2024;Secretaria Municipal de Obras, Estradas e Rodagens;4;3728046
Canarana;2024;Secretaria Municipal de Obras, Estradas e Rodagens;5;6889766
Canarana;2024;Secretaria Municipal de Obras, Estradas e Rodagens;6;5714569
Canarana;2024;Secretaria Municipal de Obras, Estradas e Rodagens;7;1932499
Canarana;2024;Secretaria Municipal de Obras, Estradas e Rodagens;8;3526466
Canarana;2024;Secretaria Municipal de Obras, Estradas e Rodagens;9;5346912
Canarana;2024;Secretaria Municipal de Obras, Estradas e Rodagens;10;5088515
Canarana;2024;Secretaria Municipal de Obras, Estradas e Rodagens;11;3054983
Canarana;2024;Secretaria Municipal de Obras, Estradas e Rodagens;12;3781737
Canarana;2024;Secretaria Mun. de Agricultura e Meio Ambeinte;1;450271
Canarana;2024;Secretaria Mun. de Agricultura e Meio Ambeinte;2;150455
Canarana;2024;Secretaria Mun. de Agricultura e Meio Ambeinte;3;256059
Canarana;2024;Secretaria Mun. de Agricultura e Meio Ambeinte;4;530489
Canarana;2024;Secretaria Mun. de Agricultura e Meio Ambeinte;5;163685
Canarana;2024;Secretaria Mun. de Agricultura e Meio Ambeinte;6;245677
Canarana;2024;Secretaria Mun. de Agricultura e Meio Ambeinte;7;341809
Canarana;2024;Secretaria Mun. de Agricultura e Meio Ambeinte;8;344994
Canarana;2024;Secretaria Mun. de Agricultura e Meio Ambeinte;9;1070725
Canarana;2024;Secretaria Mun. de Agricultura e Meio Ambeinte;10;99243
Canarana;2024;Secretaria Mun. de Agricultura e Meio Ambeinte;11;180899
Canarana;2024;Secretaria Mun. de Agricultura e Meio Ambeinte;12;387689
Canarana;2024;Secretaria de Gestão Governamental;1;431086
Canarana;2024;Secretaria de Gestão Governamental;2;405086
Canarana;2024;Secretaria de Gestão Governamental;3;328707
Canarana;2024;Secretaria de Gestão Governamental;4;379608
Canarana;2024;Secretaria de Gestão Governamental;5;300762
Canarana;2024;Secretaria de Gestão Governamental;6;374811
Canarana;2024;Secretaria de Gestão Governamental;7;368890
Canarana;2024;Secretaria de Gestão Governamental;8;400019
Canarana;2024;Secretaria de Gestão Governamental;9;323951
Canarana;2024;Secretaria de Gestão Governamental;10;102787
Canarana;2024;Secretaria de Gestão Governamental;11;290593
Canarana;2024;Secretaria de Gestão Governamental;12;903744
Canarana;2024;Prevican-fundo Mun. Prev. Serv. Canarana;1;636768
Canarana;2024;Prevican-fundo Mun. Prev. Serv. Canarana;2;618678
Canarana;2024;Prevican-fundo Mun. Prev. Serv. Canarana;3;629863
Canarana;2024;Prevican-fundo Mun. Prev. Serv. Canarana;4;863990
Canarana;2024;Prevican-fundo Mun. Prev. Serv. Canarana;5;715302
Canarana;2024;Prevican-fundo Mun. Prev. Serv. Canarana;6;719833
Canarana;2024;Prevican-fundo Mun. Prev. Serv. Canarana;7;701458
Canarana;2024;Prevican-fundo Mun. Prev. Serv. Canarana;8;715872
Canarana;2024;Prevican-fundo Mun. Prev. Serv. Canarana;9;703337
Canarana;2024;Prevican-fundo Mun. Prev. Serv. Canarana;10;732164
Canarana;2024;Prevican-fundo Mun. Prev. Serv. Canarana;11;709227
Canarana;2024;Prevican-fundo Mun. Prev. Serv. Canarana;12;1310071
Canarana;2025;Camara Municipal;1;423112
Canarana;2025;Camara Municipal;2;461936
Canarana;2025;Camara Municipal;3;483907
Canarana;2025;Camara Municipal;4;539810
Canarana;2025;Camara Municipal;5;552054
Canarana;2025;Camara Municipal;6;569292
Canarana;2025;Camara Municipal;7;557120
Canarana;2025;Camara Municipal;8;618928
Canarana;2025;Camara Municipal;9;691387
Canarana;2025;Camara Municipal;10;609344
Canarana;2025;Camara Municipal;11;661366
Canarana;2025;Camara Municipal;12;790500
Canarana;2025;Secretaria Municipal de Educação e Cultura;1;2796953
Canarana;2025;Secretaria Municipal de Educação e Cultura;2;4059057
Canarana;2025;Secretaria Municipal de Educação e Cultura;3;5857572
Canarana;2025;Secretaria Municipal de Educação e Cultura;4;7412050
Canarana;2025;Secretaria Municipal de Educação e Cultura;5;6414185
Canarana;2025;Secretaria Municipal de Educação e Cultura;6;5592165
Canarana;2025;Secretaria Municipal de Educação e Cultura;7;5713533
Canarana;2025;Secretaria Municipal de Educação e Cultura;8;6108142
Canarana;2025;Secretaria Municipal de Educação e Cultura;9;6581582
Canarana;2025;Secretaria Municipal de Educação e Cultura;10;6559629
Canarana;2025;Secretaria Municipal de Educação e Cultura;11;5234554
Canarana;2025;Secretaria Municipal de Educação e Cultura;12;8735450
Canarana;2025;Secretaria Municipal de Finanças;1;757104
Canarana;2025;Secretaria Municipal de Finanças;2;663020
Canarana;2025;Secretaria Municipal de Finanças;3;855886
Canarana;2025;Secretaria Municipal de Finanças;4;1858393
Canarana;2025;Secretaria Municipal de Finanças;5;1510937
Canarana;2025;Secretaria Municipal de Finanças;6;1610391
Canarana;2025;Secretaria Municipal de Finanças;7;941171
Canarana;2025;Secretaria Municipal de Finanças;8;1097881
Canarana;2025;Secretaria Municipal de Finanças;9;917207
Canarana;2025;Secretaria Municipal de Finanças;10;952385
Canarana;2025;Secretaria Municipal de Finanças;11;953918
Canarana;2025;Secretaria Municipal de Finanças;12;1645892
Canarana;2025;Secretaria Municipal de Saúde e Saneamento;1;3858923
Canarana;2025;Secretaria Municipal de Saúde e Saneamento;2;4029619
Canarana;2025;Secretaria Municipal de Saúde e Saneamento;3;4658168
Canarana;2025;Secretaria Municipal de Saúde e Saneamento;4;4508585
Canarana;2025;Secretaria Municipal de Saúde e Saneamento;5;6403642
Canarana;2025;Secretaria Municipal de Saúde e Saneamento;6;6302834
Canarana;2025;Secretaria Municipal de Saúde e Saneamento;7;5401683
Canarana;2025;Secretaria Municipal de Saúde e Saneamento;8;5323931
Canarana;2025;Secretaria Municipal de Saúde e Saneamento;9;5050278
Canarana;2025;Secretaria Municipal de Saúde e Saneamento;10;4783306
Canarana;2025;Secretaria Municipal de Saúde e Saneamento;11;5591208
Canarana;2025;Secretaria Municipal de Saúde e Saneamento;12;5838253
Canarana;2025;Secretaria Municipal de Esportes e Lazer;1;69462
Canarana;2025;Secretaria Municipal de Esportes e Lazer;2;189336
Canarana;2025;Secretaria Municipal de Esportes e Lazer;3;97422
Canarana;2025;Secretaria Municipal de Esportes e Lazer;4;241712
Canarana;2025;Secretaria Municipal de Esportes e Lazer;5;246639
Canarana;2025;Secretaria Municipal de Esportes e Lazer;6;342505
Canarana;2025;Secretaria Municipal de Esportes e Lazer;7;349817
Canarana;2025;Secretaria Municipal de Esportes e Lazer;8;318645
Canarana;2025;Secretaria Municipal de Esportes e Lazer;9;457947
Canarana;2025;Secretaria Municipal de Esportes e Lazer;10;203624
Canarana;2025;Secretaria Municipal de Esportes e Lazer;11;714702
Canarana;2025;Secretaria Municipal de Esportes e Lazer;12;315005
Canarana;2025;Secretaria Mun. de Assistência Social;1;294171
Canarana;2025;Secretaria Mun. de Assistência Social;2;372049
Canarana;2025;Secretaria Mun. de Assistência Social;3;340432
Canarana;2025;Secretaria Mun. de Assistência Social;4;328053
Canarana;2025;Secretaria Mun. de Assistência Social;5;609205
Canarana;2025;Secretaria Mun. de Assistência Social;6;406405
Canarana;2025;Secretaria Mun. de Assistência Social;7;667150
Canarana;2025;Secretaria Mun. de Assistência Social;8;457037
Canarana;2025;Secretaria Mun. de Assistência Social;9;465070
Canarana;2025;Secretaria Mun. de Assistência Social;10;467924
Canarana;2025;Secretaria Mun. de Assistência Social;11;487621
Canarana;2025;Secretaria Mun. de Assistência Social;12;510883
Canarana;2025;Secretaria Mun. Desenvol. Sócioeconômico e Turisti;1;21146
Canarana;2025;Secretaria Mun. Desenvol. Sócioeconômico e Turisti;2;23503
Canarana;2025;Secretaria Mun. Desenvol. Sócioeconômico e Turisti;3;58317
Canarana;2025;Secretaria Mun. Desenvol. Sócioeconômico e Turisti;4;44886
Canarana;2025;Secretaria Mun. Desenvol. Sócioeconômico e Turisti;5;70565
Canarana;2025;Secretaria Mun. Desenvol. Sócioeconômico e Turisti;6;99742
Canarana;2025;Secretaria Mun. Desenvol. Sócioeconômico e Turisti;7;150689
Canarana;2025;Secretaria Mun. Desenvol. Sócioeconômico e Turisti;8;96641
Canarana;2025;Secretaria Mun. Desenvol. Sócioeconômico e Turisti;9;204661
Canarana;2025;Secretaria Mun. Desenvol. Sócioeconômico e Turisti;10;189319
Canarana;2025;Secretaria Mun. Desenvol. Sócioeconômico e Turisti;11;131228
Canarana;2025;Secretaria Mun. Desenvol. Sócioeconômico e Turisti;12;161143
Canarana;2025;Secretaria Mun. de Administração e Serviços Gerais;1;383847
Canarana;2025;Secretaria Mun. de Administração e Serviços Gerais;2;679266
Canarana;2025;Secretaria Mun. de Administração e Serviços Gerais;3;281248
Canarana;2025;Secretaria Mun. de Administração e Serviços Gerais;4;432797
Canarana;2025;Secretaria Mun. de Administração e Serviços Gerais;5;639379
Canarana;2025;Secretaria Mun. de Administração e Serviços Gerais;6;1225416
Canarana;2025;Secretaria Mun. de Administração e Serviços Gerais;7;434617
Canarana;2025;Secretaria Mun. de Administração e Serviços Gerais;8;438071
Canarana;2025;Secretaria Mun. de Administração e Serviços Gerais;9;433617
Canarana;2025;Secretaria Mun. de Administração e Serviços Gerais;10;397740
Canarana;2025;Secretaria Mun. de Administração e Serviços Gerais;11;482567
Canarana;2025;Secretaria Mun. de Administração e Serviços Gerais;12;507899
Canarana;2025;Secretaria Municipal de Obras, Estradas e Rodagens;1;1131524
Canarana;2025;Secretaria Municipal de Obras, Estradas e Rodagens;2;1904655
Canarana;2025;Secretaria Municipal de Obras, Estradas e Rodagens;3;3689576
Canarana;2025;Secretaria Municipal de Obras, Estradas e Rodagens;4;3603780
Canarana;2025;Secretaria Municipal de Obras, Estradas e Rodagens;5;2889862
Canarana;2025;Secretaria Municipal de Obras, Estradas e Rodagens;6;2953333
Canarana;2025;Secretaria Municipal de Obras, Estradas e Rodagens;7;4282260
Canarana;2025;Secretaria Municipal de Obras, Estradas e Rodagens;8;22819569
Canarana;2025;Secretaria Municipal de Obras, Estradas e Rodagens;9;5040566
Canarana;2025;Secretaria Municipal de Obras, Estradas e Rodagens;10;2988542
Canarana;2025;Secretaria Municipal de Obras, Estradas e Rodagens;11;3839887
Canarana;2025;Secretaria Municipal de Obras, Estradas e Rodagens;12;3514832
Canarana;2025;Secretaria Mun. de Agricultura e Meio Ambeinte;1;135598
Canarana;2025;Secretaria Mun. de Agricultura e Meio Ambeinte;2;112927
Canarana;2025;Secretaria Mun. de Agricultura e Meio Ambeinte;3;239345
Canarana;2025;Secretaria Mun. de Agricultura e Meio Ambeinte;4;169627
Canarana;2025;Secretaria Mun. de Agricultura e Meio Ambeinte;5;244693
Canarana;2025;Secretaria Mun. de Agricultura e Meio Ambeinte;6;379049
Canarana;2025;Secretaria Mun. de Agricultura e Meio Ambeinte;7;313901
Canarana;2025;Secretaria Mun. de Agricultura e Meio Ambeinte;8;516485
Canarana;2025;Secretaria Mun. de Agricultura e Meio Ambeinte;9;211614
Canarana;2025;Secretaria Mun. de Agricultura e Meio Ambeinte;10;217061
Canarana;2025;Secretaria Mun. de Agricultura e Meio Ambeinte;11;372634
Canarana;2025;Secretaria Mun. de Agricultura e Meio Ambeinte;12;511114
Canarana;2025;Secretaria de Gestão Governamental;1;239145
Canarana;2025;Secretaria de Gestão Governamental;2;214780
Canarana;2025;Secretaria de Gestão Governamental;3;294473
Canarana;2025;Secretaria de Gestão Governamental;4;375633
Canarana;2025;Secretaria de Gestão Governamental;5;320226
Canarana;2025;Secretaria de Gestão Governamental;6;385388
Canarana;2025;Secretaria de Gestão Governamental;7;362257
Canarana;2025;Secretaria de Gestão Governamental;8;380745
Canarana;2025;Secretaria de Gestão Governamental;9;433915
Canarana;2025;Secretaria de Gestão Governamental;10;381464
Canarana;2025;Secretaria de Gestão Governamental;11;449624
Canarana;2025;Secretaria de Gestão Governamental;12;535634
Canarana;2025;Prevican-fundo Mun. Prev. Serv. Canarana;1;769977
Canarana;2025;Prevican-fundo Mun. Prev. Serv. Canarana;2;737396
Canarana;2025;Prevican-fundo Mun. Prev. Serv. Canarana;3;799549
Canarana;2025;Prevican-fundo Mun. Prev. Serv. Canarana;4;816005
Canarana;2025;Prevican-fundo Mun. Prev. Serv. Canarana;5;762364
Canarana;2025;Prevican-fundo Mun. Prev. Serv. Canarana;6;864764
Canarana;2025;Prevican-fundo Mun. Prev. Serv. Canarana;7;831958
Canarana;2025;Prevican-fundo Mun. Prev. Serv. Canarana;8;837133
Canarana;2025;Prevican-fundo Mun. Prev. Serv. Canarana;9;827940
Canarana;2025;Prevican-fundo Mun. Prev. Serv. Canarana;10;863267
Canarana;2025;Prevican-fundo Mun. Prev. Serv. Canarana;11;1530954
Canarana;2025;Prevican-fundo Mun. Prev. Serv. Canarana;12;822866
Canarana;2026;Câmara Municipal;1;536916
Canarana;2026;Câmara Municipal;2;592298
Canarana;2026;Câmara Municipal;3;652944
Canarana;2026;Câmara Municipal;4;592393
Canarana;2026;Câmara Municipal;5;645589
Canarana;2026;Câmara Municipal;6;613895
Canarana;2026;Câmara Municipal;7;1213585
Canarana;2026;Câmara Municipal;8;617992
Canarana;2026;Secretaria Municipal de Educação e Cultura;1;4296074
Canarana;2026;Secretaria Municipal de Educação e Cultura;2;6829416
Canarana;2026;Secretaria Municipal de Educação e Cultura;3;6568805
Canarana;2026;Secretaria Municipal de Educação e Cultura;4;7609857
Canarana;2026;Secretaria Municipal de Educação e Cultura;5;6814011
Canarana;2026;Secretaria Municipal de Educação e Cultura;6;6729299
Canarana;2026;Secretaria Municipal de Educação e Cultura;7;5962301
Canarana;2026;Secretaria Municipal de Educação e Cultura;8;6412268
Canarana;2026;Secretaria Municipal de Finanças;1;1137112
Canarana;2026;Secretaria Municipal de Finanças;2;1678850
Canarana;2026;Secretaria Municipal de Finanças;3;1965104
Canarana;2026;Secretaria Municipal de Finanças;4;1378696
Canarana;2026;Secretaria Municipal de Finanças;5;1341405
Canarana;2026;Secretaria Municipal de Finanças;6;1333076
Canarana;2026;Secretaria Municipal de Finanças;7;1998275
Canarana;2026;Secretaria Municipal de Finanças;8;1442963
Canarana;2026;Secretaria Municipal de Saúde e Saneamento;1;6277470
Canarana;2026;Secretaria Municipal de Saúde e Saneamento;2;6939575
Canarana;2026;Secretaria Municipal de Saúde e Saneamento;3;7591631
Canarana;2026;Secretaria Municipal de Saúde e Saneamento;4;6140761
Canarana;2026;Secretaria Municipal de Saúde e Saneamento;5;4707844
Canarana;2026;Secretaria Municipal de Saúde e Saneamento;6;6799697
Canarana;2026;Secretaria Municipal de Saúde e Saneamento;7;9105838
Canarana;2026;Secretaria Municipal de Saúde e Saneamento;8;6681558
Canarana;2026;Secretaria Municipal de Esportes e Lazer;1;491415
Canarana;2026;Secretaria Municipal de Esportes e Lazer;2;609615
Canarana;2026;Secretaria Municipal de Esportes e Lazer;3;651528
Canarana;2026;Secretaria Municipal de Esportes e Lazer;4;281954
Canarana;2026;Secretaria Municipal de Esportes e Lazer;5;695200
Canarana;2026;Secretaria Municipal de Esportes e Lazer;6;494417
Canarana;2026;Secretaria Municipal de Esportes e Lazer;7;360829
Canarana;2026;Secretaria Municipal de Esportes e Lazer;8;524074
Canarana;2026;Secretaria Mun. de Assistência Social;1;687754
Canarana;2026;Secretaria Mun. de Assistência Social;2;448321
Canarana;2026;Secretaria Mun. de Assistência Social;3;507486
Canarana;2026;Secretaria Mun. de Assistência Social;4;574817
Canarana;2026;Secretaria Mun. de Assistência Social;5;543934
Canarana;2026;Secretaria Mun. de Assistência Social;6;562705
Canarana;2026;Secretaria Mun. de Assistência Social;7;1485657
Canarana;2026;Secretaria Mun. de Assistência Social;8;513490
Canarana;2026;Secretaria Mun. Desenvol. Sócioeconômico e Turisti;1;208093
Canarana;2026;Secretaria Mun. Desenvol. Sócioeconômico e Turisti;2;300216
Canarana;2026;Secretaria Mun. Desenvol. Sócioeconômico e Turisti;3;233614
Canarana;2026;Secretaria Mun. Desenvol. Sócioeconômico e Turisti;4;208603
Canarana;2026;Secretaria Mun. Desenvol. Sócioeconômico e Turisti;5;208113
Canarana;2026;Secretaria Mun. Desenvol. Sócioeconômico e Turisti;6;826057
Canarana;2026;Secretaria Mun. Desenvol. Sócioeconômico e Turisti;7;377505
Canarana;2026;Secretaria Mun. Desenvol. Sócioeconômico e Turisti;8;152003
Canarana;2026;Secretaria Mun. de Administração e Serviços Gerais;1;619668
Canarana;2026;Secretaria Mun. de Administração e Serviços Gerais;2;430992
Canarana;2026;Secretaria Mun. de Administração e Serviços Gerais;3;815775
Canarana;2026;Secretaria Mun. de Administração e Serviços Gerais;4;381704
Canarana;2026;Secretaria Mun. de Administração e Serviços Gerais;5;829309
Canarana;2026;Secretaria Mun. de Administração e Serviços Gerais;6;654533
Canarana;2026;Secretaria Mun. de Administração e Serviços Gerais;7;621444
Canarana;2026;Secretaria Mun. de Administração e Serviços Gerais;8;567526
Canarana;2026;Secretaria Municipal de Obras, Estradas e Rodagens;1;3053515
Canarana;2026;Secretaria Municipal de Obras, Estradas e Rodagens;2;2724785
Canarana;2026;Secretaria Municipal de Obras, Estradas e Rodagens;3;3288737
Canarana;2026;Secretaria Municipal de Obras, Estradas e Rodagens;4;2811790
Canarana;2026;Secretaria Municipal de Obras, Estradas e Rodagens;5;2291766
Canarana;2026;Secretaria Municipal de Obras, Estradas e Rodagens;6;2559035
Canarana;2026;Secretaria Municipal de Obras, Estradas e Rodagens;7;2742976
Canarana;2026;Secretaria Municipal de Obras, Estradas e Rodagens;8;2290264
Canarana;2026;Secretaria Mun. de Agricultura e Meio Ambeinte;1;438320
Canarana;2026;Secretaria Mun. de Agricultura e Meio Ambeinte;2;230209
Canarana;2026;Secretaria Mun. de Agricultura e Meio Ambeinte;3;307488
Canarana;2026;Secretaria Mun. de Agricultura e Meio Ambeinte;4;260804
Canarana;2026;Secretaria Mun. de Agricultura e Meio Ambeinte;5;386346
Canarana;2026;Secretaria Mun. de Agricultura e Meio Ambeinte;6;222796
Canarana;2026;Secretaria Mun. de Agricultura e Meio Ambeinte;7;425752
Canarana;2026;Secretaria Mun. de Agricultura e Meio Ambeinte;8;232065
Canarana;2026;Secretaria de Gestão Governamental;1;626208
Canarana;2026;Secretaria de Gestão Governamental;2;429079
Canarana;2026;Secretaria de Gestão Governamental;3;800293
Canarana;2026;Secretaria de Gestão Governamental;4;464854
Canarana;2026;Secretaria de Gestão Governamental;5;589273
Canarana;2026;Secretaria de Gestão Governamental;6;425543
Canarana;2026;Secretaria de Gestão Governamental;7;454114
Canarana;2026;Secretaria de Gestão Governamental;8;495780
Canarana;2026;Prevican-funco Mun.prev. Serv. Canarana;1;879600
Canarana;2026;Prevican-funco Mun.prev. Serv. Canarana;2;987449
Canarana;2026;Prevican-funco Mun.prev. Serv. Canarana;3;925570
Canarana;2026;Prevican-funco Mun.prev. Serv. Canarana;4;961996
Canarana;2026;Prevican-funco Mun.prev. Serv. Canarana;5;945153
Canarana;2026;Prevican-funco Mun.prev. Serv. Canarana;6;934444
Canarana;2026;Prevican-funco Mun.prev. Serv. Canarana;7;935320
Canarana;2026;Prevican-funco Mun.prev. Serv. Canarana;8;977958
Ribeirão Cascalheira;2021;Gabinete do Prefeito;1;173330
Ribeirão Cascalheira;2021;Gabinete do Prefeito;2;143661
Ribeirão Cascalheira;2021;Gabinete do Prefeito;3;121103
Ribeirão Cascalheira;2021;Gabinete do Prefeito;4;230686
Ribeirão Cascalheira;2021;Gabinete do Prefeito;5;162255
Ribeirão Cascalheira;2021;Gabinete do Prefeito;6;127734
Ribeirão Cascalheira;2021;Gabinete do Prefeito;7;103258
Ribeirão Cascalheira;2021;Gabinete do Prefeito;8;96472
Ribeirão Cascalheira;2021;Gabinete do Prefeito;9;109838
Ribeirão Cascalheira;2021;Gabinete do Prefeito;10;123383
Ribeirão Cascalheira;2021;Gabinete do Prefeito;11;100320
Ribeirão Cascalheira;2021;Gabinete do Prefeito;12;144767
Ribeirão Cascalheira;2021;Camara Municipal;1;99994
Ribeirão Cascalheira;2021;Camara Municipal;2;115581
Ribeirão Cascalheira;2021;Camara Municipal;3;129944
Ribeirão Cascalheira;2021;Camara Municipal;4;148739
Ribeirão Cascalheira;2021;Camara Municipal;5;116916
Ribeirão Cascalheira;2021;Camara Municipal;6;115294
Ribeirão Cascalheira;2021;Camara Municipal;7;117304
Ribeirão Cascalheira;2021;Camara Municipal;8;112237
Ribeirão Cascalheira;2021;Camara Municipal;9;127047
Ribeirão Cascalheira;2021;Camara Municipal;10;114789
Ribeirão Cascalheira;2021;Camara Municipal;11;138095
Ribeirão Cascalheira;2021;Camara Municipal;12;195515
Ribeirão Cascalheira;2021;Secretaria Municipal de Assistencia Social;1;99642
Ribeirão Cascalheira;2021;Secretaria Municipal de Assistencia Social;2;76826
Ribeirão Cascalheira;2021;Secretaria Municipal de Assistencia Social;3;83993
Ribeirão Cascalheira;2021;Secretaria Municipal de Assistencia Social;4;83384
Ribeirão Cascalheira;2021;Secretaria Municipal de Assistencia Social;5;78314
Ribeirão Cascalheira;2021;Secretaria Municipal de Assistencia Social;6;78394
Ribeirão Cascalheira;2021;Secretaria Municipal de Assistencia Social;7;95543
Ribeirão Cascalheira;2021;Secretaria Municipal de Assistencia Social;8;82673
Ribeirão Cascalheira;2021;Secretaria Municipal de Assistencia Social;9;85127
Ribeirão Cascalheira;2021;Secretaria Municipal de Assistencia Social;10;81515
Ribeirão Cascalheira;2021;Secretaria Municipal de Assistencia Social;11;111692
Ribeirão Cascalheira;2021;Secretaria Municipal de Assistencia Social;12;204539
Ribeirão Cascalheira;2021;Secretaria Municipal de Saude;1;686846
Ribeirão Cascalheira;2021;Secretaria Municipal de Saude;2;893620
Ribeirão Cascalheira;2021;Secretaria Municipal de Saude;3;1184171
Ribeirão Cascalheira;2021;Secretaria Municipal de Saude;4;1329749
Ribeirão Cascalheira;2021;Secretaria Municipal de Saude;5;1180957
Ribeirão Cascalheira;2021;Secretaria Municipal de Saude;6;1073389
Ribeirão Cascalheira;2021;Secretaria Municipal de Saude;7;1075852
Ribeirão Cascalheira;2021;Secretaria Municipal de Saude;8;1013200
Ribeirão Cascalheira;2021;Secretaria Municipal de Saude;9;1281707
Ribeirão Cascalheira;2021;Secretaria Municipal de Saude;10;1037208
Ribeirão Cascalheira;2021;Secretaria Municipal de Saude;11;1222664
Ribeirão Cascalheira;2021;Secretaria Municipal de Saude;12;876278
Ribeirão Cascalheira;2021;Secretaria Municipal de Infra Estrutura;1;572945
Ribeirão Cascalheira;2021;Secretaria Municipal de Infra Estrutura;2;536661
Ribeirão Cascalheira;2021;Secretaria Municipal de Infra Estrutura;3;586980
Ribeirão Cascalheira;2021;Secretaria Municipal de Infra Estrutura;4;757961
Ribeirão Cascalheira;2021;Secretaria Municipal de Infra Estrutura;5;1185850
Ribeirão Cascalheira;2021;Secretaria Municipal de Infra Estrutura;6;578547
Ribeirão Cascalheira;2021;Secretaria Municipal de Infra Estrutura;7;485605
Ribeirão Cascalheira;2021;Secretaria Municipal de Infra Estrutura;8;795904
Ribeirão Cascalheira;2021;Secretaria Municipal de Infra Estrutura;9;680334
Ribeirão Cascalheira;2021;Secretaria Municipal de Infra Estrutura;10;404319
Ribeirão Cascalheira;2021;Secretaria Municipal de Infra Estrutura;11;736800
Ribeirão Cascalheira;2021;Secretaria Municipal de Infra Estrutura;12;1057358
Ribeirão Cascalheira;2021;Secretaria Municipal de Administração;1;547473
Ribeirão Cascalheira;2021;Secretaria Municipal de Administração;2;305831
Ribeirão Cascalheira;2021;Secretaria Municipal de Administração;3;283915
Ribeirão Cascalheira;2021;Secretaria Municipal de Administração;4;207976
Ribeirão Cascalheira;2021;Secretaria Municipal de Administração;5;308009
Ribeirão Cascalheira;2021;Secretaria Municipal de Administração;6;227208
Ribeirão Cascalheira;2021;Secretaria Municipal de Administração;7;269054
Ribeirão Cascalheira;2021;Secretaria Municipal de Administração;8;224335
Ribeirão Cascalheira;2021;Secretaria Municipal de Administração;9;417735
Ribeirão Cascalheira;2021;Secretaria Municipal de Administração;10;564451
Ribeirão Cascalheira;2021;Secretaria Municipal de Administração;11;312450
Ribeirão Cascalheira;2021;Secretaria Municipal de Administração;12;521359
Ribeirão Cascalheira;2021;Secretaria Municipal de Agricultura;1;42184
Ribeirão Cascalheira;2021;Secretaria Municipal de Agricultura;2;35659
Ribeirão Cascalheira;2021;Secretaria Municipal de Agricultura;3;29295
Ribeirão Cascalheira;2021;Secretaria Municipal de Agricultura;4;43685
Ribeirão Cascalheira;2021;Secretaria Municipal de Agricultura;5;39617
Ribeirão Cascalheira;2021;Secretaria Municipal de Agricultura;6;42032
Ribeirão Cascalheira;2021;Secretaria Municipal de Agricultura;7;32955
Ribeirão Cascalheira;2021;Secretaria Municipal de Agricultura;8;36898
Ribeirão Cascalheira;2021;Secretaria Municipal de Agricultura;9;31562
Ribeirão Cascalheira;2021;Secretaria Municipal de Agricultura;10;27171
Ribeirão Cascalheira;2021;Secretaria Municipal de Agricultura;11;25432
Ribeirão Cascalheira;2021;Secretaria Municipal de Agricultura;12;599074
Ribeirão Cascalheira;2021;Secretaria Municipal de Finanças;1;321405
Ribeirão Cascalheira;2021;Secretaria Municipal de Finanças;2;203178
Ribeirão Cascalheira;2021;Secretaria Municipal de Finanças;3;220874
Ribeirão Cascalheira;2021;Secretaria Municipal de Finanças;4;205444
Ribeirão Cascalheira;2021;Secretaria Municipal de Finanças;5;184349
Ribeirão Cascalheira;2021;Secretaria Municipal de Finanças;6;171836
Ribeirão Cascalheira;2021;Secretaria Municipal de Finanças;7;103579
Ribeirão Cascalheira;2021;Secretaria Municipal de Finanças;8;107218
Ribeirão Cascalheira;2021;Secretaria Municipal de Finanças;9;637588
Ribeirão Cascalheira;2021;Secretaria Municipal de Finanças;10;246528
Ribeirão Cascalheira;2021;Secretaria Municipal de Finanças;11;266006
Ribeirão Cascalheira;2021;Secretaria Municipal de Finanças;12;295432
Ribeirão Cascalheira;2021;Secretaria Municipal de Educação;1;535241
Ribeirão Cascalheira;2021;Secretaria Municipal de Educação;2;408614
Ribeirão Cascalheira;2021;Secretaria Municipal de Educação;3;499960
Ribeirão Cascalheira;2021;Secretaria Municipal de Educação;4;646269
Ribeirão Cascalheira;2021;Secretaria Municipal de Educação;5;574273
Ribeirão Cascalheira;2021;Secretaria Municipal de Educação;6;652330
Ribeirão Cascalheira;2021;Secretaria Municipal de Educação;7;728288
Ribeirão Cascalheira;2021;Secretaria Municipal de Educação;8;705631
Ribeirão Cascalheira;2021;Secretaria Municipal de Educação;9;785890
Ribeirão Cascalheira;2021;Secretaria Municipal de Educação;10;1219908
Ribeirão Cascalheira;2021;Secretaria Municipal de Educação;11;1088941
Ribeirão Cascalheira;2021;Secretaria Municipal de Educação;12;3376417
Ribeirão Cascalheira;2021;Secretaria Municipal de Cultura, Desporto e Lazer;1;24031
Ribeirão Cascalheira;2021;Secretaria Municipal de Cultura, Desporto e Lazer;2;19339
Ribeirão Cascalheira;2021;Secretaria Municipal de Cultura, Desporto e Lazer;3;18246
Ribeirão Cascalheira;2021;Secretaria Municipal de Cultura, Desporto e Lazer;4;15617
Ribeirão Cascalheira;2021;Secretaria Municipal de Cultura, Desporto e Lazer;5;18578
Ribeirão Cascalheira;2021;Secretaria Municipal de Cultura, Desporto e Lazer;6;13555
Ribeirão Cascalheira;2021;Secretaria Municipal de Cultura, Desporto e Lazer;7;23464
Ribeirão Cascalheira;2021;Secretaria Municipal de Cultura, Desporto e Lazer;8;13064
Ribeirão Cascalheira;2021;Secretaria Municipal de Cultura, Desporto e Lazer;9;18656
Ribeirão Cascalheira;2021;Secretaria Municipal de Cultura, Desporto e Lazer;10;24833
Ribeirão Cascalheira;2021;Secretaria Municipal de Cultura, Desporto e Lazer;11;12230
Ribeirão Cascalheira;2021;Secretaria Municipal de Cultura, Desporto e Lazer;12;40483
Ribeirão Cascalheira;2021;Secretaria Municipal de Meio Ambiante e Turismo;1;36187
Ribeirão Cascalheira;2021;Secretaria Municipal de Meio Ambiante e Turismo;2;13846
Ribeirão Cascalheira;2021;Secretaria Municipal de Meio Ambiante e Turismo;3;12200
Ribeirão Cascalheira;2021;Secretaria Municipal de Meio Ambiante e Turismo;4;13423
Ribeirão Cascalheira;2021;Secretaria Municipal de Meio Ambiante e Turismo;5;15295
Ribeirão Cascalheira;2021;Secretaria Municipal de Meio Ambiante e Turismo;6;13819
Ribeirão Cascalheira;2021;Secretaria Municipal de Meio Ambiante e Turismo;7;13296
Ribeirão Cascalheira;2021;Secretaria Municipal de Meio Ambiante e Turismo;8;18990
Ribeirão Cascalheira;2021;Secretaria Municipal de Meio Ambiante e Turismo;9;30772
Ribeirão Cascalheira;2021;Secretaria Municipal de Meio Ambiante e Turismo;10;19160
Ribeirão Cascalheira;2021;Secretaria Municipal de Meio Ambiante e Turismo;11;24717
Ribeirão Cascalheira;2021;Secretaria Municipal de Meio Ambiante e Turismo;12;23486
Ribeirão Cascalheira;2021;Secretaria Municipal de Transito;1;12626
Ribeirão Cascalheira;2021;Secretaria Municipal de Transito;2;17365
Ribeirão Cascalheira;2021;Secretaria Municipal de Transito;3;17561
Ribeirão Cascalheira;2021;Secretaria Municipal de Transito;4;9144
Ribeirão Cascalheira;2021;Secretaria Municipal de Transito;5;11537
Ribeirão Cascalheira;2021;Secretaria Municipal de Transito;6;14800
Ribeirão Cascalheira;2021;Secretaria Municipal de Transito;7;13792
Ribeirão Cascalheira;2021;Secretaria Municipal de Transito;8;10725
Ribeirão Cascalheira;2021;Secretaria Municipal de Transito;9;11248
Ribeirão Cascalheira;2021;Secretaria Municipal de Transito;10;7831
Ribeirão Cascalheira;2021;Secretaria Municipal de Transito;11;7748
Ribeirão Cascalheira;2021;Secretaria Municipal de Transito;12;9068
Ribeirão Cascalheira;2021;Fundo Mun Prev Social Serv Publico de Ribeirao Cas;1;176398
Ribeirão Cascalheira;2021;Fundo Mun Prev Social Serv Publico de Ribeirao Cas;2;189058
Ribeirão Cascalheira;2021;Fundo Mun Prev Social Serv Publico de Ribeirao Cas;3;177007
Ribeirão Cascalheira;2021;Fundo Mun Prev Social Serv Publico de Ribeirao Cas;4;189331
Ribeirão Cascalheira;2021;Fundo Mun Prev Social Serv Publico de Ribeirao Cas;5;177901
Ribeirão Cascalheira;2021;Fundo Mun Prev Social Serv Publico de Ribeirao Cas;6;188046
Ribeirão Cascalheira;2021;Fundo Mun Prev Social Serv Publico de Ribeirao Cas;7;194541
Ribeirão Cascalheira;2021;Fundo Mun Prev Social Serv Publico de Ribeirao Cas;8;178390
Ribeirão Cascalheira;2021;Fundo Mun Prev Social Serv Publico de Ribeirao Cas;9;240216
Ribeirão Cascalheira;2021;Fundo Mun Prev Social Serv Publico de Ribeirao Cas;10;242877
Ribeirão Cascalheira;2021;Fundo Mun Prev Social Serv Publico de Ribeirao Cas;11;208536
Ribeirão Cascalheira;2021;Fundo Mun Prev Social Serv Publico de Ribeirao Cas;12;291340
Ribeirão Cascalheira;2022;Gabinete do Prefeito;1;136790
Ribeirão Cascalheira;2022;Gabinete do Prefeito;2;633751
Ribeirão Cascalheira;2022;Gabinete do Prefeito;3;191603
Ribeirão Cascalheira;2022;Gabinete do Prefeito;4;196905
Ribeirão Cascalheira;2022;Gabinete do Prefeito;5;188063
Ribeirão Cascalheira;2022;Gabinete do Prefeito;6;184641
Ribeirão Cascalheira;2022;Gabinete do Prefeito;7;252745
Ribeirão Cascalheira;2022;Gabinete do Prefeito;8;289564
Ribeirão Cascalheira;2022;Gabinete do Prefeito;9;240147
Ribeirão Cascalheira;2022;Gabinete do Prefeito;10;191842
Ribeirão Cascalheira;2022;Gabinete do Prefeito;11;320626
Ribeirão Cascalheira;2022;Gabinete do Prefeito;12;299031
Ribeirão Cascalheira;2022;Camara Municipal;1;117384
Ribeirão Cascalheira;2022;Camara Municipal;2;186933
Ribeirão Cascalheira;2022;Camara Municipal;3;194821
Ribeirão Cascalheira;2022;Camara Municipal;4;151435
Ribeirão Cascalheira;2022;Camara Municipal;5;141407
Ribeirão Cascalheira;2022;Camara Municipal;6;404070
Ribeirão Cascalheira;2022;Camara Municipal;7;207011
Ribeirão Cascalheira;2022;Camara Municipal;8;209802
Ribeirão Cascalheira;2022;Camara Municipal;9;160213
Ribeirão Cascalheira;2022;Camara Municipal;10;172023
Ribeirão Cascalheira;2022;Camara Municipal;11;187610
Ribeirão Cascalheira;2022;Camara Municipal;12;306698
Ribeirão Cascalheira;2022;Secretaria Municipal de Assistencia Social;1;73227
Ribeirão Cascalheira;2022;Secretaria Municipal de Assistencia Social;2;116688
Ribeirão Cascalheira;2022;Secretaria Municipal de Assistencia Social;3;115034
Ribeirão Cascalheira;2022;Secretaria Municipal de Assistencia Social;4;227117
Ribeirão Cascalheira;2022;Secretaria Municipal de Assistencia Social;5;344408
Ribeirão Cascalheira;2022;Secretaria Municipal de Assistencia Social;6;93679
Ribeirão Cascalheira;2022;Secretaria Municipal de Assistencia Social;7;171909
Ribeirão Cascalheira;2022;Secretaria Municipal de Assistencia Social;8;110005
Ribeirão Cascalheira;2022;Secretaria Municipal de Assistencia Social;9;146518
Ribeirão Cascalheira;2022;Secretaria Municipal de Assistencia Social;10;98584
Ribeirão Cascalheira;2022;Secretaria Municipal de Assistencia Social;11;197672
Ribeirão Cascalheira;2022;Secretaria Municipal de Assistencia Social;12;240571
Ribeirão Cascalheira;2022;Secretaria Municipal de Saude;1;1319641
Ribeirão Cascalheira;2022;Secretaria Municipal de Saude;2;1230308
Ribeirão Cascalheira;2022;Secretaria Municipal de Saude;3;1113089
Ribeirão Cascalheira;2022;Secretaria Municipal de Saude;4;1095728
Ribeirão Cascalheira;2022;Secretaria Municipal de Saude;5;1786895
Ribeirão Cascalheira;2022;Secretaria Municipal de Saude;6;1081345
Ribeirão Cascalheira;2022;Secretaria Municipal de Saude;7;2325029
Ribeirão Cascalheira;2022;Secretaria Municipal de Saude;8;2008298
Ribeirão Cascalheira;2022;Secretaria Municipal de Saude;9;1108768
Ribeirão Cascalheira;2022;Secretaria Municipal de Saude;10;1111955
Ribeirão Cascalheira;2022;Secretaria Municipal de Saude;11;1222595
Ribeirão Cascalheira;2022;Secretaria Municipal de Saude;12;1664220
Ribeirão Cascalheira;2022;Secretaria Municipal de Infra Estrutura;1;618072
Ribeirão Cascalheira;2022;Secretaria Municipal de Infra Estrutura;2;856603
Ribeirão Cascalheira;2022;Secretaria Municipal de Infra Estrutura;3;1052745
Ribeirão Cascalheira;2022;Secretaria Municipal de Infra Estrutura;4;1145512
Ribeirão Cascalheira;2022;Secretaria Municipal de Infra Estrutura;5;1131617
Ribeirão Cascalheira;2022;Secretaria Municipal de Infra Estrutura;6;731279
Ribeirão Cascalheira;2022;Secretaria Municipal de Infra Estrutura;7;988914
Ribeirão Cascalheira;2022;Secretaria Municipal de Infra Estrutura;8;617211
Ribeirão Cascalheira;2022;Secretaria Municipal de Infra Estrutura;9;558066
Ribeirão Cascalheira;2022;Secretaria Municipal de Infra Estrutura;10;910656
Ribeirão Cascalheira;2022;Secretaria Municipal de Infra Estrutura;11;1112835
Ribeirão Cascalheira;2022;Secretaria Municipal de Infra Estrutura;12;2710166
Ribeirão Cascalheira;2022;Secretaria Municipal de Administração;1;327356
Ribeirão Cascalheira;2022;Secretaria Municipal de Administração;2;566806
Ribeirão Cascalheira;2022;Secretaria Municipal de Administração;3;507075
Ribeirão Cascalheira;2022;Secretaria Municipal de Administração;4;602659
Ribeirão Cascalheira;2022;Secretaria Municipal de Administração;5;377894
Ribeirão Cascalheira;2022;Secretaria Municipal de Administração;6;580032
Ribeirão Cascalheira;2022;Secretaria Municipal de Administração;7;373542
Ribeirão Cascalheira;2022;Secretaria Municipal de Administração;8;295616
Ribeirão Cascalheira;2022;Secretaria Municipal de Administração;9;388831
Ribeirão Cascalheira;2022;Secretaria Municipal de Administração;10;480475
Ribeirão Cascalheira;2022;Secretaria Municipal de Administração;11;456077
Ribeirão Cascalheira;2022;Secretaria Municipal de Administração;12;340070
Ribeirão Cascalheira;2022;Secretaria Municipal de Agricultura;1;30133
Ribeirão Cascalheira;2022;Secretaria Municipal de Agricultura;2;50293
Ribeirão Cascalheira;2022;Secretaria Municipal de Agricultura;3;36573
Ribeirão Cascalheira;2022;Secretaria Municipal de Agricultura;4;54890
Ribeirão Cascalheira;2022;Secretaria Municipal de Agricultura;5;289383
Ribeirão Cascalheira;2022;Secretaria Municipal de Agricultura;6;50407
Ribeirão Cascalheira;2022;Secretaria Municipal de Agricultura;7;73231
Ribeirão Cascalheira;2022;Secretaria Municipal de Agricultura;8;39102
Ribeirão Cascalheira;2022;Secretaria Municipal de Agricultura;9;37246
Ribeirão Cascalheira;2022;Secretaria Municipal de Agricultura;10;39042
Ribeirão Cascalheira;2022;Secretaria Municipal de Agricultura;11;41080
Ribeirão Cascalheira;2022;Secretaria Municipal de Agricultura;12;54870
Ribeirão Cascalheira;2022;Secretaria Municipal de Finanças;1;224921
Ribeirão Cascalheira;2022;Secretaria Municipal de Finanças;2;250326
Ribeirão Cascalheira;2022;Secretaria Municipal de Finanças;3;233375
Ribeirão Cascalheira;2022;Secretaria Municipal de Finanças;4;263903
Ribeirão Cascalheira;2022;Secretaria Municipal de Finanças;5;285018
Ribeirão Cascalheira;2022;Secretaria Municipal de Finanças;6;272500
Ribeirão Cascalheira;2022;Secretaria Municipal de Finanças;7;290212
Ribeirão Cascalheira;2022;Secretaria Municipal de Finanças;8;404217
Ribeirão Cascalheira;2022;Secretaria Municipal de Finanças;9;317432
Ribeirão Cascalheira;2022;Secretaria Municipal de Finanças;10;236562
Ribeirão Cascalheira;2022;Secretaria Municipal de Finanças;11;240132
Ribeirão Cascalheira;2022;Secretaria Municipal de Finanças;12;488827
Ribeirão Cascalheira;2022;Secretaria Municipal de Educação;1;654309
Ribeirão Cascalheira;2022;Secretaria Municipal de Educação;2;1203409
Ribeirão Cascalheira;2022;Secretaria Municipal de Educação;3;1071284
Ribeirão Cascalheira;2022;Secretaria Municipal de Educação;4;1278191
Ribeirão Cascalheira;2022;Secretaria Municipal de Educação;5;1301371
Ribeirão Cascalheira;2022;Secretaria Municipal de Educação;6;845976
Ribeirão Cascalheira;2022;Secretaria Municipal de Educação;7;3278083
Ribeirão Cascalheira;2022;Secretaria Municipal de Educação;8;1518353
Ribeirão Cascalheira;2022;Secretaria Municipal de Educação;9;1453764
Ribeirão Cascalheira;2022;Secretaria Municipal de Educação;10;956209
Ribeirão Cascalheira;2022;Secretaria Municipal de Educação;11;1296839
Ribeirão Cascalheira;2022;Secretaria Municipal de Educação;12;4780861
Ribeirão Cascalheira;2022;Secretaria Municipal de Cultura, Desporto e Lazer;1;15272
Ribeirão Cascalheira;2022;Secretaria Municipal de Cultura, Desporto e Lazer;2;54812
Ribeirão Cascalheira;2022;Secretaria Municipal de Cultura, Desporto e Lazer;3;33735
Ribeirão Cascalheira;2022;Secretaria Municipal de Cultura, Desporto e Lazer;4;144917
Ribeirão Cascalheira;2022;Secretaria Municipal de Cultura, Desporto e Lazer;5;151552
Ribeirão Cascalheira;2022;Secretaria Municipal de Cultura, Desporto e Lazer;6;74469
Ribeirão Cascalheira;2022;Secretaria Municipal de Cultura, Desporto e Lazer;7;29369
Ribeirão Cascalheira;2022;Secretaria Municipal de Cultura, Desporto e Lazer;8;41490
Ribeirão Cascalheira;2022;Secretaria Municipal de Cultura, Desporto e Lazer;9;38387
Ribeirão Cascalheira;2022;Secretaria Municipal de Cultura, Desporto e Lazer;10;15990
Ribeirão Cascalheira;2022;Secretaria Municipal de Cultura, Desporto e Lazer;11;69442
Ribeirão Cascalheira;2022;Secretaria Municipal de Cultura, Desporto e Lazer;12;207922
Ribeirão Cascalheira;2022;Secretaria Municipal de Meio Ambiante e Turismo;1;29516
Ribeirão Cascalheira;2022;Secretaria Municipal de Meio Ambiante e Turismo;2;29502
Ribeirão Cascalheira;2022;Secretaria Municipal de Meio Ambiante e Turismo;3;29383
Ribeirão Cascalheira;2022;Secretaria Municipal de Meio Ambiante e Turismo;4;18604
Ribeirão Cascalheira;2022;Secretaria Municipal de Meio Ambiante e Turismo;5;18999
Ribeirão Cascalheira;2022;Secretaria Municipal de Meio Ambiante e Turismo;6;22441
Ribeirão Cascalheira;2022;Secretaria Municipal de Meio Ambiante e Turismo;7;31264
Ribeirão Cascalheira;2022;Secretaria Municipal de Meio Ambiante e Turismo;8;32288
Ribeirão Cascalheira;2022;Secretaria Municipal de Meio Ambiante e Turismo;9;43173
Ribeirão Cascalheira;2022;Secretaria Municipal de Meio Ambiante e Turismo;10;119738
Ribeirão Cascalheira;2022;Secretaria Municipal de Meio Ambiante e Turismo;11;102431
Ribeirão Cascalheira;2022;Secretaria Municipal de Meio Ambiante e Turismo;12;126476
Ribeirão Cascalheira;2022;Secretaria Municipal de Transito;1;13074
Ribeirão Cascalheira;2022;Secretaria Municipal de Transito;2;16284
Ribeirão Cascalheira;2022;Secretaria Municipal de Transito;3;19451
Ribeirão Cascalheira;2022;Secretaria Municipal de Transito;4;20576
Ribeirão Cascalheira;2022;Secretaria Municipal de Transito;5;20237
Ribeirão Cascalheira;2022;Secretaria Municipal de Transito;6;23924
Ribeirão Cascalheira;2022;Secretaria Municipal de Transito;7;35727
Ribeirão Cascalheira;2022;Secretaria Municipal de Transito;8;20834
Ribeirão Cascalheira;2022;Secretaria Municipal de Transito;9;22551
Ribeirão Cascalheira;2022;Secretaria Municipal de Transito;10;12716
Ribeirão Cascalheira;2022;Secretaria Municipal de Transito;11;26137
Ribeirão Cascalheira;2022;Secretaria Municipal de Transito;12;58525
Ribeirão Cascalheira;2022;Fundo Mun Prev Social Serv Publico de Ribeirao Cas;1;300245
Ribeirão Cascalheira;2022;Fundo Mun Prev Social Serv Publico de Ribeirao Cas;2;328524
Ribeirão Cascalheira;2022;Fundo Mun Prev Social Serv Publico de Ribeirao Cas;3;242776
Ribeirão Cascalheira;2022;Fundo Mun Prev Social Serv Publico de Ribeirao Cas;4;242635
Ribeirão Cascalheira;2022;Fundo Mun Prev Social Serv Publico de Ribeirao Cas;5;254457
Ribeirão Cascalheira;2022;Fundo Mun Prev Social Serv Publico de Ribeirao Cas;6;339739
Ribeirão Cascalheira;2022;Fundo Mun Prev Social Serv Publico de Ribeirao Cas;7;257232
Ribeirão Cascalheira;2022;Fundo Mun Prev Social Serv Publico de Ribeirao Cas;8;263962
Ribeirão Cascalheira;2022;Fundo Mun Prev Social Serv Publico de Ribeirao Cas;9;39625
Ribeirão Cascalheira;2022;Fundo Mun Prev Social Serv Publico de Ribeirao Cas;10;660455
Ribeirão Cascalheira;2022;Fundo Mun Prev Social Serv Publico de Ribeirao Cas;11;293860
Ribeirão Cascalheira;2022;Fundo Mun Prev Social Serv Publico de Ribeirao Cas;12;648241
Ribeirão Cascalheira;2023;Gabinete do Prefeito;1;196218
Ribeirão Cascalheira;2023;Gabinete do Prefeito;2;203299
Ribeirão Cascalheira;2023;Gabinete do Prefeito;3;219591
Ribeirão Cascalheira;2023;Gabinete do Prefeito;4;166950
Ribeirão Cascalheira;2023;Gabinete do Prefeito;5;228574
Ribeirão Cascalheira;2023;Gabinete do Prefeito;6;250034
Ribeirão Cascalheira;2023;Gabinete do Prefeito;7;169123
Ribeirão Cascalheira;2023;Gabinete do Prefeito;8;40772
Ribeirão Cascalheira;2023;Gabinete do Prefeito;9;243222
Ribeirão Cascalheira;2023;Gabinete do Prefeito;10;181128
Ribeirão Cascalheira;2023;Gabinete do Prefeito;11;194704
Ribeirão Cascalheira;2023;Gabinete do Prefeito;12;340601
Ribeirão Cascalheira;2023;Camara Municipal;1;138500
Ribeirão Cascalheira;2023;Camara Municipal;2;205845
Ribeirão Cascalheira;2023;Camara Municipal;3;180145
Ribeirão Cascalheira;2023;Camara Municipal;4;189372
Ribeirão Cascalheira;2023;Camara Municipal;5;190554
Ribeirão Cascalheira;2023;Camara Municipal;6;272141
Ribeirão Cascalheira;2023;Camara Municipal;7;165115
Ribeirão Cascalheira;2023;Camara Municipal;8;220969
Ribeirão Cascalheira;2023;Camara Municipal;9;250545
Ribeirão Cascalheira;2023;Camara Municipal;10;535028
Ribeirão Cascalheira;2023;Camara Municipal;11;220162
Ribeirão Cascalheira;2023;Camara Municipal;12;445542
Ribeirão Cascalheira;2023;Secretaria Municipal de Saude;1;918505
Ribeirão Cascalheira;2023;Secretaria Municipal de Saude;2;1468761
Ribeirão Cascalheira;2023;Secretaria Municipal de Saude;3;1047294
Ribeirão Cascalheira;2023;Secretaria Municipal de Saude;4;1387122
Ribeirão Cascalheira;2023;Secretaria Municipal de Saude;5;1313132
Ribeirão Cascalheira;2023;Secretaria Municipal de Saude;6;1577666
Ribeirão Cascalheira;2023;Secretaria Municipal de Saude;7;1217503
Ribeirão Cascalheira;2023;Secretaria Municipal de Saude;8;476745
Ribeirão Cascalheira;2023;Secretaria Municipal de Saude;9;816036
Ribeirão Cascalheira;2023;Secretaria Municipal de Saude;10;1469448
Ribeirão Cascalheira;2023;Secretaria Municipal de Saude;11;1740070
Ribeirão Cascalheira;2023;Secretaria Municipal de Saude;12;2569650
Ribeirão Cascalheira;2023;Secretaria Municipal de Infra Estrutura;1;376003
Ribeirão Cascalheira;2023;Secretaria Municipal de Infra Estrutura;2;719748
Ribeirão Cascalheira;2023;Secretaria Municipal de Infra Estrutura;3;360463
Ribeirão Cascalheira;2023;Secretaria Municipal de Infra Estrutura;4;699101
Ribeirão Cascalheira;2023;Secretaria Municipal de Infra Estrutura;5;665323
Ribeirão Cascalheira;2023;Secretaria Municipal de Infra Estrutura;6;2030132
Ribeirão Cascalheira;2023;Secretaria Municipal de Infra Estrutura;7;2371287
Ribeirão Cascalheira;2023;Secretaria Municipal de Infra Estrutura;8;535480
Ribeirão Cascalheira;2023;Secretaria Municipal de Infra Estrutura;9;1681855
Ribeirão Cascalheira;2023;Secretaria Municipal de Infra Estrutura;10;1248323
Ribeirão Cascalheira;2023;Secretaria Municipal de Infra Estrutura;11;1526168
Ribeirão Cascalheira;2023;Secretaria Municipal de Infra Estrutura;12;3372627
Ribeirão Cascalheira;2023;Secretaria Municipal de Administração;1;318017
Ribeirão Cascalheira;2023;Secretaria Municipal de Administração;2;313313
Ribeirão Cascalheira;2023;Secretaria Municipal de Administração;3;259451
Ribeirão Cascalheira;2023;Secretaria Municipal de Administração;4;358689
Ribeirão Cascalheira;2023;Secretaria Municipal de Administração;5;308427
Ribeirão Cascalheira;2023;Secretaria Municipal de Administração;6;495529
Ribeirão Cascalheira;2023;Secretaria Municipal de Administração;7;442555
Ribeirão Cascalheira;2023;Secretaria Municipal de Administração;8;48872
Ribeirão Cascalheira;2023;Secretaria Municipal de Administração;9;537472
Ribeirão Cascalheira;2023;Secretaria Municipal de Administração;10;286399
Ribeirão Cascalheira;2023;Secretaria Municipal de Administração;11;205678
Ribeirão Cascalheira;2023;Secretaria Municipal de Administração;12;561698
Ribeirão Cascalheira;2023;Secretaria Municipal de Agricultura;1;37330
Ribeirão Cascalheira;2023;Secretaria Municipal de Agricultura;2;39024
Ribeirão Cascalheira;2023;Secretaria Municipal de Agricultura;3;37384
Ribeirão Cascalheira;2023;Secretaria Municipal de Agricultura;4;44807
Ribeirão Cascalheira;2023;Secretaria Municipal de Agricultura;5;46737
Ribeirão Cascalheira;2023;Secretaria Municipal de Agricultura;6;81367
Ribeirão Cascalheira;2023;Secretaria Municipal de Agricultura;7;47924
Ribeirão Cascalheira;2023;Secretaria Municipal de Agricultura;8;4208
Ribeirão Cascalheira;2023;Secretaria Municipal de Agricultura;9;50673
Ribeirão Cascalheira;2023;Secretaria Municipal de Agricultura;10;42081
Ribeirão Cascalheira;2023;Secretaria Municipal de Agricultura;11;219111
Ribeirão Cascalheira;2023;Secretaria Municipal de Agricultura;12;61528
Ribeirão Cascalheira;2023;Secretaria de Assistência Social;1;172437
Ribeirão Cascalheira;2023;Secretaria de Assistência Social;2;149998
Ribeirão Cascalheira;2023;Secretaria de Assistência Social;3;125930
Ribeirão Cascalheira;2023;Secretaria de Assistência Social;4;149897
Ribeirão Cascalheira;2023;Secretaria de Assistência Social;5;151206
Ribeirão Cascalheira;2023;Secretaria de Assistência Social;6;190528
Ribeirão Cascalheira;2023;Secretaria de Assistência Social;7;132994
Ribeirão Cascalheira;2023;Secretaria de Assistência Social;8;32571
Ribeirão Cascalheira;2023;Secretaria de Assistência Social;9;828757
Ribeirão Cascalheira;2023;Secretaria de Assistência Social;10;187518
Ribeirão Cascalheira;2023;Secretaria de Assistência Social;11;79308
Ribeirão Cascalheira;2023;Secretaria de Assistência Social;12;321441
Ribeirão Cascalheira;2023;Secretaria Municipal de Educação;1;2326391
Ribeirão Cascalheira;2023;Secretaria Municipal de Educação;2;1397856
Ribeirão Cascalheira;2023;Secretaria Municipal de Educação;3;1909131
Ribeirão Cascalheira;2023;Secretaria Municipal de Educação;4;2001926
Ribeirão Cascalheira;2023;Secretaria Municipal de Educação;5;2083806
Ribeirão Cascalheira;2023;Secretaria Municipal de Educação;6;2329597
Ribeirão Cascalheira;2023;Secretaria Municipal de Educação;7;1658166
Ribeirão Cascalheira;2023;Secretaria Municipal de Educação;8;125994
Ribeirão Cascalheira;2023;Secretaria Municipal de Educação;9;1667237
Ribeirão Cascalheira;2023;Secretaria Municipal de Educação;10;2596273
Ribeirão Cascalheira;2023;Secretaria Municipal de Educação;11;842699
Ribeirão Cascalheira;2023;Secretaria Municipal de Educação;12;5337073
Ribeirão Cascalheira;2023;Secretaria de Finanças;1;215424
Ribeirão Cascalheira;2023;Secretaria de Finanças;2;293595
Ribeirão Cascalheira;2023;Secretaria de Finanças;3;241836
Ribeirão Cascalheira;2023;Secretaria de Finanças;4;255000
Ribeirão Cascalheira;2023;Secretaria de Finanças;5;275574
Ribeirão Cascalheira;2023;Secretaria de Finanças;6;462087
Ribeirão Cascalheira;2023;Secretaria de Finanças;7;275396
Ribeirão Cascalheira;2023;Secretaria de Finanças;8;28156
Ribeirão Cascalheira;2023;Secretaria de Finanças;9;306796
Ribeirão Cascalheira;2023;Secretaria de Finanças;10;597740
Ribeirão Cascalheira;2023;Secretaria de Finanças;11;207684
Ribeirão Cascalheira;2023;Secretaria de Finanças;12;424705
Ribeirão Cascalheira;2023;Secretaria Municipal de Turismo;1;10281
Ribeirão Cascalheira;2023;Secretaria Municipal de Turismo;2;14307
Ribeirão Cascalheira;2023;Secretaria Municipal de Turismo;3;5445
Ribeirão Cascalheira;2023;Secretaria Municipal de Turismo;4;9815
Ribeirão Cascalheira;2023;Secretaria Municipal de Turismo;5;12385
Ribeirão Cascalheira;2023;Secretaria Municipal de Turismo;6;10287
Ribeirão Cascalheira;2023;Secretaria Municipal de Turismo;7;10606
Ribeirão Cascalheira;2023;Secretaria Municipal de Turismo;8;3907
Ribeirão Cascalheira;2023;Secretaria Municipal de Turismo;9;19037
Ribeirão Cascalheira;2023;Secretaria Municipal de Turismo;10;10081
Ribeirão Cascalheira;2023;Secretaria Municipal de Turismo;11;9136
Ribeirão Cascalheira;2023;Secretaria Municipal de Turismo;12;9945
Ribeirão Cascalheira;2023;Secretaria Municipal de Cultura, Desporto e Lazer;1;15289
Ribeirão Cascalheira;2023;Secretaria Municipal de Cultura, Desporto e Lazer;2;144290
Ribeirão Cascalheira;2023;Secretaria Municipal de Cultura, Desporto e Lazer;3;70857
Ribeirão Cascalheira;2023;Secretaria Municipal de Cultura, Desporto e Lazer;4;221652
Ribeirão Cascalheira;2023;Secretaria Municipal de Cultura, Desporto e Lazer;5;109423
Ribeirão Cascalheira;2023;Secretaria Municipal de Cultura, Desporto e Lazer;6;68766
Ribeirão Cascalheira;2023;Secretaria Municipal de Cultura, Desporto e Lazer;7;34560
Ribeirão Cascalheira;2023;Secretaria Municipal de Cultura, Desporto e Lazer;8;20845
Ribeirão Cascalheira;2023;Secretaria Municipal de Cultura, Desporto e Lazer;9;-25963
Ribeirão Cascalheira;2023;Secretaria Municipal de Cultura, Desporto e Lazer;10;22551
Ribeirão Cascalheira;2023;Secretaria Municipal de Cultura, Desporto e Lazer;11;239452
Ribeirão Cascalheira;2023;Secretaria Municipal de Cultura, Desporto e Lazer;12;258925
Ribeirão Cascalheira;2023;Secretaria Municipal de Transito;1;19027
Ribeirão Cascalheira;2023;Secretaria Municipal de Transito;2;28725
Ribeirão Cascalheira;2023;Secretaria Municipal de Transito;3;15577
Ribeirão Cascalheira;2023;Secretaria Municipal de Transito;4;17280
Ribeirão Cascalheira;2023;Secretaria Municipal de Transito;5;20900
Ribeirão Cascalheira;2023;Secretaria Municipal de Transito;6;38451
Ribeirão Cascalheira;2023;Secretaria Municipal de Transito;7;20474
Ribeirão Cascalheira;2023;Secretaria Municipal de Transito;8;3691
Ribeirão Cascalheira;2023;Secretaria Municipal de Transito;9;37847
Ribeirão Cascalheira;2023;Secretaria Municipal de Transito;10;33793
Ribeirão Cascalheira;2023;Secretaria Municipal de Transito;11;20966
Ribeirão Cascalheira;2023;Secretaria Municipal de Transito;12;49541
Ribeirão Cascalheira;2023;Secretaria Municipal de Meio Ambiente;1;13149
Ribeirão Cascalheira;2023;Secretaria Municipal de Meio Ambiente;2;29096
Ribeirão Cascalheira;2023;Secretaria Municipal de Meio Ambiente;3;53241
Ribeirão Cascalheira;2023;Secretaria Municipal de Meio Ambiente;4;133451
Ribeirão Cascalheira;2023;Secretaria Municipal de Meio Ambiente;5;42846
Ribeirão Cascalheira;2023;Secretaria Municipal de Meio Ambiente;6;16755
Ribeirão Cascalheira;2023;Secretaria Municipal de Meio Ambiente;7;19720
Ribeirão Cascalheira;2023;Secretaria Municipal de Meio Ambiente;8;23763
Ribeirão Cascalheira;2023;Secretaria Municipal de Meio Ambiente;9;101950
Ribeirão Cascalheira;2023;Secretaria Municipal de Meio Ambiente;10;181133
Ribeirão Cascalheira;2023;Secretaria Municipal de Meio Ambiente;11;14523
Ribeirão Cascalheira;2023;Secretaria Municipal de Meio Ambiente;12;23801
Ribeirão Cascalheira;2023;Fundo Mun Prev Social Serv Publico de Ribeirao Cas;1;304026
Ribeirão Cascalheira;2023;Fundo Mun Prev Social Serv Publico de Ribeirao Cas;2;317697
Ribeirão Cascalheira;2023;Fundo Mun Prev Social Serv Publico de Ribeirao Cas;3;323794
Ribeirão Cascalheira;2023;Fundo Mun Prev Social Serv Publico de Ribeirao Cas;4;325750
Ribeirão Cascalheira;2023;Fundo Mun Prev Social Serv Publico de Ribeirao Cas;5;436841
Ribeirão Cascalheira;2023;Fundo Mun Prev Social Serv Publico de Ribeirao Cas;6;371535
Ribeirão Cascalheira;2023;Fundo Mun Prev Social Serv Publico de Ribeirao Cas;7;356433
Ribeirão Cascalheira;2023;Fundo Mun Prev Social Serv Publico de Ribeirao Cas;8;337505
Ribeirão Cascalheira;2023;Fundo Mun Prev Social Serv Publico de Ribeirao Cas;9;484331
Ribeirão Cascalheira;2023;Fundo Mun Prev Social Serv Publico de Ribeirao Cas;10;378044
Ribeirão Cascalheira;2023;Fundo Mun Prev Social Serv Publico de Ribeirao Cas;11;374941
Ribeirão Cascalheira;2023;Fundo Mun Prev Social Serv Publico de Ribeirao Cas;12;466024
Ribeirão Cascalheira;2024;Gabinete do Prefeito;1;259715
Ribeirão Cascalheira;2024;Gabinete do Prefeito;2;131108
Ribeirão Cascalheira;2024;Gabinete do Prefeito;3;208891
Ribeirão Cascalheira;2024;Gabinete do Prefeito;4;222783
Ribeirão Cascalheira;2024;Gabinete do Prefeito;5;233090
Ribeirão Cascalheira;2024;Gabinete do Prefeito;6;193482
Ribeirão Cascalheira;2024;Gabinete do Prefeito;7;165175
Ribeirão Cascalheira;2024;Gabinete do Prefeito;8;220965
Ribeirão Cascalheira;2024;Gabinete do Prefeito;9;219339
Ribeirão Cascalheira;2024;Gabinete do Prefeito;10;166794
Ribeirão Cascalheira;2024;Gabinete do Prefeito;11;214214
Ribeirão Cascalheira;2024;Gabinete do Prefeito;12;324737
Ribeirão Cascalheira;2024;Camara Municipal;1;145330
Ribeirão Cascalheira;2024;Camara Municipal;2;261848
Ribeirão Cascalheira;2024;Camara Municipal;3;246721
Ribeirão Cascalheira;2024;Camara Municipal;4;225012
Ribeirão Cascalheira;2024;Camara Municipal;5;207644
Ribeirão Cascalheira;2024;Camara Municipal;6;403602
Ribeirão Cascalheira;2024;Camara Municipal;7;268025
Ribeirão Cascalheira;2024;Camara Municipal;8;217293
Ribeirão Cascalheira;2024;Camara Municipal;9;416903
Ribeirão Cascalheira;2024;Camara Municipal;10;251558
Ribeirão Cascalheira;2024;Camara Municipal;11;403597
Ribeirão Cascalheira;2024;Camara Municipal;12;541109
Ribeirão Cascalheira;2024;Secretaria Municipal de Saude;1;1365504
Ribeirão Cascalheira;2024;Secretaria Municipal de Saude;2;2378767
Ribeirão Cascalheira;2024;Secretaria Municipal de Saude;3;3959454
Ribeirão Cascalheira;2024;Secretaria Municipal de Saude;4;2374136
Ribeirão Cascalheira;2024;Secretaria Municipal de Saude;5;2500014
Ribeirão Cascalheira;2024;Secretaria Municipal de Saude;6;1695184
Ribeirão Cascalheira;2024;Secretaria Municipal de Saude;7;1794838
Ribeirão Cascalheira;2024;Secretaria Municipal de Saude;8;866866
Ribeirão Cascalheira;2024;Secretaria Municipal de Saude;9;1656990
Ribeirão Cascalheira;2024;Secretaria Municipal de Saude;10;3211514
Ribeirão Cascalheira;2024;Secretaria Municipal de Saude;11;2036042
Ribeirão Cascalheira;2024;Secretaria Municipal de Saude;12;4020095
Ribeirão Cascalheira;2024;Secretaria Municipal de Infra Estrutura;1;1025621
Ribeirão Cascalheira;2024;Secretaria Municipal de Infra Estrutura;2;996569
Ribeirão Cascalheira;2024;Secretaria Municipal de Infra Estrutura;3;1303540
Ribeirão Cascalheira;2024;Secretaria Municipal de Infra Estrutura;4;1300124
Ribeirão Cascalheira;2024;Secretaria Municipal de Infra Estrutura;5;1508156
Ribeirão Cascalheira;2024;Secretaria Municipal de Infra Estrutura;6;1592378
Ribeirão Cascalheira;2024;Secretaria Municipal de Infra Estrutura;7;984290
Ribeirão Cascalheira;2024;Secretaria Municipal de Infra Estrutura;8;979538
Ribeirão Cascalheira;2024;Secretaria Municipal de Infra Estrutura;9;1425524
Ribeirão Cascalheira;2024;Secretaria Municipal de Infra Estrutura;10;1166735
Ribeirão Cascalheira;2024;Secretaria Municipal de Infra Estrutura;11;637154
Ribeirão Cascalheira;2024;Secretaria Municipal de Infra Estrutura;12;1676331
Ribeirão Cascalheira;2024;Secretaria Municipal de Administração;1;293021
Ribeirão Cascalheira;2024;Secretaria Municipal de Administração;2;933143
Ribeirão Cascalheira;2024;Secretaria Municipal de Administração;3;430281
Ribeirão Cascalheira;2024;Secretaria Municipal de Administração;4;1130194
Ribeirão Cascalheira;2024;Secretaria Municipal de Administração;5;640833
Ribeirão Cascalheira;2024;Secretaria Municipal de Administração;6;270476
Ribeirão Cascalheira;2024;Secretaria Municipal de Administração;7;360598
Ribeirão Cascalheira;2024;Secretaria Municipal de Administração;8;327067
Ribeirão Cascalheira;2024;Secretaria Municipal de Administração;9;511945
Ribeirão Cascalheira;2024;Secretaria Municipal de Administração;10;173010
Ribeirão Cascalheira;2024;Secretaria Municipal de Administração;11;635193
Ribeirão Cascalheira;2024;Secretaria Municipal de Administração;12;1113314
Ribeirão Cascalheira;2024;Secretaria Municipal de Agricultura;1;48606
Ribeirão Cascalheira;2024;Secretaria Municipal de Agricultura;2;41399
Ribeirão Cascalheira;2024;Secretaria Municipal de Agricultura;3;52580
Ribeirão Cascalheira;2024;Secretaria Municipal de Agricultura;4;78579
Ribeirão Cascalheira;2024;Secretaria Municipal de Agricultura;5;55857
Ribeirão Cascalheira;2024;Secretaria Municipal de Agricultura;6;51670
Ribeirão Cascalheira;2024;Secretaria Municipal de Agricultura;7;61465
Ribeirão Cascalheira;2024;Secretaria Municipal de Agricultura;8;41668
Ribeirão Cascalheira;2024;Secretaria Municipal de Agricultura;9;45510
Ribeirão Cascalheira;2024;Secretaria Municipal de Agricultura;10;43564
Ribeirão Cascalheira;2024;Secretaria Municipal de Agricultura;11;42182
Ribeirão Cascalheira;2024;Secretaria Municipal de Agricultura;12;64021
Ribeirão Cascalheira;2024;Secretaria de Assistência Social;1;191948
Ribeirão Cascalheira;2024;Secretaria de Assistência Social;2;144516
Ribeirão Cascalheira;2024;Secretaria de Assistência Social;3;123356
Ribeirão Cascalheira;2024;Secretaria de Assistência Social;4;157311
Ribeirão Cascalheira;2024;Secretaria de Assistência Social;5;170910
Ribeirão Cascalheira;2024;Secretaria de Assistência Social;6;153142
Ribeirão Cascalheira;2024;Secretaria de Assistência Social;7;136192
Ribeirão Cascalheira;2024;Secretaria de Assistência Social;8;117129
Ribeirão Cascalheira;2024;Secretaria de Assistência Social;9;164864
Ribeirão Cascalheira;2024;Secretaria de Assistência Social;10;118233
Ribeirão Cascalheira;2024;Secretaria de Assistência Social;11;132222
Ribeirão Cascalheira;2024;Secretaria de Assistência Social;12;298439
Ribeirão Cascalheira;2024;Secretaria Municipal de Educação;1;1163310
Ribeirão Cascalheira;2024;Secretaria Municipal de Educação;2;1465942
Ribeirão Cascalheira;2024;Secretaria Municipal de Educação;3;1890098
Ribeirão Cascalheira;2024;Secretaria Municipal de Educação;4;2347442
Ribeirão Cascalheira;2024;Secretaria Municipal de Educação;5;2042452
Ribeirão Cascalheira;2024;Secretaria Municipal de Educação;6;2153291
Ribeirão Cascalheira;2024;Secretaria Municipal de Educação;7;2471308
Ribeirão Cascalheira;2024;Secretaria Municipal de Educação;8;1661843
Ribeirão Cascalheira;2024;Secretaria Municipal de Educação;9;1861665
Ribeirão Cascalheira;2024;Secretaria Municipal de Educação;10;2492714
Ribeirão Cascalheira;2024;Secretaria Municipal de Educação;11;2186610
Ribeirão Cascalheira;2024;Secretaria Municipal de Educação;12;3418195
Ribeirão Cascalheira;2024;Secretaria de Finanças;1;570605
Ribeirão Cascalheira;2024;Secretaria de Finanças;2;545085
Ribeirão Cascalheira;2024;Secretaria de Finanças;3;246034
Ribeirão Cascalheira;2024;Secretaria de Finanças;4;403512
Ribeirão Cascalheira;2024;Secretaria de Finanças;5;280696
Ribeirão Cascalheira;2024;Secretaria de Finanças;6;288560
Ribeirão Cascalheira;2024;Secretaria de Finanças;7;223142
Ribeirão Cascalheira;2024;Secretaria de Finanças;8;637128
Ribeirão Cascalheira;2024;Secretaria de Finanças;9;541431
Ribeirão Cascalheira;2024;Secretaria de Finanças;10;493740
Ribeirão Cascalheira;2024;Secretaria de Finanças;11;295509
Ribeirão Cascalheira;2024;Secretaria de Finanças;12;597117
Ribeirão Cascalheira;2024;Secretaria Municipal de Turismo;1;8596
Ribeirão Cascalheira;2024;Secretaria Municipal de Turismo;2;4096
Ribeirão Cascalheira;2024;Secretaria Municipal de Turismo;3;8596
Ribeirão Cascalheira;2024;Secretaria Municipal de Turismo;4;11021
Ribeirão Cascalheira;2024;Secretaria Municipal de Turismo;5;8596
Ribeirão Cascalheira;2024;Secretaria Municipal de Turismo;6;8596
Ribeirão Cascalheira;2024;Secretaria Municipal de Turismo;7;8596
Ribeirão Cascalheira;2024;Secretaria Municipal de Turismo;8;8596
Ribeirão Cascalheira;2024;Secretaria Municipal de Turismo;9;12287
Ribeirão Cascalheira;2024;Secretaria Municipal de Turismo;10;3674
Ribeirão Cascalheira;2024;Secretaria Municipal de Turismo;11;10794
Ribeirão Cascalheira;2024;Secretaria Municipal de Turismo;12;13040
Ribeirão Cascalheira;2024;Secretaria Municipal de Cultura, Desporto e Lazer;1;64755
Ribeirão Cascalheira;2024;Secretaria Municipal de Cultura, Desporto e Lazer;2;64712
Ribeirão Cascalheira;2024;Secretaria Municipal de Cultura, Desporto e Lazer;3;335632
Ribeirão Cascalheira;2024;Secretaria Municipal de Cultura, Desporto e Lazer;4;113873
Ribeirão Cascalheira;2024;Secretaria Municipal de Cultura, Desporto e Lazer;5;144033
Ribeirão Cascalheira;2024;Secretaria Municipal de Cultura, Desporto e Lazer;6;162063
Ribeirão Cascalheira;2024;Secretaria Municipal de Cultura, Desporto e Lazer;7;18123
Ribeirão Cascalheira;2024;Secretaria Municipal de Cultura, Desporto e Lazer;8;40312
Ribeirão Cascalheira;2024;Secretaria Municipal de Cultura, Desporto e Lazer;9;45694
Ribeirão Cascalheira;2024;Secretaria Municipal de Cultura, Desporto e Lazer;10;22345
Ribeirão Cascalheira;2024;Secretaria Municipal de Cultura, Desporto e Lazer;11;20819
Ribeirão Cascalheira;2024;Secretaria Municipal de Cultura, Desporto e Lazer;12;-96465
Ribeirão Cascalheira;2024;Secretaria Municipal de Transito;1;33178
Ribeirão Cascalheira;2024;Secretaria Municipal de Transito;2;25386
Ribeirão Cascalheira;2024;Secretaria Municipal de Transito;3;24989
Ribeirão Cascalheira;2024;Secretaria Municipal de Transito;4;32013
Ribeirão Cascalheira;2024;Secretaria Municipal de Transito;5;24209
Ribeirão Cascalheira;2024;Secretaria Municipal de Transito;6;32757
Ribeirão Cascalheira;2024;Secretaria Municipal de Transito;7;28665
Ribeirão Cascalheira;2024;Secretaria Municipal de Transito;8;23269
Ribeirão Cascalheira;2024;Secretaria Municipal de Transito;9;27124
Ribeirão Cascalheira;2024;Secretaria Municipal de Transito;10;22717
Ribeirão Cascalheira;2024;Secretaria Municipal de Transito;11;30765
Ribeirão Cascalheira;2024;Secretaria Municipal de Transito;12;20418
Ribeirão Cascalheira;2024;Secretaria Municipal de Meio Ambiente;1;19417
Ribeirão Cascalheira;2024;Secretaria Municipal de Meio Ambiente;2;10649
Ribeirão Cascalheira;2024;Secretaria Municipal de Meio Ambiente;3;14951
Ribeirão Cascalheira;2024;Secretaria Municipal de Meio Ambiente;4;94687
Ribeirão Cascalheira;2024;Secretaria Municipal de Meio Ambiente;5;159043
Ribeirão Cascalheira;2024;Secretaria Municipal de Meio Ambiente;6;19818
Ribeirão Cascalheira;2024;Secretaria Municipal de Meio Ambiente;7;22350
Ribeirão Cascalheira;2024;Secretaria Municipal de Meio Ambiente;8;73291
Ribeirão Cascalheira;2024;Secretaria Municipal de Meio Ambiente;9;17992
Ribeirão Cascalheira;2024;Secretaria Municipal de Meio Ambiente;10;15130
Ribeirão Cascalheira;2024;Secretaria Municipal de Meio Ambiente;11;32737
Ribeirão Cascalheira;2024;Secretaria Municipal de Meio Ambiente;12;60944
Ribeirão Cascalheira;2024;Fundo Mun Prev Social Serv Publico de Ribeirao Cas;1;388845
Ribeirão Cascalheira;2024;Fundo Mun Prev Social Serv Publico de Ribeirao Cas;2;383081
Ribeirão Cascalheira;2024;Fundo Mun Prev Social Serv Publico de Ribeirao Cas;3;21693
Ribeirão Cascalheira;2024;Fundo Mun Prev Social Serv Publico de Ribeirao Cas;4;726669
Ribeirão Cascalheira;2024;Fundo Mun Prev Social Serv Publico de Ribeirao Cas;5;424290
Ribeirão Cascalheira;2024;Fundo Mun Prev Social Serv Publico de Ribeirao Cas;6;13383
Ribeirão Cascalheira;2024;Fundo Mun Prev Social Serv Publico de Ribeirao Cas;7;825290
Ribeirão Cascalheira;2024;Fundo Mun Prev Social Serv Publico de Ribeirao Cas;8;459039
Ribeirão Cascalheira;2024;Fundo Mun Prev Social Serv Publico de Ribeirao Cas;9;445289
Ribeirão Cascalheira;2024;Fundo Mun Prev Social Serv Publico de Ribeirao Cas;10;421407
Ribeirão Cascalheira;2024;Fundo Mun Prev Social Serv Publico de Ribeirao Cas;11;426716
Ribeirão Cascalheira;2024;Fundo Mun Prev Social Serv Publico de Ribeirao Cas;12;525555
Ribeirão Cascalheira;2025;Gabinete do Prefeito;1;207989
Ribeirão Cascalheira;2025;Gabinete do Prefeito;2;173976
Ribeirão Cascalheira;2025;Gabinete do Prefeito;3;201911
Ribeirão Cascalheira;2025;Gabinete do Prefeito;4;252824
Ribeirão Cascalheira;2025;Gabinete do Prefeito;5;197318
Ribeirão Cascalheira;2025;Gabinete do Prefeito;6;181566
Ribeirão Cascalheira;2025;Gabinete do Prefeito;7;247031
Ribeirão Cascalheira;2025;Gabinete do Prefeito;8;183715
Ribeirão Cascalheira;2025;Gabinete do Prefeito;9;249962
Ribeirão Cascalheira;2025;Gabinete do Prefeito;10;166842
Ribeirão Cascalheira;2025;Gabinete do Prefeito;11;175186
Ribeirão Cascalheira;2025;Gabinete do Prefeito;12;248990
Ribeirão Cascalheira;2025;Camara Municipal;1;343261
Ribeirão Cascalheira;2025;Camara Municipal;2;309170
Ribeirão Cascalheira;2025;Camara Municipal;3;399638
Ribeirão Cascalheira;2025;Camara Municipal;4;322918
Ribeirão Cascalheira;2025;Camara Municipal;5;299499
Ribeirão Cascalheira;2025;Camara Municipal;6;306209
Ribeirão Cascalheira;2025;Camara Municipal;7;292708
Ribeirão Cascalheira;2025;Camara Municipal;8;280651
Ribeirão Cascalheira;2025;Camara Municipal;9;259054
Ribeirão Cascalheira;2025;Camara Municipal;10;292217
Ribeirão Cascalheira;2025;Camara Municipal;11;287078
Ribeirão Cascalheira;2025;Camara Municipal;12;230841
Ribeirão Cascalheira;2025;Secretaria Municipal de Saude;1;1180854
Ribeirão Cascalheira;2025;Secretaria Municipal de Saude;2;1671482
Ribeirão Cascalheira;2025;Secretaria Municipal de Saude;3;1815263
Ribeirão Cascalheira;2025;Secretaria Municipal de Saude;4;1689123
Ribeirão Cascalheira;2025;Secretaria Municipal de Saude;5;1779164
Ribeirão Cascalheira;2025;Secretaria Municipal de Saude;6;1725984
Ribeirão Cascalheira;2025;Secretaria Municipal de Saude;7;2116328
Ribeirão Cascalheira;2025;Secretaria Municipal de Saude;8;2574437
Ribeirão Cascalheira;2025;Secretaria Municipal de Saude;9;2729039
Ribeirão Cascalheira;2025;Secretaria Municipal de Saude;10;1784868
Ribeirão Cascalheira;2025;Secretaria Municipal de Saude;11;1891635
Ribeirão Cascalheira;2025;Secretaria Municipal de Saude;12;3269827
Ribeirão Cascalheira;2025;Secretaria Municipal de Infra Estrutura;1;208640
Ribeirão Cascalheira;2025;Secretaria Municipal de Infra Estrutura;2;819277
Ribeirão Cascalheira;2025;Secretaria Municipal de Infra Estrutura;3;452546
Ribeirão Cascalheira;2025;Secretaria Municipal de Infra Estrutura;4;499186
Ribeirão Cascalheira;2025;Secretaria Municipal de Infra Estrutura;5;1441073
Ribeirão Cascalheira;2025;Secretaria Municipal de Infra Estrutura;6;1121623
Ribeirão Cascalheira;2025;Secretaria Municipal de Infra Estrutura;7;1891360
Ribeirão Cascalheira;2025;Secretaria Municipal de Infra Estrutura;8;741559
Ribeirão Cascalheira;2025;Secretaria Municipal de Infra Estrutura;9;1046789
Ribeirão Cascalheira;2025;Secretaria Municipal de Infra Estrutura;10;911617
Ribeirão Cascalheira;2025;Secretaria Municipal de Infra Estrutura;11;1016388
Ribeirão Cascalheira;2025;Secretaria Municipal de Infra Estrutura;12;1589208
Ribeirão Cascalheira;2025;Secretaria Municipal de Administração;1;407644
Ribeirão Cascalheira;2025;Secretaria Municipal de Administração;2;350182
Ribeirão Cascalheira;2025;Secretaria Municipal de Administração;3;434355
Ribeirão Cascalheira;2025;Secretaria Municipal de Administração;4;396386
Ribeirão Cascalheira;2025;Secretaria Municipal de Administração;5;367815
Ribeirão Cascalheira;2025;Secretaria Municipal de Administração;6;370896
Ribeirão Cascalheira;2025;Secretaria Municipal de Administração;7;539280
Ribeirão Cascalheira;2025;Secretaria Municipal de Administração;8;329228
Ribeirão Cascalheira;2025;Secretaria Municipal de Administração;9;485957
Ribeirão Cascalheira;2025;Secretaria Municipal de Administração;10;550026
Ribeirão Cascalheira;2025;Secretaria Municipal de Administração;11;411209
Ribeirão Cascalheira;2025;Secretaria Municipal de Administração;12;662579
Ribeirão Cascalheira;2025;Secretaria Municipal de Agricultura;1;50208
Ribeirão Cascalheira;2025;Secretaria Municipal de Agricultura;2;55929
Ribeirão Cascalheira;2025;Secretaria Municipal de Agricultura;3;66499
Ribeirão Cascalheira;2025;Secretaria Municipal de Agricultura;4;83561
Ribeirão Cascalheira;2025;Secretaria Municipal de Agricultura;5;59217
Ribeirão Cascalheira;2025;Secretaria Municipal de Agricultura;6;62643
Ribeirão Cascalheira;2025;Secretaria Municipal de Agricultura;7;95445
Ribeirão Cascalheira;2025;Secretaria Municipal de Agricultura;8;86668
Ribeirão Cascalheira;2025;Secretaria Municipal de Agricultura;9;110747
Ribeirão Cascalheira;2025;Secretaria Municipal de Agricultura;10;60234
Ribeirão Cascalheira;2025;Secretaria Municipal de Agricultura;11;72439
Ribeirão Cascalheira;2025;Secretaria Municipal de Agricultura;12;114291
Ribeirão Cascalheira;2025;Secretaria de Assistência Social;1;98307
Ribeirão Cascalheira;2025;Secretaria de Assistência Social;2;138347
Ribeirão Cascalheira;2025;Secretaria de Assistência Social;3;162634
Ribeirão Cascalheira;2025;Secretaria de Assistência Social;4;191965
Ribeirão Cascalheira;2025;Secretaria de Assistência Social;5;183461
Ribeirão Cascalheira;2025;Secretaria de Assistência Social;6;132181
Ribeirão Cascalheira;2025;Secretaria de Assistência Social;7;151536
Ribeirão Cascalheira;2025;Secretaria de Assistência Social;8;141427
Ribeirão Cascalheira;2025;Secretaria de Assistência Social;9;226541
Ribeirão Cascalheira;2025;Secretaria de Assistência Social;10;218627
Ribeirão Cascalheira;2025;Secretaria de Assistência Social;11;172172
Ribeirão Cascalheira;2025;Secretaria de Assistência Social;12;358841
Ribeirão Cascalheira;2025;Secretaria Municipal de Educação;1;878810
Ribeirão Cascalheira;2025;Secretaria Municipal de Educação;2;1761789
Ribeirão Cascalheira;2025;Secretaria Municipal de Educação;3;2219107
Ribeirão Cascalheira;2025;Secretaria Municipal de Educação;4;2068707
Ribeirão Cascalheira;2025;Secretaria Municipal de Educação;5;2175328
Ribeirão Cascalheira;2025;Secretaria Municipal de Educação;6;1941799
Ribeirão Cascalheira;2025;Secretaria Municipal de Educação;7;2483293
Ribeirão Cascalheira;2025;Secretaria Municipal de Educação;8;2658271
Ribeirão Cascalheira;2025;Secretaria Municipal de Educação;9;2350403
Ribeirão Cascalheira;2025;Secretaria Municipal de Educação;10;2068511
Ribeirão Cascalheira;2025;Secretaria Municipal de Educação;11;2040096
Ribeirão Cascalheira;2025;Secretaria Municipal de Educação;12;3384753
Ribeirão Cascalheira;2025;Secretaria de Finanças;1;225055
Ribeirão Cascalheira;2025;Secretaria de Finanças;2;398133
Ribeirão Cascalheira;2025;Secretaria de Finanças;3;215882
Ribeirão Cascalheira;2025;Secretaria de Finanças;4;449952
Ribeirão Cascalheira;2025;Secretaria de Finanças;5;455605
Ribeirão Cascalheira;2025;Secretaria de Finanças;6;336180
Ribeirão Cascalheira;2025;Secretaria de Finanças;7;412887
Ribeirão Cascalheira;2025;Secretaria de Finanças;8;370804
Ribeirão Cascalheira;2025;Secretaria de Finanças;9;396149
Ribeirão Cascalheira;2025;Secretaria de Finanças;10;650056
Ribeirão Cascalheira;2025;Secretaria de Finanças;11;313575
Ribeirão Cascalheira;2025;Secretaria de Finanças;12;374726
Ribeirão Cascalheira;2025;Secretaria Municipal de Turismo;1;7778
Ribeirão Cascalheira;2025;Secretaria Municipal de Turismo;2;8835
Ribeirão Cascalheira;2025;Secretaria Municipal de Turismo;3;10213
Ribeirão Cascalheira;2025;Secretaria Municipal de Turismo;4;10418
Ribeirão Cascalheira;2025;Secretaria Municipal de Turismo;5;6522
Ribeirão Cascalheira;2025;Secretaria Municipal de Turismo;6;10418
Ribeirão Cascalheira;2025;Secretaria Municipal de Turismo;7;10418
Ribeirão Cascalheira;2025;Secretaria Municipal de Turismo;8;6522
Ribeirão Cascalheira;2025;Secretaria Municipal de Turismo;9;12418
Ribeirão Cascalheira;2025;Secretaria Municipal de Turismo;10;9744
Ribeirão Cascalheira;2025;Secretaria Municipal de Turismo;11;11115
Ribeirão Cascalheira;2025;Secretaria Municipal de Turismo;12;683561
Ribeirão Cascalheira;2025;Secretaria Municipal de Cultura, Desporto e Lazer;1;26413
Ribeirão Cascalheira;2025;Secretaria Municipal de Cultura, Desporto e Lazer;2;23109
Ribeirão Cascalheira;2025;Secretaria Municipal de Cultura, Desporto e Lazer;3;30068
Ribeirão Cascalheira;2025;Secretaria Municipal de Cultura, Desporto e Lazer;4;25083
Ribeirão Cascalheira;2025;Secretaria Municipal de Cultura, Desporto e Lazer;5;34329
Ribeirão Cascalheira;2025;Secretaria Municipal de Cultura, Desporto e Lazer;6;105110
Ribeirão Cascalheira;2025;Secretaria Municipal de Cultura, Desporto e Lazer;7;26941
Ribeirão Cascalheira;2025;Secretaria Municipal de Cultura, Desporto e Lazer;8;29759
Ribeirão Cascalheira;2025;Secretaria Municipal de Cultura, Desporto e Lazer;9;66253
Ribeirão Cascalheira;2025;Secretaria Municipal de Cultura, Desporto e Lazer;10;29893
Ribeirão Cascalheira;2025;Secretaria Municipal de Cultura, Desporto e Lazer;11;88805
Ribeirão Cascalheira;2025;Secretaria Municipal de Cultura, Desporto e Lazer;12;60408
Ribeirão Cascalheira;2025;Secretaria Municipal de Transito;1;29192
Ribeirão Cascalheira;2025;Secretaria Municipal de Transito;2;22012
Ribeirão Cascalheira;2025;Secretaria Municipal de Transito;3;25181
Ribeirão Cascalheira;2025;Secretaria Municipal de Transito;4;26672
Ribeirão Cascalheira;2025;Secretaria Municipal de Transito;5;25989
Ribeirão Cascalheira;2025;Secretaria Municipal de Transito;6;23499
Ribeirão Cascalheira;2025;Secretaria Municipal de Transito;7;50296
Ribeirão Cascalheira;2025;Secretaria Municipal de Transito;8;24543
Ribeirão Cascalheira;2025;Secretaria Municipal de Transito;9;37502
Ribeirão Cascalheira;2025;Secretaria Municipal de Transito;10;19409
Ribeirão Cascalheira;2025;Secretaria Municipal de Transito;11;27806
Ribeirão Cascalheira;2025;Secretaria Municipal de Transito;12;32866
Ribeirão Cascalheira;2025;Secretaria Municipal de Meio Ambiente;1;185671
Ribeirão Cascalheira;2025;Secretaria Municipal de Meio Ambiente;2;22518
Ribeirão Cascalheira;2025;Secretaria Municipal de Meio Ambiente;3;23125
Ribeirão Cascalheira;2025;Secretaria Municipal de Meio Ambiente;4;73429
Ribeirão Cascalheira;2025;Secretaria Municipal de Meio Ambiente;5;186616
Ribeirão Cascalheira;2025;Secretaria Municipal de Meio Ambiente;6;133001
Ribeirão Cascalheira;2025;Secretaria Municipal de Meio Ambiente;7;77562
Ribeirão Cascalheira;2025;Secretaria Municipal de Meio Ambiente;8;123082
Ribeirão Cascalheira;2025;Secretaria Municipal de Meio Ambiente;9;68464
Ribeirão Cascalheira;2025;Secretaria Municipal de Meio Ambiente;10;61850
Ribeirão Cascalheira;2025;Secretaria Municipal de Meio Ambiente;11;309312
Ribeirão Cascalheira;2025;Secretaria Municipal de Meio Ambiente;12;86577
Ribeirão Cascalheira;2025;Fundo Mun Prev Social Serv Publico de Ribeirao Cas;1;419858
Ribeirão Cascalheira;2025;Fundo Mun Prev Social Serv Publico de Ribeirao Cas;2;429777
Ribeirão Cascalheira;2025;Fundo Mun Prev Social Serv Publico de Ribeirao Cas;3;411381
Ribeirão Cascalheira;2025;Fundo Mun Prev Social Serv Publico de Ribeirao Cas;4;419889
Ribeirão Cascalheira;2025;Fundo Mun Prev Social Serv Publico de Ribeirao Cas;5;456493
Ribeirão Cascalheira;2025;Fundo Mun Prev Social Serv Publico de Ribeirao Cas;6;460907
Ribeirão Cascalheira;2025;Fundo Mun Prev Social Serv Publico de Ribeirao Cas;7;450563
Ribeirão Cascalheira;2025;Fundo Mun Prev Social Serv Publico de Ribeirao Cas;8;541611
Ribeirão Cascalheira;2025;Fundo Mun Prev Social Serv Publico de Ribeirao Cas;9;482819
Ribeirão Cascalheira;2025;Fundo Mun Prev Social Serv Publico de Ribeirao Cas;10;457379
Ribeirão Cascalheira;2025;Fundo Mun Prev Social Serv Publico de Ribeirao Cas;11;473130
Ribeirão Cascalheira;2025;Fundo Mun Prev Social Serv Publico de Ribeirao Cas;12;586513
Ribeirão Cascalheira;2026;Gabinete do Prefeito;1;176128
Ribeirão Cascalheira;2026;Gabinete do Prefeito;2;173527
Ribeirão Cascalheira;2026;Gabinete do Prefeito;3;163174
Ribeirão Cascalheira;2026;Gabinete do Prefeito;4;163145
Ribeirão Cascalheira;2026;Gabinete do Prefeito;5;183045
Ribeirão Cascalheira;2026;Gabinete do Prefeito;6;175923
Ribeirão Cascalheira;2026;Gabinete do Prefeito;7;182285
Ribeirão Cascalheira;2026;Camara Municipal;1;234633
Ribeirão Cascalheira;2026;Camara Municipal;2;331253
Ribeirão Cascalheira;2026;Camara Municipal;3;342861
Ribeirão Cascalheira;2026;Camara Municipal;4;296522
Ribeirão Cascalheira;2026;Camara Municipal;5;306700
Ribeirão Cascalheira;2026;Camara Municipal;6;285677
Ribeirão Cascalheira;2026;Secretaria Municipal de Saude;1;1695892
Ribeirão Cascalheira;2026;Secretaria Municipal de Saude;2;1705678
Ribeirão Cascalheira;2026;Secretaria Municipal de Saude;3;1783061
Ribeirão Cascalheira;2026;Secretaria Municipal de Saude;4;2010259
Ribeirão Cascalheira;2026;Secretaria Municipal de Saude;5;2197103
Ribeirão Cascalheira;2026;Secretaria Municipal de Saude;6;2247287
Ribeirão Cascalheira;2026;Secretaria Municipal de Saude;7;1978417
Ribeirão Cascalheira;2026;Secretaria Municipal de Infra Estrutura;1;610551
Ribeirão Cascalheira;2026;Secretaria Municipal de Infra Estrutura;2;797327
Ribeirão Cascalheira;2026;Secretaria Municipal de Infra Estrutura;3;1149043
Ribeirão Cascalheira;2026;Secretaria Municipal de Infra Estrutura;4;1019920
Ribeirão Cascalheira;2026;Secretaria Municipal de Infra Estrutura;5;1316476
Ribeirão Cascalheira;2026;Secretaria Municipal de Infra Estrutura;6;992226
Ribeirão Cascalheira;2026;Secretaria Municipal de Infra Estrutura;7;1241711
Ribeirão Cascalheira;2026;Secretaria Municipal de Administração;1;370288
Ribeirão Cascalheira;2026;Secretaria Municipal de Administração;2;451766
Ribeirão Cascalheira;2026;Secretaria Municipal de Administração;3;424411
Ribeirão Cascalheira;2026;Secretaria Municipal de Administração;4;392911
Ribeirão Cascalheira;2026;Secretaria Municipal de Administração;5;683685
Ribeirão Cascalheira;2026;Secretaria Municipal de Administração;6;463185
Ribeirão Cascalheira;2026;Secretaria Municipal de Administração;7;485949
Ribeirão Cascalheira;2026;Secretaria Municipal de Agricultura;1;69094
Ribeirão Cascalheira;2026;Secretaria Municipal de Agricultura;2;74232
Ribeirão Cascalheira;2026;Secretaria Municipal de Agricultura;3;82877
Ribeirão Cascalheira;2026;Secretaria Municipal de Agricultura;4;95916
Ribeirão Cascalheira;2026;Secretaria Municipal de Agricultura;5;85589
Ribeirão Cascalheira;2026;Secretaria Municipal de Agricultura;6;103928
Ribeirão Cascalheira;2026;Secretaria Municipal de Agricultura;7;96063
Ribeirão Cascalheira;2026;Secretaria de Assistência Social;1;128397
Ribeirão Cascalheira;2026;Secretaria de Assistência Social;2;156052
Ribeirão Cascalheira;2026;Secretaria de Assistência Social;3;167593
Ribeirão Cascalheira;2026;Secretaria de Assistência Social;4;139382
Ribeirão Cascalheira;2026;Secretaria de Assistência Social;5;225978
Ribeirão Cascalheira;2026;Secretaria de Assistência Social;6;153438
Ribeirão Cascalheira;2026;Secretaria de Assistência Social;7;134457
Ribeirão Cascalheira;2026;Secretaria Municipal de Educação;1;2104100
Ribeirão Cascalheira;2026;Secretaria Municipal de Educação;2;1731246
Ribeirão Cascalheira;2026;Secretaria Municipal de Educação;3;2426535
Ribeirão Cascalheira;2026;Secretaria Municipal de Educação;4;2336465
Ribeirão Cascalheira;2026;Secretaria Municipal de Educação;5;2694743
Ribeirão Cascalheira;2026;Secretaria Municipal de Educação;6;2602469
Ribeirão Cascalheira;2026;Secretaria Municipal de Educação;7;2638335
Ribeirão Cascalheira;2026;Secretaria de Finanças;1;329602
Ribeirão Cascalheira;2026;Secretaria de Finanças;2;326303
Ribeirão Cascalheira;2026;Secretaria de Finanças;3;312851
Ribeirão Cascalheira;2026;Secretaria de Finanças;4;360706
Ribeirão Cascalheira;2026;Secretaria de Finanças;5;388628
Ribeirão Cascalheira;2026;Secretaria de Finanças;6;386596
Ribeirão Cascalheira;2026;Secretaria de Finanças;7;375344
Ribeirão Cascalheira;2026;Secretaria Municipal de Turismo;1;6522
Ribeirão Cascalheira;2026;Secretaria Municipal de Turismo;2;14157
Ribeirão Cascalheira;2026;Secretaria Municipal de Turismo;3;10652
Ribeirão Cascalheira;2026;Secretaria Municipal de Turismo;4;10652
Ribeirão Cascalheira;2026;Secretaria Municipal de Turismo;5;10675
Ribeirão Cascalheira;2026;Secretaria Municipal de Turismo;6;11626
Ribeirão Cascalheira;2026;Secretaria Municipal de Turismo;7;12802
Ribeirão Cascalheira;2026;Secretaria Municipal de Cultura, Desporto e Lazer;1;71981
Ribeirão Cascalheira;2026;Secretaria Municipal de Cultura, Desporto e Lazer;2;105889
Ribeirão Cascalheira;2026;Secretaria Municipal de Cultura, Desporto e Lazer;3;85522
Ribeirão Cascalheira;2026;Secretaria Municipal de Cultura, Desporto e Lazer;4;544507
Ribeirão Cascalheira;2026;Secretaria Municipal de Cultura, Desporto e Lazer;5;178686
Ribeirão Cascalheira;2026;Secretaria Municipal de Cultura, Desporto e Lazer;6;50119
Ribeirão Cascalheira;2026;Secretaria Municipal de Cultura, Desporto e Lazer;7;46338
Ribeirão Cascalheira;2026;Secretaria Municipal de Transito;1;26936
Ribeirão Cascalheira;2026;Secretaria Municipal de Transito;2;31310
Ribeirão Cascalheira;2026;Secretaria Municipal de Transito;3;31024
Ribeirão Cascalheira;2026;Secretaria Municipal de Transito;4;25961
Ribeirão Cascalheira;2026;Secretaria Municipal de Transito;5;27562
Ribeirão Cascalheira;2026;Secretaria Municipal de Transito;6;33556
Ribeirão Cascalheira;2026;Secretaria Municipal de Transito;7;34759
Ribeirão Cascalheira;2026;Secretaria Municipal de Meio Ambiente;1;22855
Ribeirão Cascalheira;2026;Secretaria Municipal de Meio Ambiente;2;103175
Ribeirão Cascalheira;2026;Secretaria Municipal de Meio Ambiente;3;71664
Ribeirão Cascalheira;2026;Secretaria Municipal de Meio Ambiente;4;64258
Ribeirão Cascalheira;2026;Secretaria Municipal de Meio Ambiente;5;73352
Ribeirão Cascalheira;2026;Secretaria Municipal de Meio Ambiente;6;150897
Ribeirão Cascalheira;2026;Secretaria Municipal de Meio Ambiente;7;138653
Ribeirão Cascalheira;2026;Fundo Mun Prev Social Serv Publico de Ribeirao Cas;1;465349
São Félix do Araguaia;2021;Secretaria Municipal de Financas;1;291528
São Félix do Araguaia;2021;Secretaria Municipal de Financas;2;236225
São Félix do Araguaia;2021;Secretaria Municipal de Financas;3;344077
São Félix do Araguaia;2021;Secretaria Municipal de Financas;4;322145
São Félix do Araguaia;2021;Secretaria Municipal de Financas;5;283088
São Félix do Araguaia;2021;Secretaria Municipal de Financas;6;230138
São Félix do Araguaia;2021;Secretaria Municipal de Financas;7;298817
São Félix do Araguaia;2021;Secretaria Municipal de Financas;8;333439
São Félix do Araguaia;2021;Secretaria Municipal de Financas;9;279646
São Félix do Araguaia;2021;Secretaria Municipal de Financas;10;420423
São Félix do Araguaia;2021;Secretaria Municipal de Financas;11;390601
São Félix do Araguaia;2021;Secretaria Municipal de Financas;12;345360
São Félix do Araguaia;2021;Secretaria Municipal de Saude;1;1473044
São Félix do Araguaia;2021;Secretaria Municipal de Saude;2;1569308
São Félix do Araguaia;2021;Secretaria Municipal de Saude;3;1778230
São Félix do Araguaia;2021;Secretaria Municipal de Saude;4;1404726
São Félix do Araguaia;2021;Secretaria Municipal de Saude;5;2088690
São Félix do Araguaia;2021;Secretaria Municipal de Saude;6;1694349
São Félix do Araguaia;2021;Secretaria Municipal de Saude;7;1848891
São Félix do Araguaia;2021;Secretaria Municipal de Saude;8;1831124
São Félix do Araguaia;2021;Secretaria Municipal de Saude;9;1693942
São Félix do Araguaia;2021;Secretaria Municipal de Saude;10;1650692
São Félix do Araguaia;2021;Secretaria Municipal de Saude;11;1762152
São Félix do Araguaia;2021;Secretaria Municipal de Saude;12;2437508
São Félix do Araguaia;2021;Secretaria Municipal de Educacao e Cultura;1;744393
São Félix do Araguaia;2021;Secretaria Municipal de Educacao e Cultura;2;822616
São Félix do Araguaia;2021;Secretaria Municipal de Educacao e Cultura;3;873581
São Félix do Araguaia;2021;Secretaria Municipal de Educacao e Cultura;4;839486
São Félix do Araguaia;2021;Secretaria Municipal de Educacao e Cultura;5;938762
São Félix do Araguaia;2021;Secretaria Municipal de Educacao e Cultura;6;910458
São Félix do Araguaia;2021;Secretaria Municipal de Educacao e Cultura;7;885020
São Félix do Araguaia;2021;Secretaria Municipal de Educacao e Cultura;8;994176
São Félix do Araguaia;2021;Secretaria Municipal de Educacao e Cultura;9;1067495
São Félix do Araguaia;2021;Secretaria Municipal de Educacao e Cultura;10;1108339
São Félix do Araguaia;2021;Secretaria Municipal de Educacao e Cultura;11;1142496
São Félix do Araguaia;2021;Secretaria Municipal de Educacao e Cultura;12;4341854
São Félix do Araguaia;2021;Secretaria Municipal de Obras e Servicos Urbanos;1;786751
São Félix do Araguaia;2021;Secretaria Municipal de Obras e Servicos Urbanos;2;687009
São Félix do Araguaia;2021;Secretaria Municipal de Obras e Servicos Urbanos;3;1081446
São Félix do Araguaia;2021;Secretaria Municipal de Obras e Servicos Urbanos;4;1399149
São Félix do Araguaia;2021;Secretaria Municipal de Obras e Servicos Urbanos;5;962175
São Félix do Araguaia;2021;Secretaria Municipal de Obras e Servicos Urbanos;6;1509824
São Félix do Araguaia;2021;Secretaria Municipal de Obras e Servicos Urbanos;7;1217609
São Félix do Araguaia;2021;Secretaria Municipal de Obras e Servicos Urbanos;8;1388248
São Félix do Araguaia;2021;Secretaria Municipal de Obras e Servicos Urbanos;9;1568041
São Félix do Araguaia;2021;Secretaria Municipal de Obras e Servicos Urbanos;10;1605148
São Félix do Araguaia;2021;Secretaria Municipal de Obras e Servicos Urbanos;11;1528310
São Félix do Araguaia;2021;Secretaria Municipal de Obras e Servicos Urbanos;12;3568944
São Félix do Araguaia;2021;Secretaria Municipal de Agricultura;1;30571
São Félix do Araguaia;2021;Secretaria Municipal de Agricultura;2;75552
São Félix do Araguaia;2021;Secretaria Municipal de Agricultura;3;92784
São Félix do Araguaia;2021;Secretaria Municipal de Agricultura;4;41360
São Félix do Araguaia;2021;Secretaria Municipal de Agricultura;5;86432
São Félix do Araguaia;2021;Secretaria Municipal de Agricultura;6;94384
São Félix do Araguaia;2021;Secretaria Municipal de Agricultura;7;69642
São Félix do Araguaia;2021;Secretaria Municipal de Agricultura;8;57342
São Félix do Araguaia;2021;Secretaria Municipal de Agricultura;9;72362
São Félix do Araguaia;2021;Secretaria Municipal de Agricultura;10;71371
São Félix do Araguaia;2021;Secretaria Municipal de Agricultura;11;119468
São Félix do Araguaia;2021;Secretaria Municipal de Agricultura;12;115100
São Félix do Araguaia;2021;Secretaria Municipal de Turismo e Meio Ambiente;1;8690
São Félix do Araguaia;2021;Secretaria Municipal de Turismo e Meio Ambiente;2;10763
São Félix do Araguaia;2021;Secretaria Municipal de Turismo e Meio Ambiente;3;16853
São Félix do Araguaia;2021;Secretaria Municipal de Turismo e Meio Ambiente;4;16895
São Félix do Araguaia;2021;Secretaria Municipal de Turismo e Meio Ambiente;5;13279
São Félix do Araguaia;2021;Secretaria Municipal de Turismo e Meio Ambiente;6;12812
São Félix do Araguaia;2021;Secretaria Municipal de Turismo e Meio Ambiente;7;12559
São Félix do Araguaia;2021;Secretaria Municipal de Turismo e Meio Ambiente;8;61360
São Félix do Araguaia;2021;Secretaria Municipal de Turismo e Meio Ambiente;9;26201
São Félix do Araguaia;2021;Secretaria Municipal de Turismo e Meio Ambiente;10;57349
São Félix do Araguaia;2021;Secretaria Municipal de Turismo e Meio Ambiente;11;36136
São Félix do Araguaia;2021;Secretaria Municipal de Turismo e Meio Ambiente;12;361312
São Félix do Araguaia;2021;Secretaria Municipal de Esportes e Lazer;1;17317
São Félix do Araguaia;2021;Secretaria Municipal de Esportes e Lazer;2;60819
São Félix do Araguaia;2021;Secretaria Municipal de Esportes e Lazer;3;18411
São Félix do Araguaia;2021;Secretaria Municipal de Esportes e Lazer;4;54413
São Félix do Araguaia;2021;Secretaria Municipal de Esportes e Lazer;5;201785
São Félix do Araguaia;2021;Secretaria Municipal de Esportes e Lazer;6;96887
São Félix do Araguaia;2021;Secretaria Municipal de Esportes e Lazer;7;32668
São Félix do Araguaia;2021;Secretaria Municipal de Esportes e Lazer;8;21884
São Félix do Araguaia;2021;Secretaria Municipal de Esportes e Lazer;9;113281
São Félix do Araguaia;2021;Secretaria Municipal de Esportes e Lazer;10;28756
São Félix do Araguaia;2021;Secretaria Municipal de Esportes e Lazer;11;22431
São Félix do Araguaia;2021;Secretaria Municipal de Esportes e Lazer;12;213008
São Félix do Araguaia;2021;Secretaria Municipal de Meio Ambiente;1;44274
São Félix do Araguaia;2021;Secretaria Municipal de Meio Ambiente;2;54679
São Félix do Araguaia;2021;Secretaria Municipal de Meio Ambiente;3;41226
São Félix do Araguaia;2021;Secretaria Municipal de Meio Ambiente;4;43130
São Félix do Araguaia;2021;Secretaria Municipal de Meio Ambiente;5;45199
São Félix do Araguaia;2021;Secretaria Municipal de Meio Ambiente;6;49531
São Félix do Araguaia;2021;Secretaria Municipal de Meio Ambiente;7;62023
São Félix do Araguaia;2021;Secretaria Municipal de Meio Ambiente;8;63983
São Félix do Araguaia;2021;Secretaria Municipal de Meio Ambiente;9;59895
São Félix do Araguaia;2021;Secretaria Municipal de Meio Ambiente;10;90481
São Félix do Araguaia;2021;Secretaria Municipal de Meio Ambiente;11;82666
São Félix do Araguaia;2021;Secretaria Municipal de Meio Ambiente;12;69522
São Félix do Araguaia;2021;Gabinete do Prefeito Municipal;1;143619
São Félix do Araguaia;2021;Gabinete do Prefeito Municipal;2;187645
São Félix do Araguaia;2021;Gabinete do Prefeito Municipal;3;163849
São Félix do Araguaia;2021;Gabinete do Prefeito Municipal;4;169916
São Félix do Araguaia;2021;Gabinete do Prefeito Municipal;5;322466
São Félix do Araguaia;2021;Gabinete do Prefeito Municipal;6;164094
São Félix do Araguaia;2021;Gabinete do Prefeito Municipal;7;210664
São Félix do Araguaia;2021;Gabinete do Prefeito Municipal;8;183686
São Félix do Araguaia;2021;Gabinete do Prefeito Municipal;9;303606
São Félix do Araguaia;2021;Gabinete do Prefeito Municipal;10;307482
São Félix do Araguaia;2021;Gabinete do Prefeito Municipal;11;245554
São Félix do Araguaia;2021;Gabinete do Prefeito Municipal;12;232219
São Félix do Araguaia;2021;Camara Municipal de São Felix do Araguaia;1;171923
São Félix do Araguaia;2021;Camara Municipal de São Felix do Araguaia;2;189179
São Félix do Araguaia;2021;Camara Municipal de São Felix do Araguaia;3;194348
São Félix do Araguaia;2021;Camara Municipal de São Felix do Araguaia;4;183805
São Félix do Araguaia;2021;Camara Municipal de São Felix do Araguaia;5;322153
São Félix do Araguaia;2021;Camara Municipal de São Felix do Araguaia;6;260311
São Félix do Araguaia;2021;Camara Municipal de São Felix do Araguaia;7;196170
São Félix do Araguaia;2021;Camara Municipal de São Felix do Araguaia;8;226452
São Félix do Araguaia;2021;Camara Municipal de São Felix do Araguaia;9;241180
São Félix do Araguaia;2021;Camara Municipal de São Felix do Araguaia;10;222892
São Félix do Araguaia;2021;Camara Municipal de São Felix do Araguaia;11;202409
São Félix do Araguaia;2021;Camara Municipal de São Felix do Araguaia;12;206574
São Félix do Araguaia;2021;Secretaria Municipal de Admin, Planej.de Fazenda;1;411263
São Félix do Araguaia;2021;Secretaria Municipal de Admin, Planej.de Fazenda;2;532818
São Félix do Araguaia;2021;Secretaria Municipal de Admin, Planej.de Fazenda;3;517018
São Félix do Araguaia;2021;Secretaria Municipal de Admin, Planej.de Fazenda;4;532030
São Félix do Araguaia;2021;Secretaria Municipal de Admin, Planej.de Fazenda;5;590938
São Félix do Araguaia;2021;Secretaria Municipal de Admin, Planej.de Fazenda;6;485190
São Félix do Araguaia;2021;Secretaria Municipal de Admin, Planej.de Fazenda;7;597557
São Félix do Araguaia;2021;Secretaria Municipal de Admin, Planej.de Fazenda;8;701661
São Félix do Araguaia;2021;Secretaria Municipal de Admin, Planej.de Fazenda;9;543916
São Félix do Araguaia;2021;Secretaria Municipal de Admin, Planej.de Fazenda;10;535417
São Félix do Araguaia;2021;Secretaria Municipal de Admin, Planej.de Fazenda;11;528388
São Félix do Araguaia;2021;Secretaria Municipal de Admin, Planej.de Fazenda;12;805464
São Félix do Araguaia;2021;Secretaria Munic.de Desenv.e Acao Social;1;179675
São Félix do Araguaia;2021;Secretaria Munic.de Desenv.e Acao Social;2;202721
São Félix do Araguaia;2021;Secretaria Munic.de Desenv.e Acao Social;3;232439
São Félix do Araguaia;2021;Secretaria Munic.de Desenv.e Acao Social;4;248615
São Félix do Araguaia;2021;Secretaria Munic.de Desenv.e Acao Social;5;213244
São Félix do Araguaia;2021;Secretaria Munic.de Desenv.e Acao Social;6;211229
São Félix do Araguaia;2021;Secretaria Munic.de Desenv.e Acao Social;7;226559
São Félix do Araguaia;2021;Secretaria Munic.de Desenv.e Acao Social;8;242177
São Félix do Araguaia;2021;Secretaria Munic.de Desenv.e Acao Social;9;249193
São Félix do Araguaia;2021;Secretaria Munic.de Desenv.e Acao Social;10;266492
São Félix do Araguaia;2021;Secretaria Munic.de Desenv.e Acao Social;11;291640
São Félix do Araguaia;2021;Secretaria Munic.de Desenv.e Acao Social;12;228541
São Félix do Araguaia;2021;Ipasfa - Instituto de Previdencia de Sao Felix;1;133198
São Félix do Araguaia;2021;Ipasfa - Instituto de Previdencia de Sao Felix;2;148141
São Félix do Araguaia;2021;Ipasfa - Instituto de Previdencia de Sao Felix;3;163739
São Félix do Araguaia;2021;Ipasfa - Instituto de Previdencia de Sao Felix;4;148379
São Félix do Araguaia;2021;Ipasfa - Instituto de Previdencia de Sao Felix;5;149630
São Félix do Araguaia;2021;Ipasfa - Instituto de Previdencia de Sao Felix;6;143433
São Félix do Araguaia;2021;Ipasfa - Instituto de Previdencia de Sao Felix;7;178239
São Félix do Araguaia;2021;Ipasfa - Instituto de Previdencia de Sao Felix;8;145931
São Félix do Araguaia;2021;Ipasfa - Instituto de Previdencia de Sao Felix;9;168330
São Félix do Araguaia;2021;Ipasfa - Instituto de Previdencia de Sao Felix;10;168775
São Félix do Araguaia;2021;Ipasfa - Instituto de Previdencia de Sao Felix;11;189487
São Félix do Araguaia;2021;Ipasfa - Instituto de Previdencia de Sao Felix;12;284343
São Félix do Araguaia;2022;Secretaria Municipal de Financas;1;439754
São Félix do Araguaia;2022;Secretaria Municipal de Financas;2;415730
São Félix do Araguaia;2022;Secretaria Municipal de Financas;3;340521
São Félix do Araguaia;2022;Secretaria Municipal de Financas;4;385405
São Félix do Araguaia;2022;Secretaria Municipal de Financas;5;712768
São Félix do Araguaia;2022;Secretaria Municipal de Financas;6;706630
São Félix do Araguaia;2022;Secretaria Municipal de Financas;7;365002
São Félix do Araguaia;2022;Secretaria Municipal de Financas;8;484721
São Félix do Araguaia;2022;Secretaria Municipal de Financas;9;445580
São Félix do Araguaia;2022;Secretaria Municipal de Financas;10;518559
São Félix do Araguaia;2022;Secretaria Municipal de Financas;11;503767
São Félix do Araguaia;2022;Secretaria Municipal de Financas;12;412777
São Félix do Araguaia;2022;Secretaria Municipal de Saude;1;1762299
São Félix do Araguaia;2022;Secretaria Municipal de Saude;2;1802982
São Félix do Araguaia;2022;Secretaria Municipal de Saude;3;1683547
São Félix do Araguaia;2022;Secretaria Municipal de Saude;4;2273001
São Félix do Araguaia;2022;Secretaria Municipal de Saude;5;1976747
São Félix do Araguaia;2022;Secretaria Municipal de Saude;6;2047549
São Félix do Araguaia;2022;Secretaria Municipal de Saude;7;2279145
São Félix do Araguaia;2022;Secretaria Municipal de Saude;8;2446446
São Félix do Araguaia;2022;Secretaria Municipal de Saude;9;2343268
São Félix do Araguaia;2022;Secretaria Municipal de Saude;10;2390280
São Félix do Araguaia;2022;Secretaria Municipal de Saude;11;2466995
São Félix do Araguaia;2022;Secretaria Municipal de Saude;12;2007675
São Félix do Araguaia;2022;Secretaria Municipal de Educacao e Cultura;1;900295
São Félix do Araguaia;2022;Secretaria Municipal de Educacao e Cultura;2;1196787
São Félix do Araguaia;2022;Secretaria Municipal de Educacao e Cultura;3;1538719
São Félix do Araguaia;2022;Secretaria Municipal de Educacao e Cultura;4;1601825
São Félix do Araguaia;2022;Secretaria Municipal de Educacao e Cultura;5;1749457
São Félix do Araguaia;2022;Secretaria Municipal de Educacao e Cultura;6;1866013
São Félix do Araguaia;2022;Secretaria Municipal de Educacao e Cultura;7;1962475
São Félix do Araguaia;2022;Secretaria Municipal de Educacao e Cultura;8;2324924
São Félix do Araguaia;2022;Secretaria Municipal de Educacao e Cultura;9;2658978
São Félix do Araguaia;2022;Secretaria Municipal de Educacao e Cultura;10;2535948
São Félix do Araguaia;2022;Secretaria Municipal de Educacao e Cultura;11;2659104
São Félix do Araguaia;2022;Secretaria Municipal de Educacao e Cultura;12;1499630
São Félix do Araguaia;2022;Secretaria Municipal de Obras e Servicos Urbanos;1;1303716
São Félix do Araguaia;2022;Secretaria Municipal de Obras e Servicos Urbanos;2;1380094
São Félix do Araguaia;2022;Secretaria Municipal de Obras e Servicos Urbanos;3;1252395
São Félix do Araguaia;2022;Secretaria Municipal de Obras e Servicos Urbanos;4;1355321
São Félix do Araguaia;2022;Secretaria Municipal de Obras e Servicos Urbanos;5;1613451
São Félix do Araguaia;2022;Secretaria Municipal de Obras e Servicos Urbanos;6;2568308
São Félix do Araguaia;2022;Secretaria Municipal de Obras e Servicos Urbanos;7;4216940
São Félix do Araguaia;2022;Secretaria Municipal de Obras e Servicos Urbanos;8;5224131
São Félix do Araguaia;2022;Secretaria Municipal de Obras e Servicos Urbanos;9;3279371
São Félix do Araguaia;2022;Secretaria Municipal de Obras e Servicos Urbanos;10;5122467
São Félix do Araguaia;2022;Secretaria Municipal de Obras e Servicos Urbanos;11;3340776
São Félix do Araguaia;2022;Secretaria Municipal de Obras e Servicos Urbanos;12;2173249
São Félix do Araguaia;2022;Secretaria Municipal de Agricultura;1;86351
São Félix do Araguaia;2022;Secretaria Municipal de Agricultura;2;104887
São Félix do Araguaia;2022;Secretaria Municipal de Agricultura;3;97029
São Félix do Araguaia;2022;Secretaria Municipal de Agricultura;4;190546
São Félix do Araguaia;2022;Secretaria Municipal de Agricultura;5;108130
São Félix do Araguaia;2022;Secretaria Municipal de Agricultura;6;94724
São Félix do Araguaia;2022;Secretaria Municipal de Agricultura;7;87252
São Félix do Araguaia;2022;Secretaria Municipal de Agricultura;8;86877
São Félix do Araguaia;2022;Secretaria Municipal de Agricultura;9;87143
São Félix do Araguaia;2022;Secretaria Municipal de Agricultura;10;119094
São Félix do Araguaia;2022;Secretaria Municipal de Agricultura;11;175445
São Félix do Araguaia;2022;Secretaria Municipal de Agricultura;12;50392
São Félix do Araguaia;2022;Secretaria Municipal de Turismo e Meio Ambiente;1;49167
São Félix do Araguaia;2022;Secretaria Municipal de Turismo e Meio Ambiente;2;50670
São Félix do Araguaia;2022;Secretaria Municipal de Turismo e Meio Ambiente;3;53762
São Félix do Araguaia;2022;Secretaria Municipal de Turismo e Meio Ambiente;4;54961
São Félix do Araguaia;2022;Secretaria Municipal de Turismo e Meio Ambiente;5;490972
São Félix do Araguaia;2022;Secretaria Municipal de Turismo e Meio Ambiente;6;80656
São Félix do Araguaia;2022;Secretaria Municipal de Turismo e Meio Ambiente;7;49935
São Félix do Araguaia;2022;Secretaria Municipal de Turismo e Meio Ambiente;8;154139
São Félix do Araguaia;2022;Secretaria Municipal de Turismo e Meio Ambiente;9;69428
São Félix do Araguaia;2022;Secretaria Municipal de Turismo e Meio Ambiente;10;81698
São Félix do Araguaia;2022;Secretaria Municipal de Turismo e Meio Ambiente;11;232264
São Félix do Araguaia;2022;Secretaria Municipal de Turismo e Meio Ambiente;12;27527
São Félix do Araguaia;2022;Secretaria Municipal de Esportes e Lazer;1;18671
São Félix do Araguaia;2022;Secretaria Municipal de Esportes e Lazer;2;20313
São Félix do Araguaia;2022;Secretaria Municipal de Esportes e Lazer;3;53739
São Félix do Araguaia;2022;Secretaria Municipal de Esportes e Lazer;4;54576
São Félix do Araguaia;2022;Secretaria Municipal de Esportes e Lazer;5;183451
São Félix do Araguaia;2022;Secretaria Municipal de Esportes e Lazer;6;39332
São Félix do Araguaia;2022;Secretaria Municipal de Esportes e Lazer;7;54427
São Félix do Araguaia;2022;Secretaria Municipal de Esportes e Lazer;8;58742
São Félix do Araguaia;2022;Secretaria Municipal de Esportes e Lazer;9;287266
São Félix do Araguaia;2022;Secretaria Municipal de Esportes e Lazer;10;54716
São Félix do Araguaia;2022;Secretaria Municipal de Esportes e Lazer;11;80365
São Félix do Araguaia;2022;Secretaria Municipal de Esportes e Lazer;12;26586
São Félix do Araguaia;2022;Secretaria Municipal de Meio Ambiente;1;67143
São Félix do Araguaia;2022;Secretaria Municipal de Meio Ambiente;2;104574
São Félix do Araguaia;2022;Secretaria Municipal de Meio Ambiente;3;107313
São Félix do Araguaia;2022;Secretaria Municipal de Meio Ambiente;4;213150
São Félix do Araguaia;2022;Secretaria Municipal de Meio Ambiente;5;82306
São Félix do Araguaia;2022;Secretaria Municipal de Meio Ambiente;6;73575
São Félix do Araguaia;2022;Secretaria Municipal de Meio Ambiente;7;86615
São Félix do Araguaia;2022;Secretaria Municipal de Meio Ambiente;8;84390
São Félix do Araguaia;2022;Secretaria Municipal de Meio Ambiente;9;79554
São Félix do Araguaia;2022;Secretaria Municipal de Meio Ambiente;10;79543
São Félix do Araguaia;2022;Secretaria Municipal de Meio Ambiente;11;110143
São Félix do Araguaia;2022;Secretaria Municipal de Meio Ambiente;12;45233
São Félix do Araguaia;2022;Gabinete do Prefeito Municipal;1;718156
São Félix do Araguaia;2022;Gabinete do Prefeito Municipal;2;262580
São Félix do Araguaia;2022;Gabinete do Prefeito Municipal;3;328987
São Félix do Araguaia;2022;Gabinete do Prefeito Municipal;4;243064
São Félix do Araguaia;2022;Gabinete do Prefeito Municipal;5;395789
São Félix do Araguaia;2022;Gabinete do Prefeito Municipal;6;480696
São Félix do Araguaia;2022;Gabinete do Prefeito Municipal;7;500403
São Félix do Araguaia;2022;Gabinete do Prefeito Municipal;8;401876
São Félix do Araguaia;2022;Gabinete do Prefeito Municipal;9;425383
São Félix do Araguaia;2022;Gabinete do Prefeito Municipal;10;435583
São Félix do Araguaia;2022;Gabinete do Prefeito Municipal;11;383810
São Félix do Araguaia;2022;Gabinete do Prefeito Municipal;12;103155
São Félix do Araguaia;2022;Secretaria Municipal de Admin, Planej.de Fazenda;1;580431
São Félix do Araguaia;2022;Secretaria Municipal de Admin, Planej.de Fazenda;2;764921
São Félix do Araguaia;2022;Secretaria Municipal de Admin, Planej.de Fazenda;3;752032
São Félix do Araguaia;2022;Secretaria Municipal de Admin, Planej.de Fazenda;4;668896
São Félix do Araguaia;2022;Secretaria Municipal de Admin, Planej.de Fazenda;5;882748
São Félix do Araguaia;2022;Secretaria Municipal de Admin, Planej.de Fazenda;6;726961
São Félix do Araguaia;2022;Secretaria Municipal de Admin, Planej.de Fazenda;7;1157700
São Félix do Araguaia;2022;Secretaria Municipal de Admin, Planej.de Fazenda;8;975746
São Félix do Araguaia;2022;Secretaria Municipal de Admin, Planej.de Fazenda;9;1355436
São Félix do Araguaia;2022;Secretaria Municipal de Admin, Planej.de Fazenda;10;931862
São Félix do Araguaia;2022;Secretaria Municipal de Admin, Planej.de Fazenda;11;915384
São Félix do Araguaia;2022;Secretaria Municipal de Admin, Planej.de Fazenda;12;880035
São Félix do Araguaia;2022;Secretaria Munic.de Desenv.e Acao Social;1;333415
São Félix do Araguaia;2022;Secretaria Munic.de Desenv.e Acao Social;2;267365
São Félix do Araguaia;2022;Secretaria Munic.de Desenv.e Acao Social;3;336636
São Félix do Araguaia;2022;Secretaria Munic.de Desenv.e Acao Social;4;326245
São Félix do Araguaia;2022;Secretaria Munic.de Desenv.e Acao Social;5;287102
São Félix do Araguaia;2022;Secretaria Munic.de Desenv.e Acao Social;6;256825
São Félix do Araguaia;2022;Secretaria Munic.de Desenv.e Acao Social;7;344311
São Félix do Araguaia;2022;Secretaria Munic.de Desenv.e Acao Social;8;316352
São Félix do Araguaia;2022;Secretaria Munic.de Desenv.e Acao Social;9;311853
São Félix do Araguaia;2022;Secretaria Munic.de Desenv.e Acao Social;10;310672
São Félix do Araguaia;2022;Secretaria Munic.de Desenv.e Acao Social;11;390689
São Félix do Araguaia;2022;Secretaria Munic.de Desenv.e Acao Social;12;215389
São Félix do Araguaia;2022;Ipasfa - Instituto de Previdencia de Sao Felix;1;182571
São Félix do Araguaia;2022;Ipasfa - Instituto de Previdencia de Sao Felix;2;159651
São Félix do Araguaia;2022;Ipasfa - Instituto de Previdencia de Sao Felix;3;209002
São Félix do Araguaia;2022;Ipasfa - Instituto de Previdencia de Sao Felix;4;189282
São Félix do Araguaia;2022;Ipasfa - Instituto de Previdencia de Sao Felix;5;187681
São Félix do Araguaia;2022;Ipasfa - Instituto de Previdencia de Sao Felix;6;207275
São Félix do Araguaia;2022;Ipasfa - Instituto de Previdencia de Sao Felix;7;189129
São Félix do Araguaia;2022;Ipasfa - Instituto de Previdencia de Sao Felix;8;192835
São Félix do Araguaia;2022;Ipasfa - Instituto de Previdencia de Sao Felix;9;200113
São Félix do Araguaia;2022;Ipasfa - Instituto de Previdencia de Sao Felix;10;246154
São Félix do Araguaia;2022;Ipasfa - Instituto de Previdencia de Sao Felix;11;217696
São Félix do Araguaia;2022;Ipasfa - Instituto de Previdencia de Sao Felix;12;379998
São Félix do Araguaia;2022;1;1;277312
São Félix do Araguaia;2022;1;2;369390
São Félix do Araguaia;2022;1;3;378525
São Félix do Araguaia;2022;1;4;296979
São Félix do Araguaia;2022;1;5;375783
São Félix do Araguaia;2022;1;6;322833
São Félix do Araguaia;2022;1;7;348889
São Félix do Araguaia;2022;1;8;277710
São Félix do Araguaia;2022;1;9;339829
São Félix do Araguaia;2022;1;10;400564
São Félix do Araguaia;2022;1;11;329818
São Félix do Araguaia;2022;1;12;430355
São Félix do Araguaia;2023;Secretaria Municipal de Financas;1;577291
São Félix do Araguaia;2023;Secretaria Municipal de Financas;2;838827
São Félix do Araguaia;2023;Secretaria Municipal de Financas;3;510557
São Félix do Araguaia;2023;Secretaria Municipal de Financas;4;933841
São Félix do Araguaia;2023;Secretaria Municipal de Financas;5;692672
São Félix do Araguaia;2023;Secretaria Municipal de Financas;6;942615
São Félix do Araguaia;2023;Secretaria Municipal de Financas;7;772956
São Félix do Araguaia;2023;Secretaria Municipal de Financas;8;827739
São Félix do Araguaia;2023;Secretaria Municipal de Financas;9;1111975
São Félix do Araguaia;2023;Secretaria Municipal de Financas;10;375012
São Félix do Araguaia;2023;Secretaria Municipal de Financas;11;772316
São Félix do Araguaia;2023;Secretaria Municipal de Financas;12;688777
São Félix do Araguaia;2023;Secretaria Municipal de Saude;1;2105762
São Félix do Araguaia;2023;Secretaria Municipal de Saude;2;2352599
São Félix do Araguaia;2023;Secretaria Municipal de Saude;3;2043547
São Félix do Araguaia;2023;Secretaria Municipal de Saude;4;2227826
São Félix do Araguaia;2023;Secretaria Municipal de Saude;5;2330394
São Félix do Araguaia;2023;Secretaria Municipal de Saude;6;2606833
São Félix do Araguaia;2023;Secretaria Municipal de Saude;7;2078947
São Félix do Araguaia;2023;Secretaria Municipal de Saude;8;2625053
São Félix do Araguaia;2023;Secretaria Municipal de Saude;9;2154394
São Félix do Araguaia;2023;Secretaria Municipal de Saude;10;2679686
São Félix do Araguaia;2023;Secretaria Municipal de Saude;11;2265005
São Félix do Araguaia;2023;Secretaria Municipal de Saude;12;3177641
São Félix do Araguaia;2023;Secretaria Municipal de Educacao e Cultura;1;2103148
São Félix do Araguaia;2023;Secretaria Municipal de Educacao e Cultura;2;2204535
São Félix do Araguaia;2023;Secretaria Municipal de Educacao e Cultura;3;2678548
São Félix do Araguaia;2023;Secretaria Municipal de Educacao e Cultura;4;2479095
São Félix do Araguaia;2023;Secretaria Municipal de Educacao e Cultura;5;2483761
São Félix do Araguaia;2023;Secretaria Municipal de Educacao e Cultura;6;2539091
São Félix do Araguaia;2023;Secretaria Municipal de Educacao e Cultura;7;2487691
São Félix do Araguaia;2023;Secretaria Municipal de Educacao e Cultura;8;2782347
São Félix do Araguaia;2023;Secretaria Municipal de Educacao e Cultura;9;2620531
São Félix do Araguaia;2023;Secretaria Municipal de Educacao e Cultura;10;2914997
São Félix do Araguaia;2023;Secretaria Municipal de Educacao e Cultura;11;3230335
São Félix do Araguaia;2023;Secretaria Municipal de Educacao e Cultura;12;2358052
São Félix do Araguaia;2023;Secretaria Municipal de Obras e Servicos Urbanos;1;4453626
São Félix do Araguaia;2023;Secretaria Municipal de Obras e Servicos Urbanos;2;1178139
São Félix do Araguaia;2023;Secretaria Municipal de Obras e Servicos Urbanos;3;2691180
São Félix do Araguaia;2023;Secretaria Municipal de Obras e Servicos Urbanos;4;1509735
São Félix do Araguaia;2023;Secretaria Municipal de Obras e Servicos Urbanos;5;3988743
São Félix do Araguaia;2023;Secretaria Municipal de Obras e Servicos Urbanos;6;3961549
São Félix do Araguaia;2023;Secretaria Municipal de Obras e Servicos Urbanos;7;2948705
São Félix do Araguaia;2023;Secretaria Municipal de Obras e Servicos Urbanos;8;5501628
São Félix do Araguaia;2023;Secretaria Municipal de Obras e Servicos Urbanos;9;2423990
São Félix do Araguaia;2023;Secretaria Municipal de Obras e Servicos Urbanos;10;2881379
São Félix do Araguaia;2023;Secretaria Municipal de Obras e Servicos Urbanos;11;3053565
São Félix do Araguaia;2023;Secretaria Municipal de Obras e Servicos Urbanos;12;2764568
São Félix do Araguaia;2023;Secretaria Municipal de Agricultura;1;142271
São Félix do Araguaia;2023;Secretaria Municipal de Agricultura;2;106946
São Félix do Araguaia;2023;Secretaria Municipal de Agricultura;3;608358
São Félix do Araguaia;2023;Secretaria Municipal de Agricultura;4;74017
São Félix do Araguaia;2023;Secretaria Municipal de Agricultura;5;96567
São Félix do Araguaia;2023;Secretaria Municipal de Agricultura;6;116321
São Félix do Araguaia;2023;Secretaria Municipal de Agricultura;7;93295
São Félix do Araguaia;2023;Secretaria Municipal de Agricultura;8;88867
São Félix do Araguaia;2023;Secretaria Municipal de Agricultura;9;99389
São Félix do Araguaia;2023;Secretaria Municipal de Agricultura;10;102777
São Félix do Araguaia;2023;Secretaria Municipal de Agricultura;11;128148
São Félix do Araguaia;2023;Secretaria Municipal de Agricultura;12;131404
São Félix do Araguaia;2023;Secretaria Municipal de Turismo e Meio Ambiente;1;130247
São Félix do Araguaia;2023;Secretaria Municipal de Turismo e Meio Ambiente;2;349614
São Félix do Araguaia;2023;Secretaria Municipal de Turismo e Meio Ambiente;3;121251
São Félix do Araguaia;2023;Secretaria Municipal de Turismo e Meio Ambiente;4;68784
São Félix do Araguaia;2023;Secretaria Municipal de Turismo e Meio Ambiente;5;341702
São Félix do Araguaia;2023;Secretaria Municipal de Turismo e Meio Ambiente;6;132033
São Félix do Araguaia;2023;Secretaria Municipal de Turismo e Meio Ambiente;7;513102
São Félix do Araguaia;2023;Secretaria Municipal de Turismo e Meio Ambiente;8;223445
São Félix do Araguaia;2023;Secretaria Municipal de Turismo e Meio Ambiente;9;96481
São Félix do Araguaia;2023;Secretaria Municipal de Turismo e Meio Ambiente;10;84305
São Félix do Araguaia;2023;Secretaria Municipal de Turismo e Meio Ambiente;11;167317
São Félix do Araguaia;2023;Secretaria Municipal de Turismo e Meio Ambiente;12;267812
São Félix do Araguaia;2023;Secretaria Municipal de Esportes e Lazer;1;318959
São Félix do Araguaia;2023;Secretaria Municipal de Esportes e Lazer;2;56940
São Félix do Araguaia;2023;Secretaria Municipal de Esportes e Lazer;3;42389
São Félix do Araguaia;2023;Secretaria Municipal de Esportes e Lazer;4;75044
São Félix do Araguaia;2023;Secretaria Municipal de Esportes e Lazer;5;149311
São Félix do Araguaia;2023;Secretaria Municipal de Esportes e Lazer;6;70885
São Félix do Araguaia;2023;Secretaria Municipal de Esportes e Lazer;7;-140772
São Félix do Araguaia;2023;Secretaria Municipal de Esportes e Lazer;8;226777
São Félix do Araguaia;2023;Secretaria Municipal de Esportes e Lazer;9;73959
São Félix do Araguaia;2023;Secretaria Municipal de Esportes e Lazer;10;65285
São Félix do Araguaia;2023;Secretaria Municipal de Esportes e Lazer;11;36980
São Félix do Araguaia;2023;Secretaria Municipal de Esportes e Lazer;12;38664
São Félix do Araguaia;2023;Secretaria Municipal de Meio Ambiente;1;84372
São Félix do Araguaia;2023;Secretaria Municipal de Meio Ambiente;2;76987
São Félix do Araguaia;2023;Secretaria Municipal de Meio Ambiente;3;72437
São Félix do Araguaia;2023;Secretaria Municipal de Meio Ambiente;4;87467
São Félix do Araguaia;2023;Secretaria Municipal de Meio Ambiente;5;94497
São Félix do Araguaia;2023;Secretaria Municipal de Meio Ambiente;6;73105
São Félix do Araguaia;2023;Secretaria Municipal de Meio Ambiente;7;223661
São Félix do Araguaia;2023;Secretaria Municipal de Meio Ambiente;8;108562
São Félix do Araguaia;2023;Secretaria Municipal de Meio Ambiente;9;93361
São Félix do Araguaia;2023;Secretaria Municipal de Meio Ambiente;10;112962
São Félix do Araguaia;2023;Secretaria Municipal de Meio Ambiente;11;101787
São Félix do Araguaia;2023;Secretaria Municipal de Meio Ambiente;12;88743
São Félix do Araguaia;2023;Gabinete do Prefeito Municipal;1;535706
São Félix do Araguaia;2023;Gabinete do Prefeito Municipal;2;406675
São Félix do Araguaia;2023;Gabinete do Prefeito Municipal;3;319799
São Félix do Araguaia;2023;Gabinete do Prefeito Municipal;4;292718
São Félix do Araguaia;2023;Gabinete do Prefeito Municipal;5;373656
São Félix do Araguaia;2023;Gabinete do Prefeito Municipal;6;335752
São Félix do Araguaia;2023;Gabinete do Prefeito Municipal;7;267941
São Félix do Araguaia;2023;Gabinete do Prefeito Municipal;8;414572
São Félix do Araguaia;2023;Gabinete do Prefeito Municipal;9;328394
São Félix do Araguaia;2023;Gabinete do Prefeito Municipal;10;342278
São Félix do Araguaia;2023;Gabinete do Prefeito Municipal;11;356657
São Félix do Araguaia;2023;Gabinete do Prefeito Municipal;12;213464
São Félix do Araguaia;2023;Camara Municipal de Sao Felix do Araguaia;1;310561
São Félix do Araguaia;2023;Camara Municipal de Sao Felix do Araguaia;2;387699
São Félix do Araguaia;2023;Camara Municipal de Sao Felix do Araguaia;3;385534
São Félix do Araguaia;2023;Camara Municipal de Sao Felix do Araguaia;4;362436
São Félix do Araguaia;2023;Camara Municipal de Sao Felix do Araguaia;5;439989
São Félix do Araguaia;2023;Camara Municipal de Sao Felix do Araguaia;6;368885
São Félix do Araguaia;2023;Camara Municipal de Sao Felix do Araguaia;7;363766
São Félix do Araguaia;2023;Camara Municipal de Sao Felix do Araguaia;8;335078
São Félix do Araguaia;2023;Camara Municipal de Sao Felix do Araguaia;9;336337
São Félix do Araguaia;2023;Camara Municipal de Sao Felix do Araguaia;10;358765
São Félix do Araguaia;2023;Camara Municipal de Sao Felix do Araguaia;11;308654
São Félix do Araguaia;2023;Camara Municipal de Sao Felix do Araguaia;12;497082
São Félix do Araguaia;2023;Secretaria Municipal de Admin, Planej.de Fazenda;1;1628749
São Félix do Araguaia;2023;Secretaria Municipal de Admin, Planej.de Fazenda;2;823615
São Félix do Araguaia;2023;Secretaria Municipal de Admin, Planej.de Fazenda;3;978697
São Félix do Araguaia;2023;Secretaria Municipal de Admin, Planej.de Fazenda;4;863812
São Félix do Araguaia;2023;Secretaria Municipal de Admin, Planej.de Fazenda;5;908251
São Félix do Araguaia;2023;Secretaria Municipal de Admin, Planej.de Fazenda;6;799075
São Félix do Araguaia;2023;Secretaria Municipal de Admin, Planej.de Fazenda;7;884742
São Félix do Araguaia;2023;Secretaria Municipal de Admin, Planej.de Fazenda;8;1142341
São Félix do Araguaia;2023;Secretaria Municipal de Admin, Planej.de Fazenda;9;884770
São Félix do Araguaia;2023;Secretaria Municipal de Admin, Planej.de Fazenda;10;1102877
São Félix do Araguaia;2023;Secretaria Municipal de Admin, Planej.de Fazenda;11;949294
São Félix do Araguaia;2023;Secretaria Municipal de Admin, Planej.de Fazenda;12;1251730
São Félix do Araguaia;2023;Secretaria Munic.de Desenv.e Acao Social;1;264163
São Félix do Araguaia;2023;Secretaria Munic.de Desenv.e Acao Social;2;546866
São Félix do Araguaia;2023;Secretaria Munic.de Desenv.e Acao Social;3;364846
São Félix do Araguaia;2023;Secretaria Munic.de Desenv.e Acao Social;4;311832
São Félix do Araguaia;2023;Secretaria Munic.de Desenv.e Acao Social;5;333344
São Félix do Araguaia;2023;Secretaria Munic.de Desenv.e Acao Social;6;350400
São Félix do Araguaia;2023;Secretaria Munic.de Desenv.e Acao Social;7;475802
São Félix do Araguaia;2023;Secretaria Munic.de Desenv.e Acao Social;8;501045
São Félix do Araguaia;2023;Secretaria Munic.de Desenv.e Acao Social;9;401519
São Félix do Araguaia;2023;Secretaria Munic.de Desenv.e Acao Social;10;451154
São Félix do Araguaia;2023;Secretaria Munic.de Desenv.e Acao Social;11;368024
São Félix do Araguaia;2023;Secretaria Munic.de Desenv.e Acao Social;12;349805
São Félix do Araguaia;2023;Ipasfa - Instituto de Previdencia de Sao Felix;1;244081
São Félix do Araguaia;2023;Ipasfa - Instituto de Previdencia de Sao Felix;2;241111
São Félix do Araguaia;2023;Ipasfa - Instituto de Previdencia de Sao Felix;3;259115
São Félix do Araguaia;2023;Ipasfa - Instituto de Previdencia de Sao Felix;4;246563
São Félix do Araguaia;2023;Ipasfa - Instituto de Previdencia de Sao Felix;5;258645
São Félix do Araguaia;2023;Ipasfa - Instituto de Previdencia de Sao Felix;6;240983
São Félix do Araguaia;2023;Ipasfa - Instituto de Previdencia de Sao Felix;7;243617
São Félix do Araguaia;2023;Ipasfa - Instituto de Previdencia de Sao Felix;8;250181
São Félix do Araguaia;2023;Ipasfa - Instituto de Previdencia de Sao Felix;9;248383
São Félix do Araguaia;2023;Ipasfa - Instituto de Previdencia de Sao Felix;10;245356
São Félix do Araguaia;2023;Ipasfa - Instituto de Previdencia de Sao Felix;11;265101
São Félix do Araguaia;2023;Ipasfa - Instituto de Previdencia de Sao Felix;12;427820
São Félix do Araguaia;2024;Secretaria Municipal de Financas;1;1181673
São Félix do Araguaia;2024;Secretaria Municipal de Financas;2;1206564
São Félix do Araguaia;2024;Secretaria Municipal de Financas;3;398582
São Félix do Araguaia;2024;Secretaria Municipal de Financas;4;681898
São Félix do Araguaia;2024;Secretaria Municipal de Financas;5;891353
São Félix do Araguaia;2024;Secretaria Municipal de Financas;6;1918362
São Félix do Araguaia;2024;Secretaria Municipal de Financas;7;387118
São Félix do Araguaia;2024;Secretaria Municipal de Financas;8;1563327
São Félix do Araguaia;2024;Secretaria Municipal de Financas;9;1202163
São Félix do Araguaia;2024;Secretaria Municipal de Financas;10;1382443
São Félix do Araguaia;2024;Secretaria Municipal de Financas;11;1004621
São Félix do Araguaia;2024;Secretaria Municipal de Financas;12;1050432
São Félix do Araguaia;2024;Secretaria Municipal de Saude;1;2526496
São Félix do Araguaia;2024;Secretaria Municipal de Saude;2;2582025
São Félix do Araguaia;2024;Secretaria Municipal de Saude;3;2626602
São Félix do Araguaia;2024;Secretaria Municipal de Saude;4;2701157
São Félix do Araguaia;2024;Secretaria Municipal de Saude;5;2615966
São Félix do Araguaia;2024;Secretaria Municipal de Saude;6;2495914
São Félix do Araguaia;2024;Secretaria Municipal de Saude;7;2289427
São Félix do Araguaia;2024;Secretaria Municipal de Saude;8;2606075
São Félix do Araguaia;2024;Secretaria Municipal de Saude;9;2537711
São Félix do Araguaia;2024;Secretaria Municipal de Saude;10;3181852
São Félix do Araguaia;2024;Secretaria Municipal de Saude;11;2656049
São Félix do Araguaia;2024;Secretaria Municipal de Saude;12;1725386
São Félix do Araguaia;2024;Secretaria Municipal de Educacao e Cultura;1;2557594
São Félix do Araguaia;2024;Secretaria Municipal de Educacao e Cultura;2;2353783
São Félix do Araguaia;2024;Secretaria Municipal de Educacao e Cultura;3;2757580
São Félix do Araguaia;2024;Secretaria Municipal de Educacao e Cultura;4;3123499
São Félix do Araguaia;2024;Secretaria Municipal de Educacao e Cultura;5;2763724
São Félix do Araguaia;2024;Secretaria Municipal de Educacao e Cultura;6;2729073
São Félix do Araguaia;2024;Secretaria Municipal de Educacao e Cultura;7;2563751
São Félix do Araguaia;2024;Secretaria Municipal de Educacao e Cultura;8;2446495
São Félix do Araguaia;2024;Secretaria Municipal de Educacao e Cultura;9;2837653
São Félix do Araguaia;2024;Secretaria Municipal de Educacao e Cultura;10;2244858
São Félix do Araguaia;2024;Secretaria Municipal de Educacao e Cultura;11;3587441
São Félix do Araguaia;2024;Secretaria Municipal de Educacao e Cultura;12;1840250
São Félix do Araguaia;2024;Secretaria Municipal de Obras e Servicos Urbanos;1;3586092
São Félix do Araguaia;2024;Secretaria Municipal de Obras e Servicos Urbanos;2;1785935
São Félix do Araguaia;2024;Secretaria Municipal de Obras e Servicos Urbanos;3;3967222
São Félix do Araguaia;2024;Secretaria Municipal de Obras e Servicos Urbanos;4;1947340
São Félix do Araguaia;2024;Secretaria Municipal de Obras e Servicos Urbanos;5;2776610
São Félix do Araguaia;2024;Secretaria Municipal de Obras e Servicos Urbanos;6;2182874
São Félix do Araguaia;2024;Secretaria Municipal de Obras e Servicos Urbanos;7;4866332
São Félix do Araguaia;2024;Secretaria Municipal de Obras e Servicos Urbanos;8;4538518
São Félix do Araguaia;2024;Secretaria Municipal de Obras e Servicos Urbanos;9;8317558
São Félix do Araguaia;2024;Secretaria Municipal de Obras e Servicos Urbanos;10;4218522
São Félix do Araguaia;2024;Secretaria Municipal de Obras e Servicos Urbanos;11;6969531
São Félix do Araguaia;2024;Secretaria Municipal de Obras e Servicos Urbanos;12;3662428
São Félix do Araguaia;2024;Secretaria Municipal de Agricultura;1;157516
São Félix do Araguaia;2024;Secretaria Municipal de Agricultura;2;142723
São Félix do Araguaia;2024;Secretaria Municipal de Agricultura;3;153978
São Félix do Araguaia;2024;Secretaria Municipal de Agricultura;4;157466
São Félix do Araguaia;2024;Secretaria Municipal de Agricultura;5;169302
São Félix do Araguaia;2024;Secretaria Municipal de Agricultura;6;113941
São Félix do Araguaia;2024;Secretaria Municipal de Agricultura;7;86156
São Félix do Araguaia;2024;Secretaria Municipal de Agricultura;8;122478
São Félix do Araguaia;2024;Secretaria Municipal de Agricultura;9;137811
São Félix do Araguaia;2024;Secretaria Municipal de Agricultura;10;118909
São Félix do Araguaia;2024;Secretaria Municipal de Agricultura;11;105854
São Félix do Araguaia;2024;Secretaria Municipal de Agricultura;12;121253
São Félix do Araguaia;2024;Secretaria Municipal de Turismo e Meio Ambiente;1;898545
São Félix do Araguaia;2024;Secretaria Municipal de Turismo e Meio Ambiente;2;373159
São Félix do Araguaia;2024;Secretaria Municipal de Turismo e Meio Ambiente;3;102137
São Félix do Araguaia;2024;Secretaria Municipal de Turismo e Meio Ambiente;4;166150
São Félix do Araguaia;2024;Secretaria Municipal de Turismo e Meio Ambiente;5;582198
São Félix do Araguaia;2024;Secretaria Municipal de Turismo e Meio Ambiente;6;414916
São Félix do Araguaia;2024;Secretaria Municipal de Turismo e Meio Ambiente;7;992940
São Félix do Araguaia;2024;Secretaria Municipal de Turismo e Meio Ambiente;8;211004
São Félix do Araguaia;2024;Secretaria Municipal de Turismo e Meio Ambiente;9;187651
São Félix do Araguaia;2024;Secretaria Municipal de Turismo e Meio Ambiente;10;48767
São Félix do Araguaia;2024;Secretaria Municipal de Turismo e Meio Ambiente;11;49926
São Félix do Araguaia;2024;Secretaria Municipal de Turismo e Meio Ambiente;12;-367070
São Félix do Araguaia;2024;Secretaria Municipal de Esportes e Lazer;1;120243
São Félix do Araguaia;2024;Secretaria Municipal de Esportes e Lazer;2;291103
São Félix do Araguaia;2024;Secretaria Municipal de Esportes e Lazer;3;132265
São Félix do Araguaia;2024;Secretaria Municipal de Esportes e Lazer;4;128142
São Félix do Araguaia;2024;Secretaria Municipal de Esportes e Lazer;5;141356
São Félix do Araguaia;2024;Secretaria Municipal de Esportes e Lazer;6;152385
São Félix do Araguaia;2024;Secretaria Municipal de Esportes e Lazer;7;174365
São Félix do Araguaia;2024;Secretaria Municipal de Esportes e Lazer;8;77962
São Félix do Araguaia;2024;Secretaria Municipal de Esportes e Lazer;9;59509
São Félix do Araguaia;2024;Secretaria Municipal de Esportes e Lazer;10;64858
São Félix do Araguaia;2024;Secretaria Municipal de Esportes e Lazer;11;34883
São Félix do Araguaia;2024;Secretaria Municipal de Esportes e Lazer;12;53480
São Félix do Araguaia;2024;Secretaria Municipal de Meio Ambiente;1;124415
São Félix do Araguaia;2024;Secretaria Municipal de Meio Ambiente;2;144922
São Félix do Araguaia;2024;Secretaria Municipal de Meio Ambiente;3;91751
São Félix do Araguaia;2024;Secretaria Municipal de Meio Ambiente;4;108334
São Félix do Araguaia;2024;Secretaria Municipal de Meio Ambiente;5;89262
São Félix do Araguaia;2024;Secretaria Municipal de Meio Ambiente;6;114955
São Félix do Araguaia;2024;Secretaria Municipal de Meio Ambiente;7;104718
São Félix do Araguaia;2024;Secretaria Municipal de Meio Ambiente;8;118460
São Félix do Araguaia;2024;Secretaria Municipal de Meio Ambiente;9;115397
São Félix do Araguaia;2024;Secretaria Municipal de Meio Ambiente;10;105819
São Félix do Araguaia;2024;Secretaria Municipal de Meio Ambiente;11;103539
São Félix do Araguaia;2024;Secretaria Municipal de Meio Ambiente;12;78647
São Félix do Araguaia;2024;Gabinete do Prefeito Municipal;1;463182
São Félix do Araguaia;2024;Gabinete do Prefeito Municipal;2;368909
São Félix do Araguaia;2024;Gabinete do Prefeito Municipal;3;282748
São Félix do Araguaia;2024;Gabinete do Prefeito Municipal;4;372517
São Félix do Araguaia;2024;Gabinete do Prefeito Municipal;5;398590
São Félix do Araguaia;2024;Gabinete do Prefeito Municipal;6;251695
São Félix do Araguaia;2024;Gabinete do Prefeito Municipal;7;399767
São Félix do Araguaia;2024;Gabinete do Prefeito Municipal;8;308431
São Félix do Araguaia;2024;Gabinete do Prefeito Municipal;9;215399
São Félix do Araguaia;2024;Gabinete do Prefeito Municipal;10;406101
São Félix do Araguaia;2024;Gabinete do Prefeito Municipal;11;401075
São Félix do Araguaia;2024;Gabinete do Prefeito Municipal;12;203993
São Félix do Araguaia;2024;Camara Municipal de Sao Felix do Araguaia;1;334918
São Félix do Araguaia;2024;Camara Municipal de Sao Felix do Araguaia;2;407843
São Félix do Araguaia;2024;Camara Municipal de Sao Felix do Araguaia;3;374549
São Félix do Araguaia;2024;Camara Municipal de Sao Felix do Araguaia;4;367110
São Félix do Araguaia;2024;Camara Municipal de Sao Felix do Araguaia;5;457597
São Félix do Araguaia;2024;Camara Municipal de Sao Felix do Araguaia;6;424259
São Félix do Araguaia;2024;Camara Municipal de Sao Felix do Araguaia;7;366586
São Félix do Araguaia;2024;Camara Municipal de Sao Felix do Araguaia;8;400414
São Félix do Araguaia;2024;Camara Municipal de Sao Felix do Araguaia;9;328908
São Félix do Araguaia;2024;Camara Municipal de Sao Felix do Araguaia;10;325322
São Félix do Araguaia;2024;Camara Municipal de Sao Felix do Araguaia;11;337134
São Félix do Araguaia;2024;Camara Municipal de Sao Felix do Araguaia;12;608462
São Félix do Araguaia;2024;Secretaria Municipal de Admin, Planej.de Fazenda;1;1341991
São Félix do Araguaia;2024;Secretaria Municipal de Admin, Planej.de Fazenda;2;1101535
São Félix do Araguaia;2024;Secretaria Municipal de Admin, Planej.de Fazenda;3;1032992
São Félix do Araguaia;2024;Secretaria Municipal de Admin, Planej.de Fazenda;4;1106599
São Félix do Araguaia;2024;Secretaria Municipal de Admin, Planej.de Fazenda;5;1402581
São Félix do Araguaia;2024;Secretaria Municipal de Admin, Planej.de Fazenda;6;1091819
São Félix do Araguaia;2024;Secretaria Municipal de Admin, Planej.de Fazenda;7;1168847
São Félix do Araguaia;2024;Secretaria Municipal de Admin, Planej.de Fazenda;8;1014039
São Félix do Araguaia;2024;Secretaria Municipal de Admin, Planej.de Fazenda;9;995983
São Félix do Araguaia;2024;Secretaria Municipal de Admin, Planej.de Fazenda;10;1017720
São Félix do Araguaia;2024;Secretaria Municipal de Admin, Planej.de Fazenda;11;1305526
São Félix do Araguaia;2024;Secretaria Municipal de Admin, Planej.de Fazenda;12;888826
São Félix do Araguaia;2024;Secretaria Munic.de Desenv.e Acao Social;1;442382
São Félix do Araguaia;2024;Secretaria Munic.de Desenv.e Acao Social;2;431539
São Félix do Araguaia;2024;Secretaria Munic.de Desenv.e Acao Social;3;451227
São Félix do Araguaia;2024;Secretaria Munic.de Desenv.e Acao Social;4;441001
São Félix do Araguaia;2024;Secretaria Munic.de Desenv.e Acao Social;5;467754
São Félix do Araguaia;2024;Secretaria Munic.de Desenv.e Acao Social;6;480004
São Félix do Araguaia;2024;Secretaria Munic.de Desenv.e Acao Social;7;390463
São Félix do Araguaia;2024;Secretaria Munic.de Desenv.e Acao Social;8;1170886
São Félix do Araguaia;2024;Secretaria Munic.de Desenv.e Acao Social;9;377393
São Félix do Araguaia;2024;Secretaria Munic.de Desenv.e Acao Social;10;367339
São Félix do Araguaia;2024;Secretaria Munic.de Desenv.e Acao Social;11;451952
São Félix do Araguaia;2024;Secretaria Munic.de Desenv.e Acao Social;12;244348
São Félix do Araguaia;2024;Ipasfa - Instituto de Previdencia de Sao Felix;1;268806
São Félix do Araguaia;2024;Ipasfa - Instituto de Previdencia de Sao Felix;2;316565
São Félix do Araguaia;2024;Ipasfa - Instituto de Previdencia de Sao Felix;3;283345
São Félix do Araguaia;2024;Ipasfa - Instituto de Previdencia de Sao Felix;4;283283
São Félix do Araguaia;2024;Ipasfa - Instituto de Previdencia de Sao Felix;5;280254
São Félix do Araguaia;2024;Ipasfa - Instituto de Previdencia de Sao Felix;6;287406
São Félix do Araguaia;2024;Ipasfa - Instituto de Previdencia de Sao Felix;7;288053
São Félix do Araguaia;2024;Ipasfa - Instituto de Previdencia de Sao Felix;8;290827
São Félix do Araguaia;2024;Ipasfa - Instituto de Previdencia de Sao Felix;9;302094
São Félix do Araguaia;2024;Ipasfa - Instituto de Previdencia de Sao Felix;10;307490
São Félix do Araguaia;2024;Ipasfa - Instituto de Previdencia de Sao Felix;11;307223
São Félix do Araguaia;2024;Ipasfa - Instituto de Previdencia de Sao Felix;12;515035
São Félix do Araguaia;2025;Secretaria Municipal de Saude;1;2060333
São Félix do Araguaia;2025;Secretaria Municipal de Saude;2;2537812
São Félix do Araguaia;2025;Secretaria Municipal de Saude;3;2426216
São Félix do Araguaia;2025;Secretaria Municipal de Saude;4;2580524
São Félix do Araguaia;2025;Secretaria Municipal de Saude;5;3011900
São Félix do Araguaia;2025;Secretaria Municipal de Saude;6;2370916
São Félix do Araguaia;2025;Secretaria Municipal de Saude;7;2334586
São Félix do Araguaia;2025;Secretaria Municipal de Saude;8;3462193
São Félix do Araguaia;2025;Secretaria Municipal de Saude;9;3545725
São Félix do Araguaia;2025;Secretaria Municipal de Saude;10;3011811
São Félix do Araguaia;2025;Secretaria Municipal de Saude;11;3233652
São Félix do Araguaia;2025;Secretaria Municipal de Saude;12;3919164
São Félix do Araguaia;2025;Secretaria Municipal de Educacao e Cultura;1;1242709
São Félix do Araguaia;2025;Secretaria Municipal de Educacao e Cultura;2;1624292
São Félix do Araguaia;2025;Secretaria Municipal de Educacao e Cultura;3;2739207
São Félix do Araguaia;2025;Secretaria Municipal de Educacao e Cultura;4;2746024
São Félix do Araguaia;2025;Secretaria Municipal de Educacao e Cultura;5;3250298
São Félix do Araguaia;2025;Secretaria Municipal de Educacao e Cultura;6;3097946
São Félix do Araguaia;2025;Secretaria Municipal de Educacao e Cultura;7;2914281
São Félix do Araguaia;2025;Secretaria Municipal de Educacao e Cultura;8;2460138
São Félix do Araguaia;2025;Secretaria Municipal de Educacao e Cultura;9;2640222
São Félix do Araguaia;2025;Secretaria Municipal de Educacao e Cultura;10;3490830
São Félix do Araguaia;2025;Secretaria Municipal de Educacao e Cultura;11;2507166
São Félix do Araguaia;2025;Secretaria Municipal de Educacao e Cultura;12;2896098
São Félix do Araguaia;2025;Secretaria Municipal de Obras e Servicos Urbanos;1;591355
São Félix do Araguaia;2025;Secretaria Municipal de Obras e Servicos Urbanos;2;1500573
São Félix do Araguaia;2025;Secretaria Municipal de Obras e Servicos Urbanos;3;1884943
São Félix do Araguaia;2025;Secretaria Municipal de Obras e Servicos Urbanos;4;1506183
São Félix do Araguaia;2025;Secretaria Municipal de Obras e Servicos Urbanos;5;2737698
São Félix do Araguaia;2025;Secretaria Municipal de Obras e Servicos Urbanos;6;2602104
São Félix do Araguaia;2025;Secretaria Municipal de Obras e Servicos Urbanos;7;3526554
São Félix do Araguaia;2025;Secretaria Municipal de Obras e Servicos Urbanos;8;2776308
São Félix do Araguaia;2025;Secretaria Municipal de Obras e Servicos Urbanos;9;3982043
São Félix do Araguaia;2025;Secretaria Municipal de Obras e Servicos Urbanos;10;2890588
São Félix do Araguaia;2025;Secretaria Municipal de Obras e Servicos Urbanos;11;2424295
São Félix do Araguaia;2025;Secretaria Municipal de Obras e Servicos Urbanos;12;5038545
São Félix do Araguaia;2025;Secretaria Municipal de Agricultura;1;113078
São Félix do Araguaia;2025;Secretaria Municipal de Agricultura;2;109951
São Félix do Araguaia;2025;Secretaria Municipal de Agricultura;3;149386
São Félix do Araguaia;2025;Secretaria Municipal de Agricultura;4;134973
São Félix do Araguaia;2025;Secretaria Municipal de Agricultura;5;120459
São Félix do Araguaia;2025;Secretaria Municipal de Agricultura;6;182309
São Félix do Araguaia;2025;Secretaria Municipal de Agricultura;7;427596
São Félix do Araguaia;2025;Secretaria Municipal de Agricultura;8;279053
São Félix do Araguaia;2025;Secretaria Municipal de Agricultura;9;281064
São Félix do Araguaia;2025;Secretaria Municipal de Agricultura;10;340284
São Félix do Araguaia;2025;Secretaria Municipal de Agricultura;11;285341
São Félix do Araguaia;2025;Secretaria Municipal de Agricultura;12;191255
São Félix do Araguaia;2025;Secretaria Municipal de Finanças;1;1156990
São Félix do Araguaia;2025;Secretaria Municipal de Finanças;2;1157172
São Félix do Araguaia;2025;Secretaria Municipal de Finanças;3;1351681
São Félix do Araguaia;2025;Secretaria Municipal de Finanças;4;1522834
São Félix do Araguaia;2025;Secretaria Municipal de Finanças;5;1266712
São Félix do Araguaia;2025;Secretaria Municipal de Finanças;6;1378024
São Félix do Araguaia;2025;Secretaria Municipal de Finanças;7;1307415
São Félix do Araguaia;2025;Secretaria Municipal de Finanças;8;2395914
São Félix do Araguaia;2025;Secretaria Municipal de Finanças;9;1517007
São Félix do Araguaia;2025;Secretaria Municipal de Finanças;10;864108
São Félix do Araguaia;2025;Secretaria Municipal de Finanças;11;1734506
São Félix do Araguaia;2025;Secretaria Municipal de Finanças;12;1703023
São Félix do Araguaia;2025;Secretaria Municipal de Turismo e Meio Ambiente;1;190276
São Félix do Araguaia;2025;Secretaria Municipal de Turismo e Meio Ambiente;2;363283
São Félix do Araguaia;2025;Secretaria Municipal de Turismo e Meio Ambiente;3;340271
São Félix do Araguaia;2025;Secretaria Municipal de Turismo e Meio Ambiente;4;255568
São Félix do Araguaia;2025;Secretaria Municipal de Turismo e Meio Ambiente;5;593487
São Félix do Araguaia;2025;Secretaria Municipal de Turismo e Meio Ambiente;6;922425
São Félix do Araguaia;2025;Secretaria Municipal de Turismo e Meio Ambiente;7;3396955
São Félix do Araguaia;2025;Secretaria Municipal de Turismo e Meio Ambiente;8;661177
São Félix do Araguaia;2025;Secretaria Municipal de Turismo e Meio Ambiente;9;535888
São Félix do Araguaia;2025;Secretaria Municipal de Turismo e Meio Ambiente;10;488185
São Félix do Araguaia;2025;Secretaria Municipal de Turismo e Meio Ambiente;11;316170
São Félix do Araguaia;2025;Secretaria Municipal de Turismo e Meio Ambiente;12;132050
São Félix do Araguaia;2025;Secretaria Municipal de Esportes e Lazer;1;42934
São Félix do Araguaia;2025;Secretaria Municipal de Esportes e Lazer;2;90060
São Félix do Araguaia;2025;Secretaria Municipal de Esportes e Lazer;3;90403
São Félix do Araguaia;2025;Secretaria Municipal de Esportes e Lazer;4;116695
São Félix do Araguaia;2025;Secretaria Municipal de Esportes e Lazer;5;384609
São Félix do Araguaia;2025;Secretaria Municipal de Esportes e Lazer;6;136823
São Félix do Araguaia;2025;Secretaria Municipal de Esportes e Lazer;7;171685
São Félix do Araguaia;2025;Secretaria Municipal de Esportes e Lazer;8;477442
São Félix do Araguaia;2025;Secretaria Municipal de Esportes e Lazer;9;211238
São Félix do Araguaia;2025;Secretaria Municipal de Esportes e Lazer;10;18994
São Félix do Araguaia;2025;Secretaria Municipal de Esportes e Lazer;11;418519
São Félix do Araguaia;2025;Secretaria Municipal de Esportes e Lazer;12;203611
São Félix do Araguaia;2025;Secretaria Municipal de Meio Ambiente;1;127109
São Félix do Araguaia;2025;Secretaria Municipal de Meio Ambiente;2;119347
São Félix do Araguaia;2025;Secretaria Municipal de Meio Ambiente;3;103357
São Félix do Araguaia;2025;Secretaria Municipal de Meio Ambiente;4;122462
São Félix do Araguaia;2025;Secretaria Municipal de Meio Ambiente;5;141922
São Félix do Araguaia;2025;Secretaria Municipal de Meio Ambiente;6;145862
São Félix do Araguaia;2025;Secretaria Municipal de Meio Ambiente;7;136122
São Félix do Araguaia;2025;Secretaria Municipal de Meio Ambiente;8;183624
São Félix do Araguaia;2025;Secretaria Municipal de Meio Ambiente;9;202464
São Félix do Araguaia;2025;Secretaria Municipal de Meio Ambiente;10;207112
São Félix do Araguaia;2025;Secretaria Municipal de Meio Ambiente;11;162367
São Félix do Araguaia;2025;Secretaria Municipal de Meio Ambiente;12;77508
São Félix do Araguaia;2025;Gabinete do Prefeito Municipal;1;265038
São Félix do Araguaia;2025;Gabinete do Prefeito Municipal;2;425356
São Félix do Araguaia;2025;Gabinete do Prefeito Municipal;3;532289
São Félix do Araguaia;2025;Gabinete do Prefeito Municipal;4;390406
São Félix do Araguaia;2025;Gabinete do Prefeito Municipal;5;405221
São Félix do Araguaia;2025;Gabinete do Prefeito Municipal;6;388011
São Félix do Araguaia;2025;Gabinete do Prefeito Municipal;7;303690
São Félix do Araguaia;2025;Gabinete do Prefeito Municipal;8;463078
São Félix do Araguaia;2025;Gabinete do Prefeito Municipal;9;1418536
São Félix do Araguaia;2025;Gabinete do Prefeito Municipal;10;412123
São Félix do Araguaia;2025;Gabinete do Prefeito Municipal;11;538066
São Félix do Araguaia;2025;Gabinete do Prefeito Municipal;12;588177
São Félix do Araguaia;2025;Camara Municipal de Sao Felix do Araguaia;1;324387
São Félix do Araguaia;2025;Camara Municipal de Sao Felix do Araguaia;2;350702
São Félix do Araguaia;2025;Camara Municipal de Sao Felix do Araguaia;3;426413
São Félix do Araguaia;2025;Camara Municipal de Sao Felix do Araguaia;4;367708
São Félix do Araguaia;2025;Camara Municipal de Sao Felix do Araguaia;5;745751
São Félix do Araguaia;2025;Camara Municipal de Sao Felix do Araguaia;6;410329
São Félix do Araguaia;2025;Camara Municipal de Sao Felix do Araguaia;7;441978
São Félix do Araguaia;2025;Camara Municipal de Sao Felix do Araguaia;8;395571
São Félix do Araguaia;2025;Camara Municipal de Sao Felix do Araguaia;9;528148
São Félix do Araguaia;2025;Camara Municipal de Sao Felix do Araguaia;10;417315
São Félix do Araguaia;2025;Camara Municipal de Sao Felix do Araguaia;11;415794
São Félix do Araguaia;2025;Camara Municipal de Sao Felix do Araguaia;12;694028
São Félix do Araguaia;2025;Secretaria Municipal de Admin, Planej.de Fazenda;1;904867
São Félix do Araguaia;2025;Secretaria Municipal de Admin, Planej.de Fazenda;2;1054251
São Félix do Araguaia;2025;Secretaria Municipal de Admin, Planej.de Fazenda;3;1010507
São Félix do Araguaia;2025;Secretaria Municipal de Admin, Planej.de Fazenda;4;1200931
São Félix do Araguaia;2025;Secretaria Municipal de Admin, Planej.de Fazenda;5;808956
São Félix do Araguaia;2025;Secretaria Municipal de Admin, Planej.de Fazenda;6;1067900
São Félix do Araguaia;2025;Secretaria Municipal de Admin, Planej.de Fazenda;7;916628
São Félix do Araguaia;2025;Secretaria Municipal de Admin, Planej.de Fazenda;8;1115616
São Félix do Araguaia;2025;Secretaria Municipal de Admin, Planej.de Fazenda;9;993146
São Félix do Araguaia;2025;Secretaria Municipal de Admin, Planej.de Fazenda;10;1130553
São Félix do Araguaia;2025;Secretaria Municipal de Admin, Planej.de Fazenda;11;1868604
São Félix do Araguaia;2025;Secretaria Municipal de Admin, Planej.de Fazenda;12;1350937
São Félix do Araguaia;2025;Secretaria Munic.de Desenv.e Acao Social;1;267707
São Félix do Araguaia;2025;Secretaria Munic.de Desenv.e Acao Social;2;633049
São Félix do Araguaia;2025;Secretaria Munic.de Desenv.e Acao Social;3;444003
São Félix do Araguaia;2025;Secretaria Munic.de Desenv.e Acao Social;4;793994
São Félix do Araguaia;2025;Secretaria Munic.de Desenv.e Acao Social;5;749052
São Félix do Araguaia;2025;Secretaria Munic.de Desenv.e Acao Social;6;1024839
São Félix do Araguaia;2025;Secretaria Munic.de Desenv.e Acao Social;7;582009
São Félix do Araguaia;2025;Secretaria Munic.de Desenv.e Acao Social;8;562350
São Félix do Araguaia;2025;Secretaria Munic.de Desenv.e Acao Social;9;605212
São Félix do Araguaia;2025;Secretaria Munic.de Desenv.e Acao Social;10;967137
São Félix do Araguaia;2025;Secretaria Munic.de Desenv.e Acao Social;11;710052
São Félix do Araguaia;2025;Secretaria Munic.de Desenv.e Acao Social;12;999676
São Félix do Araguaia;2025;Ipasfa - Instituto de Previdencia de Sao Felix;1;350841
São Félix do Araguaia;2025;Ipasfa - Instituto de Previdencia de Sao Felix;2;313656
São Félix do Araguaia;2025;Ipasfa - Instituto de Previdencia de Sao Felix;3;328439
São Félix do Araguaia;2025;Ipasfa - Instituto de Previdencia de Sao Felix;4;340992
São Félix do Araguaia;2025;Ipasfa - Instituto de Previdencia de Sao Felix;5;329323
São Félix do Araguaia;2025;Ipasfa - Instituto de Previdencia de Sao Felix;6;329533
São Félix do Araguaia;2025;Ipasfa - Instituto de Previdencia de Sao Felix;7;333959
São Félix do Araguaia;2025;Ipasfa - Instituto de Previdencia de Sao Felix;8;348856
São Félix do Araguaia;2025;Ipasfa - Instituto de Previdencia de Sao Felix;9;386377
São Félix do Araguaia;2025;Ipasfa - Instituto de Previdencia de Sao Felix;10;364156
São Félix do Araguaia;2025;Ipasfa - Instituto de Previdencia de Sao Felix;11;364332
São Félix do Araguaia;2025;Ipasfa - Instituto de Previdencia de Sao Felix;12;618011
São Félix do Araguaia;2026;Secretaria Municipal de Educacao e Cultura;1;1408045
São Félix do Araguaia;2026;Secretaria Municipal de Educacao e Cultura;2;1526778
São Félix do Araguaia;2026;Secretaria Municipal de Educacao e Cultura;3;3637645
São Félix do Araguaia;2026;Secretaria Municipal de Educacao e Cultura;4;2941124
São Félix do Araguaia;2026;Secretaria Municipal de Educacao e Cultura;5;2968986
São Félix do Araguaia;2026;Secretaria Municipal de Agricultura;1;220378
São Félix do Araguaia;2026;Secretaria Municipal de Agricultura;2;276433
São Félix do Araguaia;2026;Secretaria Municipal de Agricultura;3;199836
São Félix do Araguaia;2026;Secretaria Municipal de Agricultura;4;254083
São Félix do Araguaia;2026;Secretaria Municipal de Agricultura;5;242824
São Félix do Araguaia;2026;Secretaria Municipal de Finanças;1;1584350
São Félix do Araguaia;2026;Secretaria Municipal de Finanças;2;1537983
São Félix do Araguaia;2026;Secretaria Municipal de Finanças;3;1288576
São Félix do Araguaia;2026;Secretaria Municipal de Finanças;4;1350414
São Félix do Araguaia;2026;Secretaria Municipal de Finanças;5;1235339
São Félix do Araguaia;2026;Secretaria Municipal de Obras e Serviços Urbanos;1;1726617
São Félix do Araguaia;2026;Secretaria Municipal de Obras e Serviços Urbanos;2;1215450
São Félix do Araguaia;2026;Secretaria Municipal de Obras e Serviços Urbanos;3;1124474
São Félix do Araguaia;2026;Secretaria Municipal de Obras e Serviços Urbanos;4;2342516
São Félix do Araguaia;2026;Secretaria Municipal de Obras e Serviços Urbanos;5;1898795
São Félix do Araguaia;2026;Secretaria Municipal de Esportes e Lazer;1;142884
São Félix do Araguaia;2026;Secretaria Municipal de Esportes e Lazer;2;128788
São Félix do Araguaia;2026;Secretaria Municipal de Esportes e Lazer;3;254418
São Félix do Araguaia;2026;Secretaria Municipal de Esportes e Lazer;4;562543
São Félix do Araguaia;2026;Secretaria Municipal de Esportes e Lazer;5;492652
São Félix do Araguaia;2026;Secretaria Municipal de Turismo;1;186985
São Félix do Araguaia;2026;Secretaria Municipal de Turismo;2;494978
São Félix do Araguaia;2026;Secretaria Municipal de Turismo;3;350052
São Félix do Araguaia;2026;Secretaria Municipal de Turismo;4;817633
São Félix do Araguaia;2026;Secretaria Municipal de Turismo;5;394994
São Félix do Araguaia;2026;Secretaria Municipal de Meio Ambiente;1;171291
São Félix do Araguaia;2026;Secretaria Municipal de Meio Ambiente;2;150143
São Félix do Araguaia;2026;Secretaria Municipal de Meio Ambiente;3;202377
São Félix do Araguaia;2026;Secretaria Municipal de Meio Ambiente;4;190582
São Félix do Araguaia;2026;Secretaria Municipal de Meio Ambiente;5;166963
São Félix do Araguaia;2026;Gabinete do Prefeito Municipal;1;537425
São Félix do Araguaia;2026;Gabinete do Prefeito Municipal;2;429153
São Félix do Araguaia;2026;Gabinete do Prefeito Municipal;3;502551
São Félix do Araguaia;2026;Gabinete do Prefeito Municipal;4;503185
São Félix do Araguaia;2026;Gabinete do Prefeito Municipal;5;547558
São Félix do Araguaia;2026;Camara Municipal de Sao Felix do Araguaia;1;386386
São Félix do Araguaia;2026;Camara Municipal de Sao Felix do Araguaia;2;534535
São Félix do Araguaia;2026;Camara Municipal de Sao Felix do Araguaia;3;414318
São Félix do Araguaia;2026;Camara Municipal de Sao Felix do Araguaia;4;537171
São Félix do Araguaia;2026;Camara Municipal de Sao Felix do Araguaia;5;955940
São Félix do Araguaia;2026;Camara Municipal de Sao Felix do Araguaia;6;426016
São Félix do Araguaia;2026;Camara Municipal de Sao Felix do Araguaia;7;467746
São Félix do Araguaia;2026;Secretaria Municipal de Admin, Planej.de Fazenda;1;1307804
São Félix do Araguaia;2026;Secretaria Municipal de Admin, Planej.de Fazenda;2;1057388
São Félix do Araguaia;2026;Secretaria Municipal de Admin, Planej.de Fazenda;3;1779184
São Félix do Araguaia;2026;Secretaria Municipal de Admin, Planej.de Fazenda;4;1003184
São Félix do Araguaia;2026;Secretaria Municipal de Admin, Planej.de Fazenda;5;1359500
São Félix do Araguaia;2026;Ipasfa - Instituto de Previdencia de Sao Felix;1;410688
São Félix do Araguaia;2026;Ipasfa - Instituto de Previdencia de Sao Felix;2;394670
São Félix do Araguaia;2026;Ipasfa - Instituto de Previdencia de Sao Felix;3;399249
São Félix do Araguaia;2026;Ipasfa - Instituto de Previdencia de Sao Felix;4;402482
São Félix do Araguaia;2026;Ipasfa - Instituto de Previdencia de Sao Felix;5;410435
São Félix do Araguaia;2026;Ipasfa - Instituto de Previdencia de Sao Felix;6;406649
São Félix do Araguaia;2026;Ipasfa - Instituto de Previdencia de Sao Felix;7;435598
São Félix do Araguaia;2026;Secretaria Municipal de Sáude;1;2995550
São Félix do Araguaia;2026;Secretaria Municipal de Sáude;2;3666341
São Félix do Araguaia;2026;Secretaria Municipal de Sáude;3;2799761
São Félix do Araguaia;2026;Secretaria Municipal de Sáude;4;3321623
São Félix do Araguaia;2026;Secretaria Municipal de Sáude;5;4274120
São Félix do Araguaia;2026;Secretaria Municipal de Desenv. Assistência Social;1;447072
São Félix do Araguaia;2026;Secretaria Municipal de Desenv. Assistência Social;2;604354
São Félix do Araguaia;2026;Secretaria Municipal de Desenv. Assistência Social;3;773810
São Félix do Araguaia;2026;Secretaria Municipal de Desenv. Assistência Social;4;629333
São Félix do Araguaia;2026;Secretaria Municipal de Desenv. Assistência Social;5;639523
