municipio;exercicio;orgao;natureza;empenhado;liquidado;pago
Água Boa;2021;Gabinete do Prefeito;Pessoal e Encargos Sociais;1364299;1364299;1364299
Água Boa;2021;Gabinete do Prefeito;Outras Despesas Correntes;875423;875423;875088
Água Boa;2021;Gabinete do Prefeito;Investimentos;28524;28524;28524
Água Boa;2021;Camara Municipal;Pessoal e Encargos Sociais;2288862;2288862;2288862
Água Boa;2021;Camara Municipal;Outras Despesas Correntes;716604;716604;716604
Água Boa;2021;Camara Municipal;Investimentos;89534;89534;89534
Água Boa;2021;Secretaria de Saúde;Pessoal e Encargos Sociais;14249089;14249089;14249033
Água Boa;2021;Secretaria de Saúde;Outras Despesas Correntes;31539120;31489377;31470903
Água Boa;2021;Secretaria de Saúde;Investimentos;1691662;1410505;1406104
Água Boa;2021;Secretaria de Assistência Social;Pessoal e Encargos Sociais;1907967;1907967;1907967
Água Boa;2021;Secretaria de Assistência Social;Outras Despesas Correntes;1065913;1060939;1055678
Água Boa;2021;Secretaria de Assistência Social;Investimentos;55818;48558;48558
Água Boa;2021;Secretaria de Finanças;Pessoal e Encargos Sociais;2186445;2186445;2177529
Água Boa;2021;Secretaria de Finanças;Outras Despesas Correntes;1623522;1623522;1622710
Água Boa;2021;Secretaria de Finanças;Investimentos;56754;47454;47454
Água Boa;2021;Secretaria de Finanças;Amortização da Dívida;36681;36681;36681
Água Boa;2021;Secretaria de Educação;Pessoal e Encargos Sociais;23414784;23414784;23414784
Água Boa;2021;Secretaria de Educação;Outras Despesas Correntes;8219220;7075608;7041228
Água Boa;2021;Secretaria de Educação;Investimentos;2441763;1783985;1783985
Água Boa;2021;Secretaria de Administracáo;Pessoal e Encargos Sociais;78360;78360;78360
Água Boa;2021;Secretaria de Administracáo;Outras Despesas Correntes;442284;442284;442284
Água Boa;2021;Secretaria de Administracáo;Investimentos;7300;7300;7300
Água Boa;2021;Secretaria de Infraestrutura;Pessoal e Encargos Sociais;140835;140835;140835
Água Boa;2021;Secretaria de Infraestrutura;Outras Despesas Correntes;765196;765196;765196
Água Boa;2021;Secretaria de Infraestrutura;Investimentos;4490;4490;4490
Água Boa;2021;Fundo Municipal de Previdência dos Servidores de Água Boa - Água Previ;Pessoal e Encargos Sociais;5834286;5834286;5834286
Água Boa;2021;Fundo Municipal de Previdência dos Servidores de Água Boa - Água Previ;Outras Despesas Correntes;165771;165771;145903
Água Boa;2021;Fundo Municipal de Previdência dos Servidores de Água Boa - Água Previ;Investimentos;2392;2392;2392
Água Boa;2021;Secretaria Municipal de Cidade e Meio Ambiente;Pessoal e Encargos Sociais;185109;185109;185109
Água Boa;2021;Secretaria Municipal de Cidade e Meio Ambiente;Outras Despesas Correntes;3577773;3577773;3577773
Água Boa;2021;Secretaria Municipal de Cidade e Meio Ambiente;Investimentos;960817;903660;903660
Água Boa;2021;Secretaria de Planejamento e Finanças;Pessoal e Encargos Sociais;241632;241632;241632
Água Boa;2021;Secretaria de Planejamento e Finanças;Outras Despesas Correntes;882584;882584;882584
Água Boa;2021;Secretaria de Planejamento e Finanças;Investimentos;73578;73578;73578
Água Boa;2021;Secretaria de Planejamento e Finanças;Amortização da Dívida;248553;248553;248553
Água Boa;2021;Secretaria de Desenvolvimento Industria Comércio e Turismo;Pessoal e Encargos Sociais;716804;716804;716804
Água Boa;2021;Secretaria de Desenvolvimento Industria Comércio e Turismo;Outras Despesas Correntes;1091241;1046032;1045732
Água Boa;2021;Secretaria de Desenvolvimento Industria Comércio e Turismo;Investimentos;2231242;2004650;2004650
Água Boa;2021;Secretaria de Administracáo e Planejamento;Pessoal e Encargos Sociais;1602192;1602192;1602192
Água Boa;2021;Secretaria de Administracáo e Planejamento;Outras Despesas Correntes;896202;884637;884637
Água Boa;2021;Secretaria de Administracáo e Planejamento;Investimentos;3553106;3403667;3403667
Água Boa;2021;Secretaria de Infraestrutura e Meio Ambiente;Pessoal e Encargos Sociais;4458204;4458204;4458204
Água Boa;2021;Secretaria de Infraestrutura e Meio Ambiente;Outras Despesas Correntes;14351561;13619236;13605884
Água Boa;2021;Secretaria de Infraestrutura e Meio Ambiente;Investimentos;12628036;7543732;7528582
Água Boa;2021;Secretaria de Esporte, Cultura, Lazer e Eventos;Pessoal e Encargos Sociais;1668813;1668813;1668813
Água Boa;2021;Secretaria de Esporte, Cultura, Lazer e Eventos;Outras Despesas Correntes;966246;963092;953632
Água Boa;2021;Secretaria de Esporte, Cultura, Lazer e Eventos;Investimentos;263430;205654;205654
Água Boa;2022;Gabinete do Prefeito;Pessoal e Encargos Sociais;1670061;1670061;1653178
Água Boa;2022;Gabinete do Prefeito;Outras Despesas Correntes;1386072;1386072;1386072
Água Boa;2022;Gabinete do Prefeito;Investimentos;15999;15999;15999
Água Boa;2022;Camara Municipal;Pessoal e Encargos Sociais;2910933;2910933;2910933
Água Boa;2022;Camara Municipal;Outras Despesas Correntes;926789;926789;926789
Água Boa;2022;Camara Municipal;Investimentos;25278;25278;25278
Água Boa;2022;Secretaria de Saúde;Pessoal e Encargos Sociais;18927996;18927996;18858072
Água Boa;2022;Secretaria de Saúde;Outras Despesas Correntes;42134651;42103237;42018336
Água Boa;2022;Secretaria de Saúde;Investimentos;5858690;2809701;2809701
Água Boa;2022;Secretaria de Assistência Social;Pessoal e Encargos Sociais;2515981;2515981;2499732
Água Boa;2022;Secretaria de Assistência Social;Outras Despesas Correntes;1861880;1849947;1842318
Água Boa;2022;Secretaria de Assistência Social;Investimentos;606309;606309;606309
Água Boa;2022;Secretaria de Finanças;Pessoal e Encargos Sociais;3570552;3570552;3545716
Água Boa;2022;Secretaria de Finanças;Outras Despesas Correntes;4438351;4427914;4423483
Água Boa;2022;Secretaria de Finanças;Investimentos;83716;83716;83716
Água Boa;2022;Secretaria de Finanças;Amortização da Dívida;284658;284658;284658
Água Boa;2022;Secretaria de Educação;Pessoal e Encargos Sociais;35983405;35983405;35690617
Água Boa;2022;Secretaria de Educação;Outras Despesas Correntes;11872274;11868508;11865480
Água Boa;2022;Secretaria de Educação;Investimentos;4984076;2517308;2517308
Água Boa;2022;Fundo Municipal de Previdência dos Servidores de Água Boa - Água Previ;Pessoal e Encargos Sociais;8650621;8650621;8650621
Água Boa;2022;Fundo Municipal de Previdência dos Servidores de Água Boa - Água Previ;Outras Despesas Correntes;258341;258341;191637
Água Boa;2022;Secretaria de Desenvolvimento Industria Comércio e Turismo;Pessoal e Encargos Sociais;1414020;1414020;1400589
Água Boa;2022;Secretaria de Desenvolvimento Industria Comércio e Turismo;Outras Despesas Correntes;2770834;2745645;2745645
Água Boa;2022;Secretaria de Desenvolvimento Industria Comércio e Turismo;Investimentos;2098490;1403017;1403017
Água Boa;2022;Secretaria de Administracáo e Planejamento;Pessoal e Encargos Sociais;3304626;3304626;3270116
Água Boa;2022;Secretaria de Administracáo e Planejamento;Outras Despesas Correntes;2377860;2221626;2221177
Água Boa;2022;Secretaria de Administracáo e Planejamento;Investimentos;4098563;4089267;4089267
Água Boa;2022;Secretaria de Infraestrutura e Meio Ambiente;Pessoal e Encargos Sociais;5407834;5407834;5382873
Água Boa;2022;Secretaria de Infraestrutura e Meio Ambiente;Outras Despesas Correntes;39570121;38799874;38788941
Água Boa;2022;Secretaria de Infraestrutura e Meio Ambiente;Investimentos;23657408;13772066;13772066
Água Boa;2022;Secretaria de Esporte, Cultura, Lazer e Eventos;Pessoal e Encargos Sociais;2543179;2543179;2508129
Água Boa;2022;Secretaria de Esporte, Cultura, Lazer e Eventos;Outras Despesas Correntes;3420918;3301980;3301980
Água Boa;2022;Secretaria de Esporte, Cultura, Lazer e Eventos;Investimentos;1236335;1236335;1236335
Água Boa;2023;Gabinete do Prefeito;Pessoal e Encargos Sociais;1789397;1789397;1755066
Água Boa;2023;Gabinete do Prefeito;Outras Despesas Correntes;1381728;1336728;1336030
Água Boa;2023;Gabinete do Prefeito;Investimentos;32355;32355;32355
Água Boa;2023;Camara Municipal;Pessoal e Encargos Sociais;3189569;3189569;3189569
Água Boa;2023;Camara Municipal;Outras Despesas Correntes;1358638;1358638;1358638
Água Boa;2023;Camara Municipal;Investimentos;124792;124792;124792
Água Boa;2023;Secretaria de Saúde;Pessoal e Encargos Sociais;22087244;22087244;21367558
Água Boa;2023;Secretaria de Saúde;Outras Despesas Correntes;55937173;55050199;54696309
Água Boa;2023;Secretaria de Saúde;Investimentos;1752944;1319968;1319968
Água Boa;2023;Secretaria de Assistência Social;Pessoal e Encargos Sociais;3419597;3419597;3288195
Água Boa;2023;Secretaria de Assistência Social;Outras Despesas Correntes;2305583;2237551;2237551
Água Boa;2023;Secretaria de Assistência Social;Investimentos;79068;79068;79068
Água Boa;2023;Secretaria de Finanças;Pessoal e Encargos Sociais;4055455;4055455;3960498
Água Boa;2023;Secretaria de Finanças;Juros e Encargos da Dívida;423793;423793;423793
Água Boa;2023;Secretaria de Finanças;Outras Despesas Correntes;6077306;6033721;5814461
Água Boa;2023;Secretaria de Finanças;Investimentos;117349;117349;117349
Água Boa;2023;Secretaria de Finanças;Amortização da Dívida;771213;771213;771213
Água Boa;2023;Secretaria de Esporte, Cultura e Lazer;Pessoal e Encargos Sociais;1787353;1787353;1752951
Água Boa;2023;Secretaria de Esporte, Cultura e Lazer;Outras Despesas Correntes;6117427;5767577;5767577
Água Boa;2023;Secretaria de Esporte, Cultura e Lazer;Investimentos;412023;412023;412023
Água Boa;2023;Secretaria de Educação;Pessoal e Encargos Sociais;45010269;45010269;44063722
Água Boa;2023;Secretaria de Educação;Outras Despesas Correntes;16724339;16606850;16520384
Água Boa;2023;Secretaria de Educação;Investimentos;4061928;4045174;4045174
Água Boa;2023;Fundo Municipal de Previdência dos Servidores de Água Boa - Água Previ;Pessoal e Encargos Sociais;10180680;10180680;10180680
Água Boa;2023;Fundo Municipal de Previdência dos Servidores de Água Boa - Água Previ;Outras Despesas Correntes;336344;229767;229767
Água Boa;2023;Fundo Municipal de Previdência dos Servidores de Água Boa - Água Previ;Investimentos;2182;2182;2182
Água Boa;2023;Secretaria de Infraestrutura e Meio Ambiente;Pessoal e Encargos Sociais;5657342;5657342;5491563
Água Boa;2023;Secretaria de Infraestrutura e Meio Ambiente;Outras Despesas Correntes;33062597;32016792;31999703
Água Boa;2023;Secretaria de Infraestrutura e Meio Ambiente;Investimentos;23348891;21069046;20746457
Água Boa;2023;Secretaria de Desenvolvimento Econômico, Agricultura e Turismo;Pessoal e Encargos Sociais;1943708;1943708;1886719
Água Boa;2023;Secretaria de Desenvolvimento Econômico, Agricultura e Turismo;Outras Despesas Correntes;2077747;2038049;2035471
Água Boa;2023;Secretaria de Desenvolvimento Econômico, Agricultura e Turismo;Investimentos;1043814;1033589;1033589
Água Boa;2023;Secretaria de Desenvolvimento Econômico, Agricultura e Turismo;Inversões Financeiras;7166;7166;7166
Água Boa;2023;Secretaria de Administracão e Planejamento;Pessoal e Encargos Sociais;4109889;4109889;4016460
Água Boa;2023;Secretaria de Administracão e Planejamento;Outras Despesas Correntes;3584305;3428766;3411431
Água Boa;2023;Secretaria de Administracão e Planejamento;Investimentos;5941929;507937;507937
Água Boa;2024;Gabinete do Prefeito;Pessoal e Encargos Sociais;1933309;1933309;1906946
Água Boa;2024;Gabinete do Prefeito;Outras Despesas Correntes;767186;766874;766874
Água Boa;2024;Gabinete do Prefeito;Investimentos;31196;31196;31196
Água Boa;2024;Camara Municipal;Pessoal e Encargos Sociais;3571107;3571107;3571107
Água Boa;2024;Camara Municipal;Outras Despesas Correntes;1276265;1276265;1276265
Água Boa;2024;Camara Municipal;Investimentos;135119;135119;135119
Água Boa;2024;Secretaria de Saúde;Pessoal e Encargos Sociais;27430089;27430089;26774219
Água Boa;2024;Secretaria de Saúde;Outras Despesas Correntes;63471419;60433435;60330240
Água Boa;2024;Secretaria de Saúde;Investimentos;4012538;4012538;4012538
Água Boa;2024;Secretaria de Assistência Social;Pessoal e Encargos Sociais;3807185;3807185;3728883
Água Boa;2024;Secretaria de Assistência Social;Outras Despesas Correntes;2175248;2106233;2106233
Água Boa;2024;Secretaria de Assistência Social;Investimentos;105346;105346;105346
Água Boa;2024;Secretaria de Finanças;Pessoal e Encargos Sociais;5085358;5085358;5016132
Água Boa;2024;Secretaria de Finanças;Juros e Encargos da Dívida;2037723;2037723;2037723
Água Boa;2024;Secretaria de Finanças;Outras Despesas Correntes;6694869;6341021;6341021
Água Boa;2024;Secretaria de Finanças;Investimentos;15082;15082;15082
Água Boa;2024;Secretaria de Finanças;Amortização da Dívida;1355679;1355679;1355679
Água Boa;2024;Secretaria de Esporte, Cultura e Lazer;Pessoal e Encargos Sociais;1624837;1624837;1604636
Água Boa;2024;Secretaria de Esporte, Cultura e Lazer;Outras Despesas Correntes;6563183;6201547;6201547
Água Boa;2024;Secretaria de Esporte, Cultura e Lazer;Investimentos;515410;509242;509242
Água Boa;2024;Secretaria de Educação;Pessoal e Encargos Sociais;45537302;45537302;44857490
Água Boa;2024;Secretaria de Educação;Outras Despesas Correntes;17427006;17065905;17065905
Água Boa;2024;Secretaria de Educação;Investimentos;13963978;9780802;9780802
Água Boa;2024;Fundo Municipal de Previdência dos Servidores de Água Boa - Água Previ;Pessoal e Encargos Sociais;12542882;12542882;12542882
Água Boa;2024;Fundo Municipal de Previdência dos Servidores de Água Boa - Água Previ;Outras Despesas Correntes;238899;238899;227084
Água Boa;2024;Fundo Municipal de Previdência dos Servidores de Água Boa - Água Previ;Investimentos;17763;17763;17763
Água Boa;2024;Secretaria de Infraestrutura e Meio Ambiente;Pessoal e Encargos Sociais;6717468;6717468;6581295
Água Boa;2024;Secretaria de Infraestrutura e Meio Ambiente;Outras Despesas Correntes;30937398;28934376;28934376
Água Boa;2024;Secretaria de Infraestrutura e Meio Ambiente;Investimentos;26188284;24067745;23973321
Água Boa;2024;Secretaria de Desenvolvimento Econômico, Agricultura e Turismo;Pessoal e Encargos Sociais;2140493;2140493;2101663
Água Boa;2024;Secretaria de Desenvolvimento Econômico, Agricultura e Turismo;Outras Despesas Correntes;2804729;2722403;2722403
Água Boa;2024;Secretaria de Desenvolvimento Econômico, Agricultura e Turismo;Investimentos;7694379;7272722;7071418
Água Boa;2024;Secretaria de Desenvolvimento Econômico, Agricultura e Turismo;Inversões Financeiras;26000;22779;22779
Água Boa;2024;Secretaria de Administracão e Planejamento;Pessoal e Encargos Sociais;4213815;4213815;4166332
Água Boa;2024;Secretaria de Administracão e Planejamento;Outras Despesas Correntes;3435009;3318805;3318805
Água Boa;2024;Secretaria de Administracão e Planejamento;Investimentos;188438;188438;188438
Água Boa;2025;Gabinete do Prefeito;Pessoal e Encargos Sociais;2623692;2623692;2609607
Água Boa;2025;Gabinete do Prefeito;Outras Despesas Correntes;1090892;1033265;1010491
Água Boa;2025;Gabinete do Prefeito;Investimentos;400062;400062;400062
Água Boa;2025;Camara Municipal;Pessoal e Encargos Sociais;3739433;3739433;3739433
Água Boa;2025;Camara Municipal;Outras Despesas Correntes;1521215;1521215;1521215
Água Boa;2025;Camara Municipal;Investimentos;62861;62861;62861
Água Boa;2025;Secretaria de Saúde;Pessoal e Encargos Sociais;31035909;31035631;30998198
Água Boa;2025;Secretaria de Saúde;Outras Despesas Correntes;68385707;66547605;65776792
Água Boa;2025;Secretaria de Saúde;Investimentos;3197538;3160978;3145229
Água Boa;2025;Secretaria de Assistência Social;Pessoal e Encargos Sociais;4392317;4392317;4372877
Água Boa;2025;Secretaria de Assistência Social;Outras Despesas Correntes;3940021;3560670;3484562
Água Boa;2025;Secretaria de Assistência Social;Investimentos;123867;123867;123867
Água Boa;2025;Secretaria de Finanças;Pessoal e Encargos Sociais;6166391;6166391;6151008
Água Boa;2025;Secretaria de Finanças;Juros e Encargos da Dívida;3934755;3934755;3642115
Água Boa;2025;Secretaria de Finanças;Outras Despesas Correntes;6237015;6162641;5899101
Água Boa;2025;Secretaria de Finanças;Investimentos;53272;53272;53272
Água Boa;2025;Secretaria de Finanças;Amortização da Dívida;3116693;3116693;2892136
Água Boa;2025;Secretaria de Esporte, Cultura e Lazer;Pessoal e Encargos Sociais;1892320;1892320;1883352
Água Boa;2025;Secretaria de Esporte, Cultura e Lazer;Outras Despesas Correntes;7474560;7161476;6871654
Água Boa;2025;Secretaria de Esporte, Cultura e Lazer;Investimentos;545871;541052;541052
Água Boa;2025;Secretaria de Educação;Pessoal e Encargos Sociais;51204453;51204453;51063488
Água Boa;2025;Secretaria de Educação;Outras Despesas Correntes;21853825;20320142;19677672
Água Boa;2025;Secretaria de Educação;Investimentos;2266379;1299233;1279763
Água Boa;2025;Fundo Municipal de Previdência dos Servidores de Água Boa - Água Previ;Pessoal e Encargos Sociais;14066911;14066911;14066911
Água Boa;2025;Fundo Municipal de Previdência dos Servidores de Água Boa - Água Previ;Outras Despesas Correntes;339833;336946;336946
Água Boa;2025;Fundo Municipal de Previdência dos Servidores de Água Boa - Água Previ;Investimentos;13298;13298;13298
Água Boa;2025;Secretaria de Infraestrutura e Meio Ambiente;Pessoal e Encargos Sociais;8010372;8010372;7994897
Água Boa;2025;Secretaria de Infraestrutura e Meio Ambiente;Outras Despesas Correntes;38494594;36208703;35493124
Água Boa;2025;Secretaria de Infraestrutura e Meio Ambiente;Investimentos;16834848;15347727;15344382
Água Boa;2025;Secretaria de Desenvolvimento Econômico, Agricultura e Turismo;Pessoal e Encargos Sociais;1959026;1959026;1945970
Água Boa;2025;Secretaria de Desenvolvimento Econômico, Agricultura e Turismo;Outras Despesas Correntes;3454161;3275991;3252233
Água Boa;2025;Secretaria de Desenvolvimento Econômico, Agricultura e Turismo;Investimentos;4853088;4824842;4824842
Água Boa;2025;Secretaria de Desenvolvimento Econômico, Agricultura e Turismo;Inversões Financeiras;15000;11367;11367
Água Boa;2025;Secretaria de Administracão e Planejamento;Pessoal e Encargos Sociais;3143940;3143940;3129960
Água Boa;2025;Secretaria de Administracão e Planejamento;Outras Despesas Correntes;2928529;2685474;2626646
Água Boa;2025;Secretaria de Administracão e Planejamento;Investimentos;553460;494709;494477
Água Boa;2025;Secretaria de Planejamento, Obras e Engenharia;Pessoal e Encargos Sociais;2151466;2151466;2133786
Água Boa;2025;Secretaria de Planejamento, Obras e Engenharia;Outras Despesas Correntes;388668;308384;290518
Água Boa;2025;Secretaria de Planejamento, Obras e Engenharia;Investimentos;41264;41264;41264
Água Boa;2026;Gabinete do Prefeito;Pessoal e Encargos Sociais;1875863;1875863;1831297
Água Boa;2026;Gabinete do Prefeito;Outras Despesas Correntes;1238098;781057;727021
Água Boa;2026;Gabinete do Prefeito;Investimentos;38108;37178;37178
Água Boa;2026;Camara Municipal;Pessoal e Encargos Sociais;2272617;2272617;2272617
Água Boa;2026;Camara Municipal;Outras Despesas Correntes;1245455;1067959;1067959
Água Boa;2026;Camara Municipal;Investimentos;4413;4413;4413
Água Boa;2026;Secretaria de Saúde;Pessoal e Encargos Sociais;18441642;18441642;17988712
Água Boa;2026;Secretaria de Saúde;Outras Despesas Correntes;76034947;48364570;46858731
Água Boa;2026;Secretaria de Saúde;Investimentos;3900433;1643390;1599019
Água Boa;2026;Secretaria de Finanças;Pessoal e Encargos Sociais;4045122;3989020;3892491
Água Boa;2026;Secretaria de Finanças;Juros e Encargos da Dívida;3593591;1784915;1784915
Água Boa;2026;Secretaria de Finanças;Outras Despesas Correntes;5737623;3859369;3675127
Água Boa;2026;Secretaria de Finanças;Investimentos;69592;26610;18938
Água Boa;2026;Secretaria de Finanças;Amortização da Dívida;3735340;1899270;1899270
Água Boa;2026;Secretaria de Esporte, Cultura e Lazer;Pessoal e Encargos Sociais;1031458;1031458;1005453
Água Boa;2026;Secretaria de Esporte, Cultura e Lazer;Outras Despesas Correntes;8507266;5614976;5320994
Água Boa;2026;Secretaria de Esporte, Cultura e Lazer;Investimentos;992135;105070;74542
Água Boa;2026;Secretaria de Educação;Pessoal e Encargos Sociais;31420046;31420046;30538289
Água Boa;2026;Secretaria de Educação;Outras Despesas Correntes;19443528;12141715;10980929
Água Boa;2026;Secretaria de Educação;Investimentos;10303609;4431976;4264816
Água Boa;2026;Fundo Municipal de Previdência dos Servidores de Água Boa - Água Previ;Pessoal e Encargos Sociais;10143374;10136754;10136754
Água Boa;2026;Fundo Municipal de Previdência dos Servidores de Água Boa - Água Previ;Outras Despesas Correntes;337158;220154;220154
Água Boa;2026;Fundo Municipal de Previdência dos Servidores de Água Boa - Água Previ;Investimentos;7439;7439;7439
Água Boa;2026;Secretaria de Administracão;Pessoal e Encargos Sociais;1613247;1613247;1576228
Água Boa;2026;Secretaria de Administracão;Outras Despesas Correntes;2849665;1473144;1377640
Água Boa;2026;Secretaria de Administracão;Investimentos;1959432;1877178;1782829
Água Boa;2026;Secretaria de Infraestrutura e Meio Ambiente;Pessoal e Encargos Sociais;5017580;5017580;4892030
Água Boa;2026;Secretaria de Infraestrutura e Meio Ambiente;Outras Despesas Correntes;35209933;20973727;18853363
Água Boa;2026;Secretaria de Infraestrutura e Meio Ambiente;Investimentos;24273730;9179217;8930488
Água Boa;2026;Secretaria de Planejamento, Obras e Engenharia;Pessoal e Encargos Sociais;1596171;1596171;1561061
Água Boa;2026;Secretaria de Planejamento, Obras e Engenharia;Outras Despesas Correntes;898228;450610;404289
Água Boa;2026;Secretaria de Planejamento, Obras e Engenharia;Investimentos;47344;13545;13545
Água Boa;2026;Secretaria de Assistência Social e Cidadania;Pessoal e Encargos Sociais;2786286;2786286;2720202
Água Boa;2026;Secretaria de Assistência Social e Cidadania;Outras Despesas Correntes;3471693;1981306;1882131
Água Boa;2026;Secretaria de Assistência Social e Cidadania;Investimentos;7494770;2376690;2376690
Água Boa;2026;Secretaria de Desenvolvimento Econômico, Agricultura, Turismo e Inovação;Pessoal e Encargos Sociais;1365803;1365803;1334637
Água Boa;2026;Secretaria de Desenvolvimento Econômico, Agricultura, Turismo e Inovação;Outras Despesas Correntes;4400293;3022241;2635712
Água Boa;2026;Secretaria de Desenvolvimento Econômico, Agricultura, Turismo e Inovação;Investimentos;726579;691038;592708
Alto Araguaia;2021;Gabinete do Prefeito;Pessoal e Encargos Sociais;1730670;1730670;1703959
Alto Araguaia;2021;Gabinete do Prefeito;Outras Despesas Correntes;279308;269501;268519
Alto Araguaia;2021;Gabinete do Prefeito;Investimentos;37191;37191;37191
Alto Araguaia;2021;Camara Municipal;Pessoal e Encargos Sociais;2645264;2645264;2645264
Alto Araguaia;2021;Camara Municipal;Outras Despesas Correntes;995720;973076;973076
Alto Araguaia;2021;Camara Municipal;Investimentos;268097;127799;127799
Alto Araguaia;2021;Secretaria de Administração;Pessoal e Encargos Sociais;2568328;2568328;2526338
Alto Araguaia;2021;Secretaria de Administração;Outras Despesas Correntes;5436501;4786124;4631373
Alto Araguaia;2021;Secretaria de Administração;Investimentos;56704;56568;56568
Alto Araguaia;2021;Secretaria de Saúde;Pessoal e Encargos Sociais;12767151;12767151;12531581
Alto Araguaia;2021;Secretaria de Saúde;Outras Despesas Correntes;13929849;13170475;12369049
Alto Araguaia;2021;Secretaria de Saúde;Investimentos;701893;676214;569662
Alto Araguaia;2021;Secretaria de Educação;Pessoal e Encargos Sociais;12729906;12729906;12468478
Alto Araguaia;2021;Secretaria de Educação;Outras Despesas Correntes;4304289;3858615;3725646
Alto Araguaia;2021;Secretaria de Educação;Investimentos;3680040;3366704;1285804
Alto Araguaia;2021;Fundo de Previdência Municipal;Pessoal e Encargos Sociais;6454002;6454002;6454002
Alto Araguaia;2021;Fundo de Previdência Municipal;Outras Despesas Correntes;210298;203379;203379
Alto Araguaia;2021;Fundo de Previdência Municipal;Investimentos;1309;1309;1309
Alto Araguaia;2021;Secretaria de Obras;Pessoal e Encargos Sociais;971615;971615;955065
Alto Araguaia;2021;Secretaria de Obras;Outras Despesas Correntes;552032;545471;522661
Alto Araguaia;2021;Secretaria de Obras;Investimentos;2082812;1857812;1857812
Alto Araguaia;2021;Secretaria de Infra-estrutura e Serviços Urbanos;Pessoal e Encargos Sociais;3763728;3763728;3706305
Alto Araguaia;2021;Secretaria de Infra-estrutura e Serviços Urbanos;Outras Despesas Correntes;5488832;5441447;5217669
Alto Araguaia;2021;Secretaria de Infra-estrutura e Serviços Urbanos;Investimentos;5171139;4247904;4247904
Alto Araguaia;2021;Secretaria de Finanças e Planejamento;Pessoal e Encargos Sociais;1903048;1903048;1884137
Alto Araguaia;2021;Secretaria de Finanças e Planejamento;Juros e Encargos da Dívida;50713;50713;18504
Alto Araguaia;2021;Secretaria de Finanças e Planejamento;Outras Despesas Correntes;1208900;1202223;1134652
Alto Araguaia;2021;Secretaria de Finanças e Planejamento;Investimentos;20407;20407;20407
Alto Araguaia;2021;Secretaria de Finanças e Planejamento;Amortização da Dívida;909516;909516;909516
Alto Araguaia;2021;Secretaria de Cultura, Esporte, Lazer e Turismo;Pessoal e Encargos Sociais;630493;630493;619510
Alto Araguaia;2021;Secretaria de Cultura, Esporte, Lazer e Turismo;Outras Despesas Correntes;195259;170409;170149
Alto Araguaia;2021;Secretaria de Assistência e Desenvolvimento Social;Pessoal e Encargos Sociais;2951083;2951083;2894934
Alto Araguaia;2021;Secretaria de Assistência e Desenvolvimento Social;Outras Despesas Correntes;3069814;2845133;2763201
Alto Araguaia;2021;Secretaria de Assistência e Desenvolvimento Social;Investimentos;617750;381859;328534
Alto Araguaia;2021;Secretaria de Indústria, Comércio e Serviços;Pessoal e Encargos Sociais;64250;64250;64250
Alto Araguaia;2021;Secretaria de Indústria, Comércio e Serviços;Outras Despesas Correntes;320;320;320
Alto Araguaia;2021;Secretaria de Transporte e Frotas;Pessoal e Encargos Sociais;1141284;1141284;1124373
Alto Araguaia;2021;Secretaria de Transporte e Frotas;Outras Despesas Correntes;957455;949037;916776
Alto Araguaia;2021;Secretaria de Transporte e Frotas;Investimentos;1462259;659000;659000
Alto Araguaia;2021;Secretaria de Meio Ambiente e Desenv. Urbano;Pessoal e Encargos Sociais;175686;175686;173885
Alto Araguaia;2021;Secretaria de Meio Ambiente e Desenv. Urbano;Outras Despesas Correntes;49169;49169;49169
Alto Araguaia;2021;Secretaria de Meio Ambiente e Desenv. Urbano;Investimentos;7280;7280;7280
Alto Araguaia;2021;Secretaria de Agricultura,pecuária e Abastecimento;Pessoal e Encargos Sociais;341281;341281;336659
Alto Araguaia;2021;Secretaria de Agricultura,pecuária e Abastecimento;Outras Despesas Correntes;207043;207043;206357
Alto Araguaia;2021;Secretaria de Agricultura,pecuária e Abastecimento;Investimentos;255576;253675;253675
Alto Araguaia;2022;Gabinete do Prefeito;Pessoal e Encargos Sociais;2157096;2157096;2112983
Alto Araguaia;2022;Gabinete do Prefeito;Outras Despesas Correntes;277009;276954;273474
Alto Araguaia;2022;Gabinete do Prefeito;Investimentos;12427;12427;12427
Alto Araguaia;2022;Camara Municipal;Pessoal e Encargos Sociais;3210943;3210943;3168062
Alto Araguaia;2022;Camara Municipal;Outras Despesas Correntes;1369814;1219524;1219524
Alto Araguaia;2022;Camara Municipal;Investimentos;139963;50249;50249
Alto Araguaia;2022;Secretaria de Administração;Pessoal e Encargos Sociais;3103333;3103333;3023275
Alto Araguaia;2022;Secretaria de Administração;Outras Despesas Correntes;4260126;4246391;4099197
Alto Araguaia;2022;Secretaria de Administração;Investimentos;98197;98197;86223
Alto Araguaia;2022;Secretaria de Saúde;Pessoal e Encargos Sociais;15924267;15924267;15557404
Alto Araguaia;2022;Secretaria de Saúde;Outras Despesas Correntes;17610674;17561946;16822266
Alto Araguaia;2022;Secretaria de Saúde;Investimentos;1191995;1181183;1168383
Alto Araguaia;2022;Secretaria de Educação;Pessoal e Encargos Sociais;17030843;17030843;16595721
Alto Araguaia;2022;Secretaria de Educação;Outras Despesas Correntes;10164824;10142289;9612141
Alto Araguaia;2022;Secretaria de Educação;Investimentos;1463542;1463542;1422085
Alto Araguaia;2022;Fundo de Previdência Municipal;Pessoal e Encargos Sociais;8815467;8815467;8815467
Alto Araguaia;2022;Fundo de Previdência Municipal;Outras Despesas Correntes;194819;193213;193213
Alto Araguaia;2022;Fundo de Previdência Municipal;Investimentos;16150;16150;16150
Alto Araguaia;2022;Secretaria de Obras;Pessoal e Encargos Sociais;1151801;1151801;1129378
Alto Araguaia;2022;Secretaria de Obras;Outras Despesas Correntes;2331454;2331454;2318561
Alto Araguaia;2022;Secretaria de Obras;Investimentos;3289639;3289639;3281941
Alto Araguaia;2022;Secretaria de Infra-estrutura e Serviços Urbanos;Pessoal e Encargos Sociais;4444742;4444742;4363154
Alto Araguaia;2022;Secretaria de Infra-estrutura e Serviços Urbanos;Outras Despesas Correntes;5865782;5810138;5624454
Alto Araguaia;2022;Secretaria de Infra-estrutura e Serviços Urbanos;Investimentos;15943093;11915961;11895755
Alto Araguaia;2022;Secretaria de Finanças e Planejamento;Pessoal e Encargos Sociais;1698237;1698237;1666994
Alto Araguaia;2022;Secretaria de Finanças e Planejamento;Juros e Encargos da Dívida;1390235;1390235;1390235
Alto Araguaia;2022;Secretaria de Finanças e Planejamento;Outras Despesas Correntes;2564365;2564365;2561989
Alto Araguaia;2022;Secretaria de Finanças e Planejamento;Investimentos;9967;9967;9967
Alto Araguaia;2022;Secretaria de Finanças e Planejamento;Amortização da Dívida;180827;180827;180827
Alto Araguaia;2022;Secretaria de Cultura, Esporte, Lazer e Turismo;Pessoal e Encargos Sociais;781952;781952;763026
Alto Araguaia;2022;Secretaria de Cultura, Esporte, Lazer e Turismo;Outras Despesas Correntes;1430637;1430637;1429257
Alto Araguaia;2022;Secretaria de Cultura, Esporte, Lazer e Turismo;Investimentos;303988;179867;173128
Alto Araguaia;2022;Secretaria de Assistência e Desenvolvimento Social;Pessoal e Encargos Sociais;3394288;3394288;3330521
Alto Araguaia;2022;Secretaria de Assistência e Desenvolvimento Social;Outras Despesas Correntes;4091408;4064736;3840550
Alto Araguaia;2022;Secretaria de Assistência e Desenvolvimento Social;Investimentos;608095;606845;604535
Alto Araguaia;2022;Secretaria de Indústria, Comércio e Serviços;Pessoal e Encargos Sociais;121359;121359;118579
Alto Araguaia;2022;Secretaria de Indústria, Comércio e Serviços;Outras Despesas Correntes;4606;4606;279
Alto Araguaia;2022;Secretaria de Transporte e Frotas;Pessoal e Encargos Sociais;1344112;1344112;1318214
Alto Araguaia;2022;Secretaria de Transporte e Frotas;Outras Despesas Correntes;381623;381081;379870
Alto Araguaia;2022;Secretaria de Transporte e Frotas;Investimentos;845750;845750;845750
Alto Araguaia;2022;Secretaria de Meio Ambiente e Desenv. Urbano;Pessoal e Encargos Sociais;99686;99686;98846
Alto Araguaia;2022;Secretaria de Meio Ambiente e Desenv. Urbano;Outras Despesas Correntes;54829;54829;51879
Alto Araguaia;2022;Secretaria de Meio Ambiente e Desenv. Urbano;Investimentos;4890;4890;0
Alto Araguaia;2022;Secretaria de Agricultura,pecuária e Abastecimento;Pessoal e Encargos Sociais;382482;382482;376235
Alto Araguaia;2022;Secretaria de Agricultura,pecuária e Abastecimento;Outras Despesas Correntes;393569;392602;385992
Alto Araguaia;2022;Secretaria de Agricultura,pecuária e Abastecimento;Investimentos;375041;11190;0
Alto Araguaia;2023;Gabinete do Prefeito;Pessoal e Encargos Sociais;2487496;2487496;2442366
Alto Araguaia;2023;Gabinete do Prefeito;Outras Despesas Correntes;213439;213439;213439
Alto Araguaia;2023;Camara Municipal;Pessoal e Encargos Sociais;3894592;3894592;3894592
Alto Araguaia;2023;Camara Municipal;Outras Despesas Correntes;1682273;1523423;1523423
Alto Araguaia;2023;Camara Municipal;Investimentos;447168;296082;296082
Alto Araguaia;2023;Secretaria de Administração;Pessoal e Encargos Sociais;3290545;3290545;3226445
Alto Araguaia;2023;Secretaria de Administração;Outras Despesas Correntes;3169720;3169719;3147515
Alto Araguaia;2023;Secretaria de Administração;Investimentos;8016;8016;8016
Alto Araguaia;2023;Secretaria de Saúde;Pessoal e Encargos Sociais;18401359;18401359;18010694
Alto Araguaia;2023;Secretaria de Saúde;Outras Despesas Correntes;25510099;25510070;25440219
Alto Araguaia;2023;Secretaria de Saúde;Investimentos;1510319;1510319;1510319
Alto Araguaia;2023;Secretaria de Educação;Pessoal e Encargos Sociais;16934326;16934326;16682673
Alto Araguaia;2023;Secretaria de Educação;Outras Despesas Correntes;11087873;11084988;10935849
Alto Araguaia;2023;Secretaria de Educação;Investimentos;6293393;6293393;6293393
Alto Araguaia;2023;Secretaria de Obras;Pessoal e Encargos Sociais;1281683;1281683;1255424
Alto Araguaia;2023;Secretaria de Obras;Outras Despesas Correntes;965098;965098;950772
Alto Araguaia;2023;Secretaria de Obras;Investimentos;2590173;2590173;2590173
Alto Araguaia;2023;Secretaria de Infra-estrutura e Serviços Urbanos;Pessoal e Encargos Sociais;4776292;4776292;4685123
Alto Araguaia;2023;Secretaria de Infra-estrutura e Serviços Urbanos;Outras Despesas Correntes;6662186;6662186;6582405
Alto Araguaia;2023;Secretaria de Infra-estrutura e Serviços Urbanos;Investimentos;12760357;12760357;12760357
Alto Araguaia;2023;Secretaria de Finanças e Planejamento;Pessoal e Encargos Sociais;1823081;1823081;1790055
Alto Araguaia;2023;Secretaria de Finanças e Planejamento;Juros e Encargos da Dívida;2914560;2914560;2914560
Alto Araguaia;2023;Secretaria de Finanças e Planejamento;Outras Despesas Correntes;2433171;2428713;2428514
Alto Araguaia;2023;Secretaria de Finanças e Planejamento;Amortização da Dívida;779473;779473;779473
Alto Araguaia;2023;Secretaria de Cultura, Esporte, Lazer e Turismo;Pessoal e Encargos Sociais;875305;875305;856521
Alto Araguaia;2023;Secretaria de Cultura, Esporte, Lazer e Turismo;Outras Despesas Correntes;1905532;1905532;1894404
Alto Araguaia;2023;Secretaria de Assistência e Desenvolvimento Social;Pessoal e Encargos Sociais;3790721;3790721;3713809
Alto Araguaia;2023;Secretaria de Assistência e Desenvolvimento Social;Outras Despesas Correntes;3908939;3906839;3883274
Alto Araguaia;2023;Secretaria de Assistência e Desenvolvimento Social;Investimentos;4481986;4481986;4471125
Alto Araguaia;2023;Secretaria de Indústria, Comércio e Serviços;Pessoal e Encargos Sociais;142712;142712;139430
Alto Araguaia;2023;Secretaria de Indústria, Comércio e Serviços;Outras Despesas Correntes;3120;3120;3120
Alto Araguaia;2023;Secretaria de Transporte e Frotas;Pessoal e Encargos Sociais;1397793;1397793;1369435
Alto Araguaia;2023;Secretaria de Transporte e Frotas;Outras Despesas Correntes;1250664;1250664;1247459
Alto Araguaia;2023;Previmar - Fundo Municipal de Previdencia Social dos Servidores de Alto Araguaia;Pessoal e Encargos Sociais;10583317;10583317;10583317
Alto Araguaia;2023;Previmar - Fundo Municipal de Previdencia Social dos Servidores de Alto Araguaia;Outras Despesas Correntes;228351;227451;227451
Alto Araguaia;2023;Previmar - Fundo Municipal de Previdencia Social dos Servidores de Alto Araguaia;Investimentos;10855;10855;10855
Alto Araguaia;2023;Secretaria de Meio Ambiente e Desenv. Urbano;Pessoal e Encargos Sociais;66618;66618;65729
Alto Araguaia;2023;Secretaria de Meio Ambiente e Desenv. Urbano;Outras Despesas Correntes;1388;1388;1388
Alto Araguaia;2023;Secretaria de Agricultura,pecuária e Abastecimento;Pessoal e Encargos Sociais;450449;450449;443715
Alto Araguaia;2023;Secretaria de Agricultura,pecuária e Abastecimento;Outras Despesas Correntes;89825;89825;89274
Alto Araguaia;2023;Secretaria de Agricultura,pecuária e Abastecimento;Investimentos;1022000;1022000;1022000
Alto Araguaia;2024;Gabinete do Prefeito;Pessoal e Encargos Sociais;2622552;2622552;2572575
Alto Araguaia;2024;Gabinete do Prefeito;Outras Despesas Correntes;181810;181810;181810
Alto Araguaia;2024;Camara Municipal;Pessoal e Encargos Sociais;4137868;4137868;4126515
Alto Araguaia;2024;Camara Municipal;Outras Despesas Correntes;1720367;1703411;1703411
Alto Araguaia;2024;Camara Municipal;Investimentos;302452;302452;302452
Alto Araguaia;2024;Secretaria de Administração;Pessoal e Encargos Sociais;3683138;3683138;3602096
Alto Araguaia;2024;Secretaria de Administração;Outras Despesas Correntes;4702525;4702525;4199686
Alto Araguaia;2024;Secretaria de Saúde;Pessoal e Encargos Sociais;20364923;20364923;19861355
Alto Araguaia;2024;Secretaria de Saúde;Outras Despesas Correntes;30395716;29167728;26106034
Alto Araguaia;2024;Secretaria de Saúde;Investimentos;510507;510507;510507
Alto Araguaia;2024;Secretaria de Educação;Pessoal e Encargos Sociais;18545615;18545615;17882946
Alto Araguaia;2024;Secretaria de Educação;Outras Despesas Correntes;13818170;13799717;12540783
Alto Araguaia;2024;Secretaria de Educação;Investimentos;7250862;7250862;7212415
Alto Araguaia;2024;Secretaria de Obras;Pessoal e Encargos Sociais;1659659;1659659;1626179
Alto Araguaia;2024;Secretaria de Obras;Outras Despesas Correntes;1512960;1488960;1443132
Alto Araguaia;2024;Secretaria de Obras;Investimentos;1875270;1875270;1767270
Alto Araguaia;2024;Secretaria de Infra-estrutura e Serviços Urbanos;Pessoal e Encargos Sociais;5461019;5461019;5344737
Alto Araguaia;2024;Secretaria de Infra-estrutura e Serviços Urbanos;Outras Despesas Correntes;5533204;5533204;5128484
Alto Araguaia;2024;Secretaria de Infra-estrutura e Serviços Urbanos;Investimentos;6226249;6226249;6208455
Alto Araguaia;2024;Secretaria de Finanças e Planejamento;Pessoal e Encargos Sociais;2422099;2422099;2365067
Alto Araguaia;2024;Secretaria de Finanças e Planejamento;Juros e Encargos da Dívida;2691268;2691268;2691268
Alto Araguaia;2024;Secretaria de Finanças e Planejamento;Outras Despesas Correntes;6322905;6320504;5498266
Alto Araguaia;2024;Secretaria de Finanças e Planejamento;Amortização da Dívida;2551000;2551000;2551000
Alto Araguaia;2024;Secretaria de Cultura, Esporte, Lazer e Turismo;Pessoal e Encargos Sociais;791602;791602;769738
Alto Araguaia;2024;Secretaria de Cultura, Esporte, Lazer e Turismo;Outras Despesas Correntes;1670714;1670714;1619474
Alto Araguaia;2024;Secretaria de Assistência e Desenvolvimento Social;Pessoal e Encargos Sociais;4343484;4343484;4262290
Alto Araguaia;2024;Secretaria de Assistência e Desenvolvimento Social;Outras Despesas Correntes;4521713;4521713;4190013
Alto Araguaia;2024;Secretaria de Assistência e Desenvolvimento Social;Investimentos;1896946;1896946;1896150
Alto Araguaia;2024;Secretaria de Indústria, Comércio e Serviços;Pessoal e Encargos Sociais;190316;190316;186680
Alto Araguaia;2024;Secretaria de Indústria, Comércio e Serviços;Outras Despesas Correntes;520;520;520
Alto Araguaia;2024;Secretaria de Transporte e Frotas;Pessoal e Encargos Sociais;1496034;1496034;1435278
Alto Araguaia;2024;Secretaria de Transporte e Frotas;Outras Despesas Correntes;1559997;1559997;1521990
Alto Araguaia;2024;Previmar - Fundo Municipal de Previdencia Social dos Servidores de Alto Araguaia;Pessoal e Encargos Sociais;11460650;11460650;11460650
Alto Araguaia;2024;Previmar - Fundo Municipal de Previdencia Social dos Servidores de Alto Araguaia;Outras Despesas Correntes;287602;286762;286762
Alto Araguaia;2024;Secretaria de Meio Ambiente e Desenv. Urbano;Pessoal e Encargos Sociais;95819;95819;93765
Alto Araguaia;2024;Secretaria de Meio Ambiente e Desenv. Urbano;Outras Despesas Correntes;520;520;520
Alto Araguaia;2024;Secretaria de Agricultura,pecuária e Abastecimento;Pessoal e Encargos Sociais;541172;541172;534486
Alto Araguaia;2024;Secretaria de Agricultura,pecuária e Abastecimento;Outras Despesas Correntes;78481;78481;76099
Alto Araguaia;2025;Gabinete do Prefeito;Pessoal e Encargos Sociais;2614883;2614883;2559222
Alto Araguaia;2025;Gabinete do Prefeito;Outras Despesas Correntes;213460;213460;213460
Alto Araguaia;2025;Gabinete do Prefeito;Investimentos;8360;8360;8360
Alto Araguaia;2025;Camara Municipal;Pessoal e Encargos Sociais;4578064;4578064;4578064
Alto Araguaia;2025;Camara Municipal;Outras Despesas Correntes;1708880;1645491;1645491
Alto Araguaia;2025;Camara Municipal;Investimentos;50479;2399;2399
Alto Araguaia;2025;Secretaria de Administração;Pessoal e Encargos Sociais;3785116;3785116;3689930
Alto Araguaia;2025;Secretaria de Administração;Outras Despesas Correntes;3762792;3573087;3362646
Alto Araguaia;2025;Secretaria de Administração;Investimentos;6750;6750;6750
Alto Araguaia;2025;Secretaria de Saúde;Pessoal e Encargos Sociais;20954483;20954483;20336802
Alto Araguaia;2025;Secretaria de Saúde;Outras Despesas Correntes;24082458;23428382;23266351
Alto Araguaia;2025;Secretaria de Saúde;Investimentos;2371820;830299;830299
Alto Araguaia;2025;Secretaria de Educação;Pessoal e Encargos Sociais;21237065;21237065;20353171
Alto Araguaia;2025;Secretaria de Educação;Outras Despesas Correntes;11985803;11841202;11411700
Alto Araguaia;2025;Secretaria de Educação;Investimentos;3750839;3250112;3250112
Alto Araguaia;2025;Secretaria de Obras;Pessoal e Encargos Sociais;1694329;1685644;1644110
Alto Araguaia;2025;Secretaria de Obras;Outras Despesas Correntes;615524;603377;595690
Alto Araguaia;2025;Secretaria de Infra-estrutura e Serviços Urbanos;Pessoal e Encargos Sociais;4834979;4834979;4723642
Alto Araguaia;2025;Secretaria de Infra-estrutura e Serviços Urbanos;Outras Despesas Correntes;4407827;4342546;4224317
Alto Araguaia;2025;Secretaria de Infra-estrutura e Serviços Urbanos;Investimentos;397921;285943;285943
Alto Araguaia;2025;Secretaria de Finanças e Planejamento;Pessoal e Encargos Sociais;2234830;2234830;2181395
Alto Araguaia;2025;Secretaria de Finanças e Planejamento;Juros e Encargos da Dívida;2771640;2771640;2769086
Alto Araguaia;2025;Secretaria de Finanças e Planejamento;Outras Despesas Correntes;2182106;2107539;1839004
Alto Araguaia;2025;Secretaria de Finanças e Planejamento;Investimentos;1780;1780;1780
Alto Araguaia;2025;Secretaria de Finanças e Planejamento;Amortização da Dívida;2912838;2912838;2912838
Alto Araguaia;2025;Secretaria de Cultura, Esporte, Lazer e Turismo;Pessoal e Encargos Sociais;1084579;1084579;1055426
Alto Araguaia;2025;Secretaria de Cultura, Esporte, Lazer e Turismo;Outras Despesas Correntes;276678;273390;270645
Alto Araguaia;2025;Secretaria de Cultura, Esporte, Lazer e Turismo;Investimentos;367500;150090;150090
Alto Araguaia;2025;Secretaria de Assistência e Desenvolvimento Social;Pessoal e Encargos Sociais;3532411;3532411;3452227
Alto Araguaia;2025;Secretaria de Assistência e Desenvolvimento Social;Outras Despesas Correntes;3515823;3511206;3442798
Alto Araguaia;2025;Secretaria de Assistência e Desenvolvimento Social;Investimentos;1861545;257077;255877
Alto Araguaia;2025;Secretaria de Indústria, Comércio e Serviços;Pessoal e Encargos Sociais;289127;289127;281326
Alto Araguaia;2025;Secretaria de Indústria, Comércio e Serviços;Outras Despesas Correntes;20183;20183;20000
Alto Araguaia;2025;Secretaria de Transporte e Frotas;Pessoal e Encargos Sociais;1449280;1449280;1219555
Alto Araguaia;2025;Secretaria de Transporte e Frotas;Outras Despesas Correntes;649942;649942;649942
Alto Araguaia;2025;Previmar - Fundo Municipal de Previdencia Social dos Servidores de Alto Araguaia;Pessoal e Encargos Sociais;13103507;13103507;13103507
Alto Araguaia;2025;Previmar - Fundo Municipal de Previdencia Social dos Servidores de Alto Araguaia;Outras Despesas Correntes;707865;701676;701676
Alto Araguaia;2025;Previmar - Fundo Municipal de Previdencia Social dos Servidores de Alto Araguaia;Investimentos;6400;6400;6400
Alto Araguaia;2025;Secretaria de Meio Ambiente e Desenv. Urbano;Pessoal e Encargos Sociais;163783;163783;160066
Alto Araguaia;2025;Secretaria de Meio Ambiente e Desenv. Urbano;Outras Despesas Correntes;2472;2472;0
Alto Araguaia;2025;Secretaria de Agricultura,pecuária e Abastecimento;Pessoal e Encargos Sociais;368735;368735;364295
Alto Araguaia;2025;Secretaria de Agricultura,pecuária e Abastecimento;Outras Despesas Correntes;96732;96732;84282
Alto Araguaia;2026;Gabinete do Prefeito;Pessoal e Encargos Sociais;1699453;1699453;1661032
Alto Araguaia;2026;Gabinete do Prefeito;Outras Despesas Correntes;187190;118340;118290
Alto Araguaia;2026;Camara Municipal;Pessoal e Encargos Sociais;2615481;2615481;2592182
Alto Araguaia;2026;Camara Municipal;Outras Despesas Correntes;1282561;931462;930471
Alto Araguaia;2026;Camara Municipal;Investimentos;29970;4020;4020
Alto Araguaia;2026;Secretaria de Administração;Pessoal e Encargos Sociais;1967622;1967622;1924223
Alto Araguaia;2026;Secretaria de Administração;Outras Despesas Correntes;2597228;1381026;1360774
Alto Araguaia;2026;Secretaria de Administração;Investimentos;97127;40689;37789
Alto Araguaia;2026;Secretaria de Saúde;Pessoal e Encargos Sociais;12690240;12579851;12301552
Alto Araguaia;2026;Secretaria de Saúde;Outras Despesas Correntes;17224917;9076729;8980468
Alto Araguaia;2026;Secretaria de Saúde;Investimentos;1480819;750558;680168
Alto Araguaia;2026;Secretaria de Educação e Cultura;Pessoal e Encargos Sociais;11968921;11968921;11663999
Alto Araguaia;2026;Secretaria de Educação e Cultura;Outras Despesas Correntes;8201180;5796062;5654065
Alto Araguaia;2026;Secretaria de Educação e Cultura;Investimentos;2437419;684383;684383
Alto Araguaia;2026;Secretaria de Obras;Pessoal e Encargos Sociais;1015756;955457;933526
Alto Araguaia;2026;Secretaria de Obras;Outras Despesas Correntes;368774;320863;317606
Alto Araguaia;2026;Secretaria de Obras;Investimentos;33849;26388;23468
Alto Araguaia;2026;Secretaria de Infra-estrutura e Serviços Urbanos;Pessoal e Encargos Sociais;2782372;2782372;2723090
Alto Araguaia;2026;Secretaria de Infra-estrutura e Serviços Urbanos;Outras Despesas Correntes;5061660;3483947;3391072
Alto Araguaia;2026;Secretaria de Infra-estrutura e Serviços Urbanos;Investimentos;3491940;59035;59035
Alto Araguaia;2026;Secretaria de Finanças e Planejamento;Pessoal e Encargos Sociais;1405379;1405379;1372942
Alto Araguaia;2026;Secretaria de Finanças e Planejamento;Juros e Encargos da Dívida;2089000;1450689;1450689
Alto Araguaia;2026;Secretaria de Finanças e Planejamento;Outras Despesas Correntes;1441552;1177651;1054658
Alto Araguaia;2026;Secretaria de Finanças e Planejamento;Investimentos;1275;1275;1275
Alto Araguaia;2026;Secretaria de Finanças e Planejamento;Amortização da Dívida;4613941;3895003;3895003
Alto Araguaia;2026;Secretaria de Assistência e Desenvolvimento Social;Pessoal e Encargos Sociais;2131121;2131121;2015457
Alto Araguaia;2026;Secretaria de Assistência e Desenvolvimento Social;Outras Despesas Correntes;3455729;2038568;2018524
Alto Araguaia;2026;Secretaria de Assistência e Desenvolvimento Social;Investimentos;743503;227782;227152
Alto Araguaia;2026;Secretaria de Transporte e Frotas;Pessoal e Encargos Sociais;745307;745307;730524
Alto Araguaia;2026;Secretaria de Transporte e Frotas;Outras Despesas Correntes;41196;41196;38396
Alto Araguaia;2026;Previmar - Fundo Municipal de Previdencia Social dos Servidores de Alto Araguaia;Pessoal e Encargos Sociais;8192698;8152229;8152229
Alto Araguaia;2026;Previmar - Fundo Municipal de Previdencia Social dos Servidores de Alto Araguaia;Outras Despesas Correntes;367142;238117;238117
Alto Araguaia;2026;Previmar - Fundo Municipal de Previdencia Social dos Servidores de Alto Araguaia;Investimentos;8989;8989;8989
Alto Araguaia;2026;Secretaria de Meio Ambiente e Desenv. Urbano;Pessoal e Encargos Sociais;23707;23707;23707
Alto Araguaia;2026;Secretaria de Meio Ambiente e Desenv. Urbano;Outras Despesas Correntes;2595;2595;2395
Alto Araguaia;2026;Secretaria de Agricultura,pecuária e Abastecimento;Pessoal e Encargos Sociais;227822;227822;222981
Alto Araguaia;2026;Secretaria de Agricultura,pecuária e Abastecimento;Outras Despesas Correntes;124991;109946;107746
Alto Araguaia;2026;Secretaria de Esporte, Lazer e Turismo;Pessoal e Encargos Sociais;575012;575012;562615
Alto Araguaia;2026;Secretaria de Esporte, Lazer e Turismo;Outras Despesas Correntes;344770;201946;186569
Alto Araguaia;2026;Secretaria de Esporte, Lazer e Turismo;Investimentos;1400;0;0
Alto Araguaia;2026;Secretaria de Indústria, Comércio e Serviços e Empregos;Pessoal e Encargos Sociais;252612;252612;246196
Alto Araguaia;2026;Secretaria de Indústria, Comércio e Serviços e Empregos;Outras Despesas Correntes;2619;2619;2610
Alto Araguaia;2026;Secretaria de Indústria, Comércio e Serviços e Empregos;Investimentos;2590;2590;0
Arenápolis;2021;Secretaria Municipal de Assistencia Social;Pessoal e Encargos Sociais;588991;588991;588991
Arenápolis;2021;Secretaria Municipal de Assistencia Social;Outras Despesas Correntes;391478;374129;338940
Arenápolis;2021;Secretaria Municipal de Assistencia Social;Investimentos;139515;139515;136825
Arenápolis;2021;Secretaria Municipal de Saude;Pessoal e Encargos Sociais;5233230;5233230;5233230
Arenápolis;2021;Secretaria Municipal de Saude;Outras Despesas Correntes;13385207;12418985;12275129
Arenápolis;2021;Secretaria Municipal de Saude;Investimentos;525297;355691;355681
Arenápolis;2021;Secretaria Municipal de Governo;Pessoal e Encargos Sociais;916657;916657;916657
Arenápolis;2021;Secretaria Municipal de Governo;Outras Despesas Correntes;270923;270923;267895
Arenápolis;2021;Secretaria Municipal de Governo;Investimentos;11639;11639;11639
Arenápolis;2021;Secretaria Municipal de Gestao;Pessoal e Encargos Sociais;1643884;1643884;1643847
Arenápolis;2021;Secretaria Municipal de Gestao;Outras Despesas Correntes;1248105;1242605;1140023
Arenápolis;2021;Secretaria Municipal de Gestao;Investimentos;28726;28726;18502
Arenápolis;2021;Secretaria Municipal de Gestao;Amortização da Dívida;510089;510089;510089
Arenápolis;2021;Secretaria Municipal de Infraestrutura e Transportes;Pessoal e Encargos Sociais;1744926;1744926;1744926
Arenápolis;2021;Secretaria Municipal de Infraestrutura e Transportes;Outras Despesas Correntes;2507346;2476221;2414130
Arenápolis;2021;Secretaria Municipal de Infraestrutura e Transportes;Investimentos;3501138;1470768;1469569
Arenápolis;2021;Secr Mun. Desenvolvimento Economico e Agropecuario;Pessoal e Encargos Sociais;157815;157815;157815
Arenápolis;2021;Secr Mun. Desenvolvimento Economico e Agropecuario;Outras Despesas Correntes;435548;357082;336043
Arenápolis;2021;Secr Mun de Educacao Cultura Desporto e Lazer;Pessoal e Encargos Sociais;5773340;5773340;5773340
Arenápolis;2021;Secr Mun de Educacao Cultura Desporto e Lazer;Outras Despesas Correntes;1559205;1559205;1543605
Arenápolis;2021;Secr Mun de Educacao Cultura Desporto e Lazer;Investimentos;1477313;525797;523018
Arenápolis;2021;Camara Municipal de Arenapolis;Pessoal e Encargos Sociais;705007;705007;705007
Arenápolis;2021;Camara Municipal de Arenapolis;Outras Despesas Correntes;361728;361728;361728
Arenápolis;2021;Camara Municipal de Arenapolis;Investimentos;55265;55265;55265
Arenápolis;2021;Secretaria Municipal de Representacao Instituciona;Pessoal e Encargos Sociais;53978;53978;53978
Arenápolis;2021;Secretaria Municipal de Representacao Instituciona;Outras Despesas Correntes;600;600;590
Arenápolis;2022;Secretaria Municipal de Administracao;Pessoal e Encargos Sociais;1364662;1364662;1329552
Arenápolis;2022;Secretaria Municipal de Administracao;Outras Despesas Correntes;714733;695933;527268
Arenápolis;2022;Secretaria Municipal de Administracao;Investimentos;31180;31180;31180
Arenápolis;2022;Secretaria Municipal de Assistencia Social;Pessoal e Encargos Sociais;793883;793883;781342
Arenápolis;2022;Secretaria Municipal de Assistencia Social;Outras Despesas Correntes;704174;704174;604327
Arenápolis;2022;Secretaria Municipal de Assistencia Social;Investimentos;188962;178002;178002
Arenápolis;2022;Secretaria Municipal de Saude;Pessoal e Encargos Sociais;6431194;6431194;6333621
Arenápolis;2022;Secretaria Municipal de Saude;Outras Despesas Correntes;15835180;14177436;14002293
Arenápolis;2022;Secretaria Municipal de Saude;Investimentos;4471539;4101539;4101539
Arenápolis;2022;Secretaria Municipal de Fazenda;Pessoal e Encargos Sociais;938786;938786;927264
Arenápolis;2022;Secretaria Municipal de Fazenda;Outras Despesas Correntes;696282;694832;642775
Arenápolis;2022;Secretaria Municipal de Fazenda;Investimentos;7559;7559;7559
Arenápolis;2022;Secretaria Municipal de Fazenda;Amortização da Dívida;469789;469789;469789
Arenápolis;2022;Camara Municipal de Vereadores de Arenapolis;Pessoal e Encargos Sociais;927634;924604;912731
Arenápolis;2022;Camara Municipal de Vereadores de Arenapolis;Outras Despesas Correntes;329904;329904;284537
Arenápolis;2022;Camara Municipal de Vereadores de Arenapolis;Investimentos;9599;9599;9599
Arenápolis;2022;Camara Municipal de Arenapolis;Pessoal e Encargos Sociais;918893;918893;918893
Arenápolis;2022;Camara Municipal de Arenapolis;Outras Despesas Correntes;476168;476168;476168
Arenápolis;2022;Camara Municipal de Arenapolis;Investimentos;59025;59025;59025
Arenápolis;2022;Secr Mun de Educacao e Cultura;Pessoal e Encargos Sociais;7582948;7582948;7577311
Arenápolis;2022;Secr Mun de Educacao e Cultura;Outras Despesas Correntes;6587858;5801626;5630446
Arenápolis;2022;Secr Mun de Educacao e Cultura;Investimentos;2571409;1038432;1038432
Arenápolis;2022;Secretaria Munic. Transporte Obras Serv. Publicos;Pessoal e Encargos Sociais;2206945;2206945;2172871
Arenápolis;2022;Secretaria Munic. Transporte Obras Serv. Publicos;Outras Despesas Correntes;3983692;3793499;3520925
Arenápolis;2022;Secretaria Munic. Transporte Obras Serv. Publicos;Investimentos;12421981;2747215;2731625
Arenápolis;2022;Secretaria Munic. Agricultura e Meio Ambiente;Pessoal e Encargos Sociais;216436;216436;213399
Arenápolis;2022;Secretaria Munic. Agricultura e Meio Ambiente;Outras Despesas Correntes;284796;284796;245484
Arenápolis;2022;Secretaria Munic. Agricultura e Meio Ambiente;Investimentos;475026;317776;317776
Arenápolis;2022;Secretaria Munic. de Representacao Institucional;Pessoal e Encargos Sociais;94211;94211;92948
Arenápolis;2022;Secretaria Munic. Desporto Lazer e Turismo;Pessoal e Encargos Sociais;137825;137825;135977
Arenápolis;2022;Secretaria Munic. Desporto Lazer e Turismo;Outras Despesas Correntes;315751;88767;83715
Arenápolis;2023;Secretaria Municipal de Administracao;Pessoal e Encargos Sociais;1665238;1665238;1612874
Arenápolis;2023;Secretaria Municipal de Administracao;Outras Despesas Correntes;1295863;1290611;1202719
Arenápolis;2023;Secretaria Municipal de Administracao;Investimentos;40908;40908;37823
Arenápolis;2023;Secretaria Municipal de Assistencia Social;Pessoal e Encargos Sociais;836292;836292;823408
Arenápolis;2023;Secretaria Municipal de Assistencia Social;Outras Despesas Correntes;825701;825701;753855
Arenápolis;2023;Secretaria Municipal de Assistencia Social;Investimentos;115525;115525;109525
Arenápolis;2023;Secretaria Municipal de Saude;Pessoal e Encargos Sociais;7636068;7636068;7528064
Arenápolis;2023;Secretaria Municipal de Saude;Outras Despesas Correntes;13567412;13204427;12891240
Arenápolis;2023;Secretaria Municipal de Saude;Investimentos;403045;340496;339546
Arenápolis;2023;Secretaria Municipal de Fazenda;Pessoal e Encargos Sociais;942069;942069;930523
Arenápolis;2023;Secretaria Municipal de Fazenda;Outras Despesas Correntes;783401;780021;703931
Arenápolis;2023;Secretaria Municipal de Fazenda;Investimentos;13335;13335;10250
Arenápolis;2023;Secretaria Municipal de Fazenda;Amortização da Dívida;350815;350815;350815
Arenápolis;2023;Camara Municipal de Vereadores de Arenapolis;Pessoal e Encargos Sociais;1237585;1237585;1223500
Arenápolis;2023;Camara Municipal de Vereadores de Arenapolis;Outras Despesas Correntes;387942;381942;364262
Arenápolis;2023;Camara Municipal de Vereadores de Arenapolis;Investimentos;15499;15499;15499
Arenápolis;2023;Camara Municipal de Arenapolis;Pessoal e Encargos Sociais;1088711;1088711;1088711
Arenápolis;2023;Camara Municipal de Arenapolis;Outras Despesas Correntes;629706;629706;629706
Arenápolis;2023;Camara Municipal de Arenapolis;Investimentos;10737;10737;10737
Arenápolis;2023;Secr Mun de Educacao e Cultura;Pessoal e Encargos Sociais;9746436;9746436;9738637
Arenápolis;2023;Secr Mun de Educacao e Cultura;Outras Despesas Correntes;5725399;5158192;4745737
Arenápolis;2023;Secr Mun de Educacao e Cultura;Investimentos;621218;424918;300181
Arenápolis;2023;Secretaria Munic. Transporte Obras Serv. Publicos;Pessoal e Encargos Sociais;2137156;2137156;2111649
Arenápolis;2023;Secretaria Munic. Transporte Obras Serv. Publicos;Outras Despesas Correntes;4146028;4118806;3915753
Arenápolis;2023;Secretaria Munic. Transporte Obras Serv. Publicos;Investimentos;3531312;1657001;1657001
Arenápolis;2023;Secretaria Munic. Agricultura e Meio Ambiente;Pessoal e Encargos Sociais;243034;243034;239655
Arenápolis;2023;Secretaria Munic. Agricultura e Meio Ambiente;Outras Despesas Correntes;285101;285101;255870
Arenápolis;2023;Secretaria Munic. Agricultura e Meio Ambiente;Investimentos;220989;220989;220989
Arenápolis;2023;Secretaria Munic. de Representacao Institucional;Pessoal e Encargos Sociais;51274;51274;51274
Arenápolis;2023;Secretaria Munic. de Representacao Institucional;Outras Despesas Correntes;2430;2430;2430
Arenápolis;2023;Secretaria Municipal de Desporto, Lazer e Turismo;Pessoal e Encargos Sociais;141177;141177;139317
Arenápolis;2023;Secretaria Municipal de Desporto, Lazer e Turismo;Outras Despesas Correntes;384577;384207;359159
Arenápolis;2023;Secretaria Municipal de Desporto, Lazer e Turismo;Investimentos;355021;345948;342149
Arenápolis;2024;Gabinete do Prefeito;Pessoal e Encargos Sociais;1367411;1367411;1367411
Arenápolis;2024;Gabinete do Prefeito;Outras Despesas Correntes;421487;421487;420914
Arenápolis;2024;Gabinete do Prefeito;Investimentos;13490;13490;13490
Arenápolis;2024;Secretaria Municipal de Administracao;Pessoal e Encargos Sociais;1534186;1534186;1534186
Arenápolis;2024;Secretaria Municipal de Administracao;Outras Despesas Correntes;1413123;1396623;1389257
Arenápolis;2024;Secretaria Municipal de Administracao;Investimentos;21778;21778;21778
Arenápolis;2024;Secretaria Municipal de Assistencia Social;Pessoal e Encargos Sociais;1061679;1061679;1061679
Arenápolis;2024;Secretaria Municipal de Assistencia Social;Outras Despesas Correntes;837750;836250;834690
Arenápolis;2024;Secretaria Municipal de Assistencia Social;Investimentos;5599217;1457768;1457768
Arenápolis;2024;Secretaria Municipal de Saude;Pessoal e Encargos Sociais;8355036;8355036;8355036
Arenápolis;2024;Secretaria Municipal de Saude;Outras Despesas Correntes;15124034;15018995;15014591
Arenápolis;2024;Secretaria Municipal de Saude;Investimentos;942044;147544;147544
Arenápolis;2024;Secretaria Municipal de Fazenda;Pessoal e Encargos Sociais;1102383;1102383;1102383
Arenápolis;2024;Secretaria Municipal de Fazenda;Outras Despesas Correntes;1019066;1019066;962633
Arenápolis;2024;Secretaria Municipal de Fazenda;Amortização da Dívida;388394;388394;388394
Arenápolis;2024;Camara Municipal de Arenapolis;Pessoal e Encargos Sociais;1246296;1246296;1246296
Arenápolis;2024;Camara Municipal de Arenapolis;Outras Despesas Correntes;698329;698329;698329
Arenápolis;2024;Camara Municipal de Arenapolis;Investimentos;29353;29353;29353
Arenápolis;2024;Secr Mun de Educacao e Cultura;Pessoal e Encargos Sociais;9915002;9915002;9915002
Arenápolis;2024;Secr Mun de Educacao e Cultura;Outras Despesas Correntes;9629027;9134605;8643450
Arenápolis;2024;Secr Mun de Educacao e Cultura;Investimentos;1738138;442238;235458
Arenápolis;2024;Secretaria Munic. Agricultura e Meio Ambiente;Pessoal e Encargos Sociais;292846;292846;292846
Arenápolis;2024;Secretaria Munic. Agricultura e Meio Ambiente;Outras Despesas Correntes;458638;458638;458638
Arenápolis;2024;Secretaria Municipal de Convenios, Licitacoes e Contratos;Pessoal e Encargos Sociais;56452;56452;56452
Arenápolis;2024;Secretaria Munic. Transporte, Obras Serv. Publicos;Pessoal e Encargos Sociais;2399988;2399988;2399988
Arenápolis;2024;Secretaria Munic. Transporte, Obras Serv. Publicos;Outras Despesas Correntes;5073320;5073320;5070799
Arenápolis;2024;Secretaria Munic. Transporte, Obras Serv. Publicos;Investimentos;1768153;724762;724762
Arenápolis;2024;Secretaria Munic. Desporto, Lazer e Turismo;Pessoal e Encargos Sociais;182638;182638;182638
Arenápolis;2024;Secretaria Munic. Desporto, Lazer e Turismo;Outras Despesas Correntes;440703;440703;440703
Arenápolis;2025;Gabinete do Prefeito;Pessoal e Encargos Sociais;2258882;2258882;2237090
Arenápolis;2025;Gabinete do Prefeito;Outras Despesas Correntes;468493;468493;466977
Arenápolis;2025;Gabinete do Prefeito;Investimentos;2890;2890;2890
Arenápolis;2025;Secretaria Municipal de Administracao;Pessoal e Encargos Sociais;1608213;1608213;1584430
Arenápolis;2025;Secretaria Municipal de Administracao;Outras Despesas Correntes;2530784;2529284;2529239
Arenápolis;2025;Secretaria Municipal de Administracao;Investimentos;79085;79085;79085
Arenápolis;2025;Secretaria Municipal de Assistencia Social;Pessoal e Encargos Sociais;1197424;1197424;1174811
Arenápolis;2025;Secretaria Municipal de Assistencia Social;Outras Despesas Correntes;1105592;1105592;1105457
Arenápolis;2025;Secretaria Municipal de Assistencia Social;Investimentos;60433;60433;60433
Arenápolis;2025;Secretaria Municipal de Saude;Pessoal e Encargos Sociais;8881977;8881977;8665956
Arenápolis;2025;Secretaria Municipal de Saude;Outras Despesas Correntes;19874265;19853005;19840047
Arenápolis;2025;Secretaria Municipal de Saude;Investimentos;794162;794162;794162
Arenápolis;2025;Secretaria Municipal de Educacao;Pessoal e Encargos Sociais;11483794;11483794;11480754
Arenápolis;2025;Secretaria Municipal de Educacao;Outras Despesas Correntes;6027365;5993110;5993110
Arenápolis;2025;Secretaria Municipal de Educacao;Investimentos;2310747;1858668;1623345
Arenápolis;2025;Secretaria Municipal de Fazenda;Pessoal e Encargos Sociais;1132061;1132061;1114672
Arenápolis;2025;Secretaria Municipal de Fazenda;Outras Despesas Correntes;1182062;1182062;1121508
Arenápolis;2025;Secretaria Municipal de Fazenda;Investimentos;8170;8170;8170
Arenápolis;2025;Secretaria Municipal de Fazenda;Amortização da Dívida;43196;43196;43196
Arenápolis;2025;Camara Municipal de Arenapolis;Pessoal e Encargos Sociais;1556559;1556559;1556559
Arenápolis;2025;Camara Municipal de Arenapolis;Outras Despesas Correntes;1089162;961101;961101
Arenápolis;2025;Camara Municipal de Arenapolis;Investimentos;72703;72703;72703
Arenápolis;2025;Secretaria Munic. Agricultura e Meio Ambiente;Pessoal e Encargos Sociais;387203;387203;379298
Arenápolis;2025;Secretaria Munic. Agricultura e Meio Ambiente;Outras Despesas Correntes;766198;766198;756198
Arenápolis;2025;Secretaria Munic. Agricultura e Meio Ambiente;Investimentos;33000;33000;33000
Arenápolis;2025;Secretaria Municipal de Esporte, Cultura, Lazer e Turismo;Pessoal e Encargos Sociais;270257;270257;265540
Arenápolis;2025;Secretaria Municipal de Esporte, Cultura, Lazer e Turismo;Outras Despesas Correntes;4481876;4409819;4041778
Arenápolis;2025;Secretaria Municipal de Convenios, Licitacoes e Contratos;Pessoal e Encargos Sociais;238693;238693;235342
Arenápolis;2025;Secretaria Municipal de Convenios, Licitacoes e Contratos;Outras Despesas Correntes;569;569;569
Arenápolis;2025;Secretaria Munic. Transporte, Obras Serv. Publicos;Pessoal e Encargos Sociais;2668043;2668043;2604759
Arenápolis;2025;Secretaria Munic. Transporte, Obras Serv. Publicos;Outras Despesas Correntes;5540297;5533497;5533367
Arenápolis;2025;Secretaria Munic. Transporte, Obras Serv. Publicos;Investimentos;7945117;3482887;3482874
Arenápolis;2026;Gabinete do Prefeito;Pessoal e Encargos Sociais;948439;948439;924015
Arenápolis;2026;Gabinete do Prefeito;Outras Despesas Correntes;385865;300632;300632
Arenápolis;2026;Secretaria Municipal de Administracao;Pessoal e Encargos Sociais;1066445;1066445;1035933
Arenápolis;2026;Secretaria Municipal de Administracao;Outras Despesas Correntes;1211710;1072504;1057487
Arenápolis;2026;Secretaria Municipal de Administracao;Investimentos;23681;21686;21686
Arenápolis;2026;Secretaria Municipal de Assistencia Social;Pessoal e Encargos Sociais;765521;765521;741297
Arenápolis;2026;Secretaria Municipal de Assistencia Social;Outras Despesas Correntes;797376;654874;612996
Arenápolis;2026;Secretaria Municipal de Assistencia Social;Investimentos;4279;0;0
Arenápolis;2026;Secretaria Municipal de Saude;Pessoal e Encargos Sociais;6199071;6199071;5994758
Arenápolis;2026;Secretaria Municipal de Saude;Outras Despesas Correntes;16661168;12116664;11672320
Arenápolis;2026;Secretaria Municipal de Saude;Investimentos;1114988;1114988;1114988
Arenápolis;2026;Secretaria Municipal de Fazenda;Pessoal e Encargos Sociais;708465;708465;686664
Arenápolis;2026;Secretaria Municipal de Fazenda;Outras Despesas Correntes;1508087;1270795;1171207
Arenápolis;2026;Secretaria Municipal de Fazenda;Investimentos;2540;2540;2540
Arenápolis;2026;Secretaria Municipal de Fazenda;Amortização da Dívida;460537;460537;460537
Arenápolis;2026;Camara Municipal de Arenapolis;Pessoal e Encargos Sociais;1064356;1064356;1058555
Arenápolis;2026;Camara Municipal de Arenapolis;Outras Despesas Correntes;989781;787208;787208
Arenápolis;2026;Camara Municipal de Arenapolis;Investimentos;311609;56609;56609
Arenápolis;2026;Secr Mun de Educacao e Cultura;Pessoal e Encargos Sociais;7701525;7701525;7477012
Arenápolis;2026;Secr Mun de Educacao e Cultura;Outras Despesas Correntes;4474873;4129220;4106242
Arenápolis;2026;Secr Mun de Educacao e Cultura;Investimentos;1009309;1009309;1009309
Arenápolis;2026;Secretaria Munic. Agricultura e Meio Ambiente;Pessoal e Encargos Sociais;257910;257910;249551
Arenápolis;2026;Secretaria Munic. Agricultura e Meio Ambiente;Outras Despesas Correntes;534302;450630;443533
Arenápolis;2026;Secretaria Munic. Agricultura e Meio Ambiente;Investimentos;27435;27435;27435
Arenápolis;2026;Secretaria Munic. Transporte, Obras Serv. Publicos;Pessoal e Encargos Sociais;2150522;2150522;2080965
Arenápolis;2026;Secretaria Munic. Transporte, Obras Serv. Publicos;Outras Despesas Correntes;4151242;3459700;3400781
Arenápolis;2026;Secretaria Munic. Transporte, Obras Serv. Publicos;Investimentos;4541624;697622;697622
Arenápolis;2026;Secretaria Munic. Desporto, Lazer e Turismo;Pessoal e Encargos Sociais;152956;152956;147603
Arenápolis;2026;Secretaria Munic. Desporto, Lazer e Turismo;Outras Despesas Correntes;4848461;3371006;3334889
Arenápolis;2026;Secretaria Munic. Convenios, Licitacoes e Contratos;Pessoal e Encargos Sociais;155604;155604;150281
Arenápolis;2026;Secretaria Munic. Convenios, Licitacoes e Contratos;Outras Despesas Correntes;473;473;473
Canarana;2021;Camara Municipal;Pessoal e Encargos Sociais;2228787;2228787;2228787
Canarana;2021;Camara Municipal;Outras Despesas Correntes;1012236;1012236;1012236
Canarana;2021;Camara Municipal;Investimentos;57945;57945;57945
Canarana;2021;Secretaria Municipal de Educação e Cultura;Pessoal e Encargos Sociais;19263377;19263377;19221222
Canarana;2021;Secretaria Municipal de Educação e Cultura;Outras Despesas Correntes;8310821;8301496;7907769
Canarana;2021;Secretaria Municipal de Educação e Cultura;Investimentos;5703595;5703595;4187095
Canarana;2021;Secretaria Municipal de Finanças;Pessoal e Encargos Sociais;1715089;1715089;1692675
Canarana;2021;Secretaria Municipal de Finanças;Juros e Encargos da Dívida;1128081;1128081;1128081
Canarana;2021;Secretaria Municipal de Finanças;Outras Despesas Correntes;2254359;2254359;2134441
Canarana;2021;Secretaria Municipal de Finanças;Investimentos;9160;9160;9160
Canarana;2021;Secretaria Municipal de Finanças;Amortização da Dívida;287372;287372;287372
Canarana;2021;Secretaria Municipal de Saúde e Saneamento;Pessoal e Encargos Sociais;20367697;20367697;20175130
Canarana;2021;Secretaria Municipal de Saúde e Saneamento;Outras Despesas Correntes;16700399;16684986;16683572
Canarana;2021;Secretaria Municipal de Saúde e Saneamento;Investimentos;1796857;1536907;1536907
Canarana;2021;Secretaria Municipal de Esportes e Lazer;Pessoal e Encargos Sociais;606260;606260;596939
Canarana;2021;Secretaria Municipal de Esportes e Lazer;Outras Despesas Correntes;899060;899060;899060
Canarana;2021;Secretaria Municipal de Esportes e Lazer;Investimentos;158510;158510;158510
Canarana;2021;Secretaria Mun. de Assistência Social;Pessoal e Encargos Sociais;1958204;1958204;1922869
Canarana;2021;Secretaria Mun. de Assistência Social;Outras Despesas Correntes;2258540;2258540;2257140
Canarana;2021;Secretaria Mun. de Assistência Social;Investimentos;188521;188521;188521
Canarana;2021;Secretaria Mun. Desenvol. Sócioeconômico e Turisti;Pessoal e Encargos Sociais;280348;280348;273056
Canarana;2021;Secretaria Mun. Desenvol. Sócioeconômico e Turisti;Outras Despesas Correntes;306895;306895;306895
Canarana;2021;Secretaria Mun. de Administração e Serviços Gerais;Pessoal e Encargos Sociais;1646170;1646170;1621444
Canarana;2021;Secretaria Mun. de Administração e Serviços Gerais;Outras Despesas Correntes;2627031;2624791;2624791
Canarana;2021;Secretaria Mun. de Administração e Serviços Gerais;Investimentos;181756;181756;181756
Canarana;2021;Secretaria Municipal de Obras, Estradas e Rodagens;Pessoal e Encargos Sociais;3393705;3393705;3352959
Canarana;2021;Secretaria Municipal de Obras, Estradas e Rodagens;Outras Despesas Correntes;23540648;23540648;23474303
Canarana;2021;Secretaria Municipal de Obras, Estradas e Rodagens;Investimentos;12796984;12506954;12413674
Canarana;2021;Secretaria Mun. de Agricultura e Meio Ambeinte;Pessoal e Encargos Sociais;703929;703929;696727
Canarana;2021;Secretaria Mun. de Agricultura e Meio Ambeinte;Outras Despesas Correntes;1435438;1435438;1435438
Canarana;2021;Secretaria Mun. de Agricultura e Meio Ambeinte;Investimentos;28036;28036;28036
Canarana;2021;Secretaria de Gestão Governamental;Pessoal e Encargos Sociais;1793448;1793448;1766968
Canarana;2021;Secretaria de Gestão Governamental;Outras Despesas Correntes;747412;739902;739902
Canarana;2021;Secretaria de Gestão Governamental;Investimentos;30200;30200;30200
Canarana;2021;Prevican-fundo Mun. Prev. Serv. Canarana;Pessoal e Encargos Sociais;5669667;5669667;5669667
Canarana;2021;Prevican-fundo Mun. Prev. Serv. Canarana;Outras Despesas Correntes;199883;189851;189601
Canarana;2021;Prevican-fundo Mun. Prev. Serv. Canarana;Investimentos;798;798;798
Canarana;2022;Camara Municipal;Pessoal e Encargos Sociais;2746143;2746143;2731013
Canarana;2022;Camara Municipal;Outras Despesas Correntes;1224334;1219284;1209755
Canarana;2022;Camara Municipal;Investimentos;109617;109617;109617
Canarana;2022;Secretaria Municipal de Educação e Cultura;Pessoal e Encargos Sociais;24198022;24194295;22801449
Canarana;2022;Secretaria Municipal de Educação e Cultura;Outras Despesas Correntes;17837318;16600963;14868349
Canarana;2022;Secretaria Municipal de Educação e Cultura;Investimentos;2915142;2915142;2735288
Canarana;2022;Secretaria Municipal de Finanças;Pessoal e Encargos Sociais;2212324;2212324;2002542
Canarana;2022;Secretaria Municipal de Finanças;Juros e Encargos da Dívida;1537299;1537299;1537299
Canarana;2022;Secretaria Municipal de Finanças;Outras Despesas Correntes;2425608;2425606;2394369
Canarana;2022;Secretaria Municipal de Finanças;Investimentos;38000;38000;25770
Canarana;2022;Secretaria Municipal de Finanças;Amortização da Dívida;509318;509318;509318
Canarana;2022;Secretaria Municipal de Saúde e Saneamento;Pessoal e Encargos Sociais;22142140;22142140;20080720
Canarana;2022;Secretaria Municipal de Saúde e Saneamento;Outras Despesas Correntes;26214272;26181549;24138257
Canarana;2022;Secretaria Municipal de Saúde e Saneamento;Investimentos;2555158;1937556;1885411
Canarana;2022;Secretaria Mun. de Assistência Social;Pessoal e Encargos Sociais;2534830;2534830;2319155
Canarana;2022;Secretaria Mun. de Assistência Social;Outras Despesas Correntes;3640730;3640730;3403374
Canarana;2022;Secretaria Mun. de Assistência Social;Investimentos;91710;91710;91710
Canarana;2022;Secretaria Mun. Desenvol. Sócioeconômico e Turisti;Pessoal e Encargos Sociais;342483;342483;292276
Canarana;2022;Secretaria Mun. Desenvol. Sócioeconômico e Turisti;Outras Despesas Correntes;1585054;1585054;1569171
Canarana;2022;Secretaria Mun. Desenvol. Sócioeconômico e Turisti;Investimentos;14870;14870;9600
Canarana;2022;Secretaria Mun. de Administração e Serviços Gerais;Pessoal e Encargos Sociais;1809483;1809271;1653529
Canarana;2022;Secretaria Mun. de Administração e Serviços Gerais;Outras Despesas Correntes;3281800;3270680;3153456
Canarana;2022;Secretaria Mun. de Administração e Serviços Gerais;Investimentos;41219;41219;36059
Canarana;2022;Secretaria Municipal de Obras, Estradas e Rodagens;Pessoal e Encargos Sociais;4016832;4016832;3654490
Canarana;2022;Secretaria Municipal de Obras, Estradas e Rodagens;Outras Despesas Correntes;25206886;25167132;21644028
Canarana;2022;Secretaria Municipal de Obras, Estradas e Rodagens;Investimentos;6635052;6629323;6037562
Canarana;2022;Secretaria Mun. de Agricultura e Meio Ambeinte;Pessoal e Encargos Sociais;895246;895246;831067
Canarana;2022;Secretaria Mun. de Agricultura e Meio Ambeinte;Outras Despesas Correntes;2234076;2232913;2078730
Canarana;2022;Secretaria Mun. de Agricultura e Meio Ambeinte;Investimentos;109613;109613;67938
Canarana;2022;Secretaria de Gestão Governamental;Pessoal e Encargos Sociais;2000196;2000196;1842982
Canarana;2022;Secretaria de Gestão Governamental;Outras Despesas Correntes;1547142;1535622;1531116
Canarana;2022;Secretaria de Gestão Governamental;Investimentos;55702;55702;43932
Canarana;2022;Prevican-fundo Mun. Prev. Serv. Canarana;Pessoal e Encargos Sociais;7091367;7091367;7091367
Canarana;2022;Prevican-fundo Mun. Prev. Serv. Canarana;Outras Despesas Correntes;281164;268343;266435
Canarana;2022;Prevican-fundo Mun. Prev. Serv. Canarana;Investimentos;7239;7239;7239
Canarana;2022;Secretaria Municipal de Juventude Esportes e Lazer;Pessoal e Encargos Sociais;984264;984264;754305
Canarana;2022;Secretaria Municipal de Juventude Esportes e Lazer;Outras Despesas Correntes;3111918;3111918;2873917
Canarana;2022;Secretaria Municipal de Juventude Esportes e Lazer;Investimentos;308425;308425;308425
Canarana;2023;Camara Municipal;Pessoal e Encargos Sociais;3080816;3080816;3064437
Canarana;2023;Camara Municipal;Outras Despesas Correntes;1611272;1563272;1560494
Canarana;2023;Camara Municipal;Investimentos;93349;93349;93349
Canarana;2023;Secretaria Municipal de Educação e Cultura;Pessoal e Encargos Sociais;33706693;33706693;31613059
Canarana;2023;Secretaria Municipal de Educação e Cultura;Outras Despesas Correntes;19549033;19520533;17799501
Canarana;2023;Secretaria Municipal de Educação e Cultura;Investimentos;2423326;2423326;2170428
Canarana;2023;Secretaria Municipal de Finanças;Pessoal e Encargos Sociais;2376222;2376222;2222133
Canarana;2023;Secretaria Municipal de Finanças;Juros e Encargos da Dívida;1814761;1814761;1814761
Canarana;2023;Secretaria Municipal de Finanças;Outras Despesas Correntes;3307205;3307205;3291762
Canarana;2023;Secretaria Municipal de Finanças;Investimentos;15260;15260;0
Canarana;2023;Secretaria Municipal de Finanças;Amortização da Dívida;8703055;8703055;8703055
Canarana;2023;Secretaria Municipal de Saúde e Saneamento;Pessoal e Encargos Sociais;22290585;22290585;21775997
Canarana;2023;Secretaria Municipal de Saúde e Saneamento;Outras Despesas Correntes;29164967;28840840;27597309
Canarana;2023;Secretaria Municipal de Saúde e Saneamento;Investimentos;2919997;2252684;2115500
Canarana;2023;Secretaria Municipal de Esportes e Lazer;Pessoal e Encargos Sociais;728269;728269;678113
Canarana;2023;Secretaria Municipal de Esportes e Lazer;Outras Despesas Correntes;2389822;2384062;2350734
Canarana;2023;Secretaria Municipal de Esportes e Lazer;Investimentos;790947;641947;641947
Canarana;2023;Secretaria Mun. de Assistência Social;Pessoal e Encargos Sociais;2900499;2900499;2685872
Canarana;2023;Secretaria Mun. de Assistência Social;Outras Despesas Correntes;3819451;3819451;3398374
Canarana;2023;Secretaria Mun. de Assistência Social;Investimentos;50650;50650;50650
Canarana;2023;Secretaria Mun. Desenvol. Sócioeconômico e Turisti;Pessoal e Encargos Sociais;380105;380105;349076
Canarana;2023;Secretaria Mun. Desenvol. Sócioeconômico e Turisti;Outras Despesas Correntes;1595857;1595857;1584423
Canarana;2023;Secretaria Mun. Desenvol. Sócioeconômico e Turisti;Investimentos;278245;278245;276955
Canarana;2023;Secretaria Mun. de Administração e Serviços Gerais;Pessoal e Encargos Sociais;2068242;2068242;1921734
Canarana;2023;Secretaria Mun. de Administração e Serviços Gerais;Outras Despesas Correntes;4130412;4130412;3805687
Canarana;2023;Secretaria Mun. de Administração e Serviços Gerais;Investimentos;27315;27315;21715
Canarana;2023;Secretaria Municipal de Obras, Estradas e Rodagens;Pessoal e Encargos Sociais;4435252;4435252;4118102
Canarana;2023;Secretaria Municipal de Obras, Estradas e Rodagens;Outras Despesas Correntes;40375555;40338055;37448365
Canarana;2023;Secretaria Municipal de Obras, Estradas e Rodagens;Investimentos;21261651;18699476;18676346
Canarana;2023;Secretaria Mun. de Agricultura e Meio Ambeinte;Pessoal e Encargos Sociais;1106326;1106326;1034569
Canarana;2023;Secretaria Mun. de Agricultura e Meio Ambeinte;Outras Despesas Correntes;1809795;1799052;1644330
Canarana;2023;Secretaria Mun. de Agricultura e Meio Ambeinte;Investimentos;123390;123390;123390
Canarana;2023;Secretaria de Gestão Governamental;Pessoal e Encargos Sociais;2639390;2639390;2435039
Canarana;2023;Secretaria de Gestão Governamental;Outras Despesas Correntes;1037151;1037151;985662
Canarana;2023;Secretaria de Gestão Governamental;Investimentos;33852;33852;15360
Canarana;2023;Prevican-fundo Mun. Prev. Serv. Canarana;Pessoal e Encargos Sociais;7530171;7530171;7529646
Canarana;2023;Prevican-fundo Mun. Prev. Serv. Canarana;Outras Despesas Correntes;340243;296947;281718
Canarana;2023;Prevican-fundo Mun. Prev. Serv. Canarana;Investimentos;2099;2099;2099
Canarana;2024;Camara Municipal;Pessoal e Encargos Sociais;3403383;3403383;3370059
Canarana;2024;Camara Municipal;Outras Despesas Correntes;1656207;1623000;1612212
Canarana;2024;Camara Municipal;Investimentos;38231;36496;36496
Canarana;2024;Secretaria Municipal de Educação e Cultura;Pessoal e Encargos Sociais;40438822;40438822;36079835
Canarana;2024;Secretaria Municipal de Educação e Cultura;Outras Despesas Correntes;21150296;21145796;19716358
Canarana;2024;Secretaria Municipal de Educação e Cultura;Investimentos;5061039;5061039;5061039
Canarana;2024;Secretaria Municipal de Finanças;Pessoal e Encargos Sociais;2134076;2134076;1969855
Canarana;2024;Secretaria Municipal de Finanças;Juros e Encargos da Dívida;1986503;1986503;1986503
Canarana;2024;Secretaria Municipal de Finanças;Outras Despesas Correntes;4038092;4038092;3996789
Canarana;2024;Secretaria Municipal de Finanças;Investimentos;13480;13480;13480
Canarana;2024;Secretaria Municipal de Finanças;Amortização da Dívida;7459462;7459462;7459462
Canarana;2024;Secretaria Municipal de Saúde e Saneamento;Pessoal e Encargos Sociais;26882741;26882741;24937163
Canarana;2024;Secretaria Municipal de Saúde e Saneamento;Outras Despesas Correntes;55541935;55402720;53704540
Canarana;2024;Secretaria Municipal de Saúde e Saneamento;Investimentos;1683403;1683403;1683403
Canarana;2024;Secretaria Municipal de Esportes e Lazer;Pessoal e Encargos Sociais;936906;936906;832504
Canarana;2024;Secretaria Municipal de Esportes e Lazer;Outras Despesas Correntes;3790088;3790088;3782297
Canarana;2024;Secretaria Municipal de Esportes e Lazer;Investimentos;1524991;1524991;1524991
Canarana;2024;Secretaria Mun. de Assistência Social;Pessoal e Encargos Sociais;3028389;3028389;2808816
Canarana;2024;Secretaria Mun. de Assistência Social;Outras Despesas Correntes;5013687;5013687;4142695
Canarana;2024;Secretaria Mun. de Assistência Social;Investimentos;5975380;5975380;5975380
Canarana;2024;Secretaria Mun. Desenvol. Sócioeconômico e Turisti;Pessoal e Encargos Sociais;422241;422241;365421
Canarana;2024;Secretaria Mun. Desenvol. Sócioeconômico e Turisti;Outras Despesas Correntes;4848214;4848214;4504404
Canarana;2024;Secretaria Mun. Desenvol. Sócioeconômico e Turisti;Investimentos;5900;5900;5900
Canarana;2024;Secretaria Mun. de Administração e Serviços Gerais;Pessoal e Encargos Sociais;2502874;2502874;2243268
Canarana;2024;Secretaria Mun. de Administração e Serviços Gerais;Outras Despesas Correntes;4516342;4516342;4269049
Canarana;2024;Secretaria Mun. de Administração e Serviços Gerais;Investimentos;12050;12050;12050
Canarana;2024;Secretaria Municipal de Obras, Estradas e Rodagens;Pessoal e Encargos Sociais;5285001;5285001;4747944
Canarana;2024;Secretaria Municipal de Obras, Estradas e Rodagens;Outras Despesas Correntes;32376999;32330124;30846475
Canarana;2024;Secretaria Municipal de Obras, Estradas e Rodagens;Investimentos;10894957;10894957;10123066
Canarana;2024;Secretaria Mun. de Agricultura e Meio Ambeinte;Pessoal e Encargos Sociais;1235056;1235056;1153930
Canarana;2024;Secretaria Mun. de Agricultura e Meio Ambeinte;Outras Despesas Correntes;2214980;2214980;1895877
Canarana;2024;Secretaria Mun. de Agricultura e Meio Ambeinte;Investimentos;771959;771959;771959
Canarana;2024;Secretaria de Gestão Governamental;Pessoal e Encargos Sociais;3277053;3277053;2807180
Canarana;2024;Secretaria de Gestão Governamental;Outras Despesas Correntes;1291096;1290536;1190218
Canarana;2024;Secretaria de Gestão Governamental;Investimentos;42455;42455;42455
Canarana;2024;Prevican-fundo Mun. Prev. Serv. Canarana;Pessoal e Encargos Sociais;8792549;8792549;8791999
Canarana;2024;Prevican-fundo Mun. Prev. Serv. Canarana;Outras Despesas Correntes;297464;263025;253262
Canarana;2024;Prevican-fundo Mun. Prev. Serv. Canarana;Investimentos;990;990;990
Canarana;2025;Camara Municipal;Pessoal e Encargos Sociais;4037984;4037984;4024814
Canarana;2025;Camara Municipal;Outras Despesas Correntes;2700040;2660349;2656711
Canarana;2025;Camara Municipal;Investimentos;289524;260421;260421
Canarana;2025;Secretaria Municipal de Educação e Cultura;Pessoal e Encargos Sociais;47245761;47245761;44105826
Canarana;2025;Secretaria Municipal de Educação e Cultura;Outras Despesas Correntes;19255266;19249266;18414208
Canarana;2025;Secretaria Municipal de Educação e Cultura;Investimentos;6114732;4569843;4295235
Canarana;2025;Secretaria Municipal de Finanças;Pessoal e Encargos Sociais;2319929;2319929;2249627
Canarana;2025;Secretaria Municipal de Finanças;Juros e Encargos da Dívida;1352900;1352900;1352900
Canarana;2025;Secretaria Municipal de Finanças;Outras Despesas Correntes;4501329;4501329;4501329
Canarana;2025;Secretaria Municipal de Finanças;Investimentos;12249;12249;12249
Canarana;2025;Secretaria Municipal de Finanças;Amortização da Dívida;5577776;5577776;5577776
Canarana;2025;Secretaria Municipal de Saúde e Saneamento;Pessoal e Encargos Sociais;31855392;31855392;30913779
Canarana;2025;Secretaria Municipal de Saúde e Saneamento;Outras Despesas Correntes;28937631;28864582;27827494
Canarana;2025;Secretaria Municipal de Saúde e Saneamento;Investimentos;1030456;1030456;926232
Canarana;2025;Secretaria Municipal de Esportes e Lazer;Pessoal e Encargos Sociais;1248142;1248142;1216107
Canarana;2025;Secretaria Municipal de Esportes e Lazer;Outras Despesas Correntes;1963356;1963356;1853078
Canarana;2025;Secretaria Municipal de Esportes e Lazer;Investimentos;335317;335317;335317
Canarana;2025;Secretaria Mun. de Assistência Social;Pessoal e Encargos Sociais;2844052;2844052;2782847
Canarana;2025;Secretaria Mun. de Assistência Social;Outras Despesas Correntes;2375044;2375044;2346449
Canarana;2025;Secretaria Mun. de Assistência Social;Investimentos;186904;186904;186904
Canarana;2025;Secretaria Mun. Desenvol. Sócioeconômico e Turisti;Pessoal e Encargos Sociais;614886;614886;576180
Canarana;2025;Secretaria Mun. Desenvol. Sócioeconômico e Turisti;Outras Despesas Correntes;608888;608888;586821
Canarana;2025;Secretaria Mun. Desenvol. Sócioeconômico e Turisti;Investimentos;28067;28067;15993
Canarana;2025;Secretaria Mun. de Administração e Serviços Gerais;Pessoal e Encargos Sociais;1991657;1991657;1952550
Canarana;2025;Secretaria Mun. de Administração e Serviços Gerais;Outras Despesas Correntes;4343655;4339155;3825330
Canarana;2025;Secretaria Mun. de Administração e Serviços Gerais;Investimentos;5650;5650;5650
Canarana;2025;Secretaria Municipal de Obras, Estradas e Rodagens;Pessoal e Encargos Sociais;5723847;5723847;5592179
Canarana;2025;Secretaria Municipal de Obras, Estradas e Rodagens;Outras Despesas Correntes;29974856;29974856;28682268
Canarana;2025;Secretaria Municipal de Obras, Estradas e Rodagens;Investimentos;22272951;22272951;17279836
Canarana;2025;Secretaria Municipal de Obras, Estradas e Rodagens;Amortização da Dívida;686733;686733;686733
Canarana;2025;Secretaria Mun. de Agricultura e Meio Ambeinte;Pessoal e Encargos Sociais;1560431;1560431;1526365
Canarana;2025;Secretaria Mun. de Agricultura e Meio Ambeinte;Outras Despesas Correntes;1502849;1502849;1395390
Canarana;2025;Secretaria Mun. de Agricultura e Meio Ambeinte;Investimentos;540669;360769;146069
Canarana;2025;Secretaria de Gestão Governamental;Pessoal e Encargos Sociais;3140152;3140152;3070280
Canarana;2025;Secretaria de Gestão Governamental;Outras Despesas Correntes;1206268;1205148;1203323
Canarana;2025;Secretaria de Gestão Governamental;Investimentos;27984;27984;21427
Canarana;2025;Prevican-fundo Mun. Prev. Serv. Canarana;Pessoal e Encargos Sociais;9958446;9958446;9953801
Canarana;2025;Prevican-fundo Mun. Prev. Serv. Canarana;Outras Despesas Correntes;531191;477245;475662
Canarana;2025;Prevican-fundo Mun. Prev. Serv. Canarana;Investimentos;28483;28483;28483
Canarana;2026;Câmara Municipal;Pessoal e Encargos Sociais;2956252;2930756;2893906
Canarana;2026;Câmara Municipal;Outras Despesas Correntes;2417023;1962058;1962058
Canarana;2026;Câmara Municipal;Investimentos;2322799;572799;572799
Canarana;2026;Secretaria Municipal de Educação e Cultura;Pessoal e Encargos Sociais;30978848;30978848;27132089
Canarana;2026;Secretaria Municipal de Educação e Cultura;Outras Despesas Correntes;18626994;16628873;11589249
Canarana;2026;Secretaria Municipal de Educação e Cultura;Investimentos;3634769;3614309;3286001
Canarana;2026;Secretaria Municipal de Finanças;Pessoal e Encargos Sociais;1618068;1618068;1381043
Canarana;2026;Secretaria Municipal de Finanças;Juros e Encargos da Dívida;3726275;3726275;3726275
Canarana;2026;Secretaria Municipal de Finanças;Outras Despesas Correntes;3233849;3224168;2976468
Canarana;2026;Secretaria Municipal de Finanças;Investimentos;27318;27318;27318
Canarana;2026;Secretaria Municipal de Finanças;Amortização da Dívida;3679653;3679653;3679653
Canarana;2026;Secretaria Municipal de Saúde e Saneamento;Pessoal e Encargos Sociais;19306394;19306394;16428149
Canarana;2026;Secretaria Municipal de Saúde e Saneamento;Outras Despesas Correntes;35886616;33019653;27539535
Canarana;2026;Secretaria Municipal de Saúde e Saneamento;Investimentos;2162709;1918327;1767632
Canarana;2026;Secretaria Municipal de Esportes e Lazer;Pessoal e Encargos Sociais;916770;916770;786975
Canarana;2026;Secretaria Municipal de Esportes e Lazer;Outras Despesas Correntes;3062747;3046790;2439600
Canarana;2026;Secretaria Municipal de Esportes e Lazer;Investimentos;145472;145472;145472
Canarana;2026;Secretaria Mun. de Assistência Social;Pessoal e Encargos Sociais;1987710;1987710;1732273
Canarana;2026;Secretaria Mun. de Assistência Social;Outras Despesas Correntes;2446997;2288303;1847541
Canarana;2026;Secretaria Mun. de Assistência Social;Investimentos;1056262;1048151;548151
Canarana;2026;Secretaria Mun. Desenvol. Sócioeconômico e Turisti;Pessoal e Encargos Sociais;623772;623772;547415
Canarana;2026;Secretaria Mun. Desenvol. Sócioeconômico e Turisti;Outras Despesas Correntes;1979692;1886133;1664857
Canarana;2026;Secretaria Mun. Desenvol. Sócioeconômico e Turisti;Investimentos;4299;4299;4299
Canarana;2026;Secretaria Mun. de Administração e Serviços Gerais;Pessoal e Encargos Sociais;1337920;1337920;1159758
Canarana;2026;Secretaria Mun. de Administração e Serviços Gerais;Outras Despesas Correntes;3826557;3548109;3060949
Canarana;2026;Secretaria Mun. de Administração e Serviços Gerais;Investimentos;34922;34922;34922
Canarana;2026;Secretaria Municipal de Obras, Estradas e Rodagens;Pessoal e Encargos Sociais;3753854;3753854;3229076
Canarana;2026;Secretaria Municipal de Obras, Estradas e Rodagens;Outras Despesas Correntes;18252746;16680878;14358472
Canarana;2026;Secretaria Municipal de Obras, Estradas e Rodagens;Investimentos;1813366;1328136;1233186
Canarana;2026;Secretaria Mun. de Agricultura e Meio Ambeinte;Pessoal e Encargos Sociais;1130915;1130915;980192
Canarana;2026;Secretaria Mun. de Agricultura e Meio Ambeinte;Outras Despesas Correntes;1699700;1372865;1032017
Canarana;2026;Secretaria de Gestão Governamental;Pessoal e Encargos Sociais;2260717;2260717;1979048
Canarana;2026;Secretaria de Gestão Governamental;Outras Despesas Correntes;2069284;1978842;1705738
Canarana;2026;Secretaria de Gestão Governamental;Investimentos;45585;45585;22785
Canarana;2026;Prevican-funco Mun.prev. Serv. Canarana;Pessoal e Encargos Sociais;7300092;7297036;7283481
Canarana;2026;Prevican-funco Mun.prev. Serv. Canarana;Outras Despesas Correntes;286419;250454;221984
Ribeirão Cascalheira;2021;Gabinete do Prefeito;Pessoal e Encargos Sociais;1090398;1090398;1046083
Ribeirão Cascalheira;2021;Gabinete do Prefeito;Outras Despesas Correntes;378172;378172;378170
Ribeirão Cascalheira;2021;Gabinete do Prefeito;Investimentos;168237;168237;168237
Ribeirão Cascalheira;2021;Camara Municipal;Pessoal e Encargos Sociais;826756;826756;826756
Ribeirão Cascalheira;2021;Camara Municipal;Outras Despesas Correntes;666993;666993;666993
Ribeirão Cascalheira;2021;Camara Municipal;Investimentos;37707;37707;37707
Ribeirão Cascalheira;2021;Secretaria Municipal de Assistencia Social;Pessoal e Encargos Sociais;734286;734286;699687
Ribeirão Cascalheira;2021;Secretaria Municipal de Assistencia Social;Outras Despesas Correntes;377165;374005;368434
Ribeirão Cascalheira;2021;Secretaria Municipal de Assistencia Social;Investimentos;53350;53350;53350
Ribeirão Cascalheira;2021;Secretaria Municipal de Saude;Pessoal e Encargos Sociais;4305676;4304540;4209199
Ribeirão Cascalheira;2021;Secretaria Municipal de Saude;Outras Despesas Correntes;8393626;8381353;8309971
Ribeirão Cascalheira;2021;Secretaria Municipal de Saude;Investimentos;169747;169747;169747
Ribeirão Cascalheira;2021;Secretaria Municipal de Infra Estrutura;Pessoal e Encargos Sociais;2126631;2126631;2047022
Ribeirão Cascalheira;2021;Secretaria Municipal de Infra Estrutura;Outras Despesas Correntes;5613832;5517175;5506106
Ribeirão Cascalheira;2021;Secretaria Municipal de Infra Estrutura;Investimentos;820616;735458;735458
Ribeirão Cascalheira;2021;Secretaria Municipal de Administração;Pessoal e Encargos Sociais;1695533;1695533;1666541
Ribeirão Cascalheira;2021;Secretaria Municipal de Administração;Outras Despesas Correntes;2507803;2474110;2472798
Ribeirão Cascalheira;2021;Secretaria Municipal de Administração;Investimentos;20154;20154;20154
Ribeirão Cascalheira;2021;Secretaria Municipal de Agricultura;Pessoal e Encargos Sociais;325855;325855;319286
Ribeirão Cascalheira;2021;Secretaria Municipal de Agricultura;Outras Despesas Correntes;95513;95513;95513
Ribeirão Cascalheira;2021;Secretaria Municipal de Agricultura;Investimentos;564195;564195;2995
Ribeirão Cascalheira;2021;Secretaria Municipal de Finanças;Pessoal e Encargos Sociais;707992;707992;696637
Ribeirão Cascalheira;2021;Secretaria Municipal de Finanças;Outras Despesas Correntes;1005860;963651;963019
Ribeirão Cascalheira;2021;Secretaria Municipal de Finanças;Investimentos;20218;20218;20218
Ribeirão Cascalheira;2021;Secretaria Municipal de Finanças;Amortização da Dívida;1271577;1271577;1271577
Ribeirão Cascalheira;2021;Secretaria Municipal de Educação;Pessoal e Encargos Sociais;7635152;7635152;7035504
Ribeirão Cascalheira;2021;Secretaria Municipal de Educação;Outras Despesas Correntes;2373629;2206666;2202262
Ribeirão Cascalheira;2021;Secretaria Municipal de Educação;Investimentos;1413553;1379944;1379944
Ribeirão Cascalheira;2021;Secretaria Municipal de Cultura, Desporto e Lazer;Pessoal e Encargos Sociais;148345;148345;141165
Ribeirão Cascalheira;2021;Secretaria Municipal de Cultura, Desporto e Lazer;Outras Despesas Correntes;93752;93752;93752
Ribeirão Cascalheira;2021;Secretaria Municipal de Meio Ambiante e Turismo;Pessoal e Encargos Sociais;154328;154328;149903
Ribeirão Cascalheira;2021;Secretaria Municipal de Meio Ambiante e Turismo;Outras Despesas Correntes;80062;80062;76062
Ribeirão Cascalheira;2021;Secretaria Municipal de Meio Ambiante e Turismo;Investimentos;800;800;800
Ribeirão Cascalheira;2021;Secretaria Municipal de Transito;Pessoal e Encargos Sociais;109314;109314;108150
Ribeirão Cascalheira;2021;Secretaria Municipal de Transito;Outras Despesas Correntes;15433;15433;15433
Ribeirão Cascalheira;2021;Secretaria Municipal de Transito;Investimentos;18695;18695;18695
Ribeirão Cascalheira;2021;Fundo Mun Prev Social Serv Publico de Ribeirao Cas;Pessoal e Encargos Sociais;2316138;2316138;2316138
Ribeirão Cascalheira;2021;Fundo Mun Prev Social Serv Publico de Ribeirao Cas;Outras Despesas Correntes;134301;133640;131340
Ribeirão Cascalheira;2021;Fundo Mun Prev Social Serv Publico de Ribeirao Cas;Investimentos;3863;3863;3863
Ribeirão Cascalheira;2022;Gabinete do Prefeito;Pessoal e Encargos Sociais;1504398;1504398;1379316
Ribeirão Cascalheira;2022;Gabinete do Prefeito;Outras Despesas Correntes;1278548;1157311;1144427
Ribeirão Cascalheira;2022;Gabinete do Prefeito;Investimentos;464000;464000;464000
Ribeirão Cascalheira;2022;Camara Municipal;Pessoal e Encargos Sociais;1174607;1174607;1174607
Ribeirão Cascalheira;2022;Camara Municipal;Outras Despesas Correntes;957061;957061;957061
Ribeirão Cascalheira;2022;Camara Municipal;Investimentos;307739;307739;307739
Ribeirão Cascalheira;2022;Secretaria Municipal de Assistencia Social;Pessoal e Encargos Sociais;917011;917011;840060
Ribeirão Cascalheira;2022;Secretaria Municipal de Assistencia Social;Outras Despesas Correntes;894240;863614;860937
Ribeirão Cascalheira;2022;Secretaria Municipal de Assistencia Social;Investimentos;154787;154787;154787
Ribeirão Cascalheira;2022;Secretaria Municipal de Saude;Pessoal e Encargos Sociais;5320429;5320429;5141063
Ribeirão Cascalheira;2022;Secretaria Municipal de Saude;Outras Despesas Correntes;10734288;10528913;10374122
Ribeirão Cascalheira;2022;Secretaria Municipal de Saude;Investimentos;1329004;1218528;1055289
Ribeirão Cascalheira;2022;Secretaria Municipal de Infra Estrutura;Pessoal e Encargos Sociais;2613404;2610996;2438562
Ribeirão Cascalheira;2022;Secretaria Municipal de Infra Estrutura;Outras Despesas Correntes;14296385;8979743;8749474
Ribeirão Cascalheira;2022;Secretaria Municipal de Infra Estrutura;Investimentos;1877862;842937;842937
Ribeirão Cascalheira;2022;Secretaria Municipal de Administração;Pessoal e Encargos Sociais;2047185;2047185;1993820
Ribeirão Cascalheira;2022;Secretaria Municipal de Administração;Outras Despesas Correntes;4277374;3209607;3155893
Ribeirão Cascalheira;2022;Secretaria Municipal de Administração;Investimentos;42542;39642;39642
Ribeirão Cascalheira;2022;Secretaria Municipal de Agricultura;Pessoal e Encargos Sociais;442532;442532;426811
Ribeirão Cascalheira;2022;Secretaria Municipal de Agricultura;Outras Despesas Correntes;139728;131646;130146
Ribeirão Cascalheira;2022;Secretaria Municipal de Agricultura;Investimentos;222070;222070;222070
Ribeirão Cascalheira;2022;Secretaria Municipal de Finanças;Pessoal e Encargos Sociais;883281;883281;859954
Ribeirão Cascalheira;2022;Secretaria Municipal de Finanças;Outras Despesas Correntes;1039517;1013599;1012238
Ribeirão Cascalheira;2022;Secretaria Municipal de Finanças;Investimentos;66591;66591;64072
Ribeirão Cascalheira;2022;Secretaria Municipal de Finanças;Amortização da Dívida;1543955;1543955;1543955
Ribeirão Cascalheira;2022;Secretaria Municipal de Educação;Pessoal e Encargos Sociais;13400815;13400815;12609920
Ribeirão Cascalheira;2022;Secretaria Municipal de Educação;Outras Despesas Correntes;5529689;4868477;4797230
Ribeirão Cascalheira;2022;Secretaria Municipal de Educação;Investimentos;1375537;1369356;841541
Ribeirão Cascalheira;2022;Secretaria Municipal de Cultura, Desporto e Lazer;Pessoal e Encargos Sociais;162658;162658;147561
Ribeirão Cascalheira;2022;Secretaria Municipal de Cultura, Desporto e Lazer;Outras Despesas Correntes;718708;714697;705348
Ribeirão Cascalheira;2022;Secretaria Municipal de Meio Ambiante e Turismo;Pessoal e Encargos Sociais;193841;193841;181714
Ribeirão Cascalheira;2022;Secretaria Municipal de Meio Ambiante e Turismo;Outras Despesas Correntes;439612;396982;394212
Ribeirão Cascalheira;2022;Secretaria Municipal de Meio Ambiante e Turismo;Investimentos;12990;12990;12990
Ribeirão Cascalheira;2022;Secretaria Municipal de Transito;Pessoal e Encargos Sociais;198364;198364;191429
Ribeirão Cascalheira;2022;Secretaria Municipal de Transito;Outras Despesas Correntes;66525;64671;64381
Ribeirão Cascalheira;2022;Secretaria Municipal de Transito;Investimentos;29299;27000;27000
Ribeirão Cascalheira;2022;Fundo Mun Prev Social Serv Publico de Ribeirao Cas;Pessoal e Encargos Sociais;3647295;3647295;3647295
Ribeirão Cascalheira;2022;Fundo Mun Prev Social Serv Publico de Ribeirao Cas;Outras Despesas Correntes;216376;216376;216376
Ribeirão Cascalheira;2022;Fundo Mun Prev Social Serv Publico de Ribeirao Cas;Investimentos;8080;8080;8080
Ribeirão Cascalheira;2023;Gabinete do Prefeito;Pessoal e Encargos Sociais;1700178;1700178;1640455
Ribeirão Cascalheira;2023;Gabinete do Prefeito;Outras Despesas Correntes;727077;727077;710168
Ribeirão Cascalheira;2023;Gabinete do Prefeito;Investimentos;6960;6960;6960
Ribeirão Cascalheira;2023;Camara Municipal;Pessoal e Encargos Sociais;1209285;1209285;1209285
Ribeirão Cascalheira;2023;Camara Municipal;Outras Despesas Correntes;1305856;1305856;1305856
Ribeirão Cascalheira;2023;Camara Municipal;Investimentos;498779;498779;498779
Ribeirão Cascalheira;2023;Secretaria Municipal de Saude;Pessoal e Encargos Sociais;6617793;6617793;6424280
Ribeirão Cascalheira;2023;Secretaria Municipal de Saude;Outras Despesas Correntes;9113210;9082863;8992742
Ribeirão Cascalheira;2023;Secretaria Municipal de Saude;Investimentos;461629;301276;301276
Ribeirão Cascalheira;2023;Secretaria Municipal de Infra Estrutura;Pessoal e Encargos Sociais;3191437;3191437;3074676
Ribeirão Cascalheira;2023;Secretaria Municipal de Infra Estrutura;Outras Despesas Correntes;5078046;5078046;4883448
Ribeirão Cascalheira;2023;Secretaria Municipal de Infra Estrutura;Investimentos;7450866;7317026;6917429
Ribeirão Cascalheira;2023;Secretaria Municipal de Administração;Pessoal e Encargos Sociais;2136027;2136027;2080238
Ribeirão Cascalheira;2023;Secretaria Municipal de Administração;Outras Despesas Correntes;2185088;1969555;1936704
Ribeirão Cascalheira;2023;Secretaria Municipal de Administração;Investimentos;30519;30519;21156
Ribeirão Cascalheira;2023;Secretaria Municipal de Agricultura;Pessoal e Encargos Sociais;473855;473855;456347
Ribeirão Cascalheira;2023;Secretaria Municipal de Agricultura;Outras Despesas Correntes;244809;238319;234200
Ribeirão Cascalheira;2023;Secretaria de Assistência Social;Pessoal e Encargos Sociais;1223300;1223300;1184789
Ribeirão Cascalheira;2023;Secretaria de Assistência Social;Outras Despesas Correntes;663497;663497;621204
Ribeirão Cascalheira;2023;Secretaria de Assistência Social;Investimentos;635789;635789;635789
Ribeirão Cascalheira;2023;Secretaria Municipal de Educação;Pessoal e Encargos Sociais;19864599;19864599;19469838
Ribeirão Cascalheira;2023;Secretaria Municipal de Educação;Outras Despesas Correntes;4036231;4036231;3784463
Ribeirão Cascalheira;2023;Secretaria Municipal de Educação;Investimentos;375318;375318;375318
Ribeirão Cascalheira;2023;Secretaria de Finanças;Pessoal e Encargos Sociais;1085177;1085177;1054735
Ribeirão Cascalheira;2023;Secretaria de Finanças;Outras Despesas Correntes;1091093;1087020;1084726
Ribeirão Cascalheira;2023;Secretaria de Finanças;Investimentos;13200;13200;13200
Ribeirão Cascalheira;2023;Secretaria de Finanças;Amortização da Dívida;1398595;1398595;1398595
Ribeirão Cascalheira;2023;Secretaria Municipal de Turismo;Pessoal e Encargos Sociais;76538;76538;72758
Ribeirão Cascalheira;2023;Secretaria Municipal de Turismo;Outras Despesas Correntes;48692;48692;48495
Ribeirão Cascalheira;2023;Secretaria Municipal de Cultura, Desporto e Lazer;Pessoal e Encargos Sociais;126603;126603;122467
Ribeirão Cascalheira;2023;Secretaria Municipal de Cultura, Desporto e Lazer;Outras Despesas Correntes;1081195;1054044;1047772
Ribeirão Cascalheira;2023;Secretaria Municipal de Transito;Pessoal e Encargos Sociais;228684;228684;220211
Ribeirão Cascalheira;2023;Secretaria Municipal de Transito;Outras Despesas Correntes;76222;76222;74648
Ribeirão Cascalheira;2023;Secretaria Municipal de Transito;Investimentos;1366;1366;1366
Ribeirão Cascalheira;2023;Secretaria Municipal de Meio Ambiente;Pessoal e Encargos Sociais;137052;137052;128803
Ribeirão Cascalheira;2023;Secretaria Municipal de Meio Ambiente;Outras Despesas Correntes;516375;516375;381428
Ribeirão Cascalheira;2023;Fundo Mun Prev Social Serv Publico de Ribeirao Cas;Pessoal e Encargos Sociais;4251774;4251774;4251774
Ribeirão Cascalheira;2023;Fundo Mun Prev Social Serv Publico de Ribeirao Cas;Outras Despesas Correntes;232010;225147;225147
Ribeirão Cascalheira;2024;Gabinete do Prefeito;Pessoal e Encargos Sociais;1901403;1901403;1852357
Ribeirão Cascalheira;2024;Gabinete do Prefeito;Outras Despesas Correntes;656044;656044;651044
Ribeirão Cascalheira;2024;Gabinete do Prefeito;Investimentos;2845;2845;2845
Ribeirão Cascalheira;2024;Camara Municipal;Pessoal e Encargos Sociais;1173992;1173992;1173992
Ribeirão Cascalheira;2024;Camara Municipal;Outras Despesas Correntes;1495442;1495442;1495442
Ribeirão Cascalheira;2024;Camara Municipal;Investimentos;919209;919209;919209
Ribeirão Cascalheira;2024;Secretaria Municipal de Saude;Pessoal e Encargos Sociais;7432431;7430652;7228740
Ribeirão Cascalheira;2024;Secretaria Municipal de Saude;Outras Despesas Correntes;11544656;11544656;11453174
Ribeirão Cascalheira;2024;Secretaria Municipal de Saude;Investimentos;8884096;8884096;8884096
Ribeirão Cascalheira;2024;Secretaria Municipal de Infra Estrutura;Pessoal e Encargos Sociais;3398495;3398495;3351497
Ribeirão Cascalheira;2024;Secretaria Municipal de Infra Estrutura;Outras Despesas Correntes;7291123;7291123;7191874
Ribeirão Cascalheira;2024;Secretaria Municipal de Infra Estrutura;Investimentos;4749127;3906343;3904378
Ribeirão Cascalheira;2024;Secretaria Municipal de Administração;Pessoal e Encargos Sociais;2889551;2889551;2806623
Ribeirão Cascalheira;2024;Secretaria Municipal de Administração;Outras Despesas Correntes;3888552;3888552;3886431
Ribeirão Cascalheira;2024;Secretaria Municipal de Administração;Investimentos;40974;40974;40974
Ribeirão Cascalheira;2024;Secretaria Municipal de Agricultura;Pessoal e Encargos Sociais;573521;573521;564193
Ribeirão Cascalheira;2024;Secretaria Municipal de Agricultura;Outras Despesas Correntes;51769;51769;51769
Ribeirão Cascalheira;2024;Secretaria Municipal de Agricultura;Investimentos;1811;1811;1811
Ribeirão Cascalheira;2024;Secretaria de Assistência Social;Pessoal e Encargos Sociais;1210518;1210518;1185830
Ribeirão Cascalheira;2024;Secretaria de Assistência Social;Outras Despesas Correntes;660432;660432;656119
Ribeirão Cascalheira;2024;Secretaria de Assistência Social;Investimentos;37311;37311;37311
Ribeirão Cascalheira;2024;Secretaria Municipal de Educação;Pessoal e Encargos Sociais;19347074;19347074;17010112
Ribeirão Cascalheira;2024;Secretaria Municipal de Educação;Outras Despesas Correntes;5252855;5252855;5164999
Ribeirão Cascalheira;2024;Secretaria Municipal de Educação;Investimentos;554941;554941;156840
Ribeirão Cascalheira;2024;Secretaria de Finanças;Pessoal e Encargos Sociais;1268565;1268565;1232067
Ribeirão Cascalheira;2024;Secretaria de Finanças;Outras Despesas Correntes;1731190;1731190;1731190
Ribeirão Cascalheira;2024;Secretaria de Finanças;Investimentos;20073;20073;20073
Ribeirão Cascalheira;2024;Secretaria de Finanças;Amortização da Dívida;2102731;2102731;2073948
Ribeirão Cascalheira;2024;Secretaria Municipal de Turismo;Pessoal e Encargos Sociais;60420;60420;59205
Ribeirão Cascalheira;2024;Secretaria Municipal de Turismo;Outras Despesas Correntes;46067;46067;46067
Ribeirão Cascalheira;2024;Secretaria Municipal de Cultura, Desporto e Lazer;Pessoal e Encargos Sociais;246890;246890;241131
Ribeirão Cascalheira;2024;Secretaria Municipal de Cultura, Desporto e Lazer;Outras Despesas Correntes;684969;684969;684969
Ribeirão Cascalheira;2024;Secretaria Municipal de Cultura, Desporto e Lazer;Investimentos;4037;4037;4037
Ribeirão Cascalheira;2024;Secretaria Municipal de Transito;Pessoal e Encargos Sociais;262304;262304;258012
Ribeirão Cascalheira;2024;Secretaria Municipal de Transito;Outras Despesas Correntes;61121;61121;61121
Ribeirão Cascalheira;2024;Secretaria Municipal de Transito;Investimentos;2064;2064;2064
Ribeirão Cascalheira;2024;Secretaria Municipal de Meio Ambiente;Pessoal e Encargos Sociais;204072;204072;198515
Ribeirão Cascalheira;2024;Secretaria Municipal de Meio Ambiente;Outras Despesas Correntes;336937;336937;336691
Ribeirão Cascalheira;2024;Fundo Mun Prev Social Serv Publico de Ribeirao Cas;Pessoal e Encargos Sociais;4748628;4748628;4748628
Ribeirão Cascalheira;2024;Fundo Mun Prev Social Serv Publico de Ribeirao Cas;Outras Despesas Correntes;311487;311487;311484
Ribeirão Cascalheira;2024;Fundo Mun Prev Social Serv Publico de Ribeirao Cas;Investimentos;1140;1140;1140
Ribeirão Cascalheira;2025;Gabinete do Prefeito;Pessoal e Encargos Sociais;1888958;1888958;1884575
Ribeirão Cascalheira;2025;Gabinete do Prefeito;Outras Despesas Correntes;705388;594819;594091
Ribeirão Cascalheira;2025;Gabinete do Prefeito;Investimentos;9082;3534;3534
Ribeirão Cascalheira;2025;Camara Municipal;Pessoal e Encargos Sociais;1489361;1489361;1489361
Ribeirão Cascalheira;2025;Camara Municipal;Outras Despesas Correntes;2018139;2018139;2018139
Ribeirão Cascalheira;2025;Camara Municipal;Investimentos;115743;115743;115743
Ribeirão Cascalheira;2025;Secretaria Municipal de Saude;Pessoal e Encargos Sociais;10609379;10609379;10586364
Ribeirão Cascalheira;2025;Secretaria Municipal de Saude;Outras Despesas Correntes;11553737;11317364;11229324
Ribeirão Cascalheira;2025;Secretaria Municipal de Saude;Investimentos;6534614;2301263;2297311
Ribeirão Cascalheira;2025;Secretaria Municipal de Infra Estrutura;Pessoal e Encargos Sociais;3477401;3477401;3475790
Ribeirão Cascalheira;2025;Secretaria Municipal de Infra Estrutura;Outras Despesas Correntes;6971602;6655086;6654595
Ribeirão Cascalheira;2025;Secretaria Municipal de Infra Estrutura;Investimentos;2144960;1606779;1372383
Ribeirão Cascalheira;2025;Secretaria Municipal de Administração;Pessoal e Encargos Sociais;2683505;2683505;2675399
Ribeirão Cascalheira;2025;Secretaria Municipal de Administração;Outras Despesas Correntes;2705533;2605289;2594565
Ribeirão Cascalheira;2025;Secretaria Municipal de Administração;Investimentos;25979;16763;16763
Ribeirão Cascalheira;2025;Secretaria Municipal de Agricultura;Pessoal e Encargos Sociais;802415;802415;800439
Ribeirão Cascalheira;2025;Secretaria Municipal de Agricultura;Outras Despesas Correntes;114849;108274;108274
Ribeirão Cascalheira;2025;Secretaria Municipal de Agricultura;Investimentos;7575;7191;7191
Ribeirão Cascalheira;2025;Secretaria de Assistência Social;Pessoal e Encargos Sociais;1364660;1364660;1349867
Ribeirão Cascalheira;2025;Secretaria de Assistência Social;Outras Despesas Correntes;698521;691550;689977
Ribeirão Cascalheira;2025;Secretaria de Assistência Social;Investimentos;241598;119830;113254
Ribeirão Cascalheira;2025;Secretaria Municipal de Educação;Pessoal e Encargos Sociais;20719003;20493120;20474869
Ribeirão Cascalheira;2025;Secretaria Municipal de Educação;Outras Despesas Correntes;5912886;5433239;5424119
Ribeirão Cascalheira;2025;Secretaria Municipal de Educação;Investimentos;1106894;104507;101057
Ribeirão Cascalheira;2025;Secretaria de Finanças;Pessoal e Encargos Sociais;1471696;1471696;1467007
Ribeirão Cascalheira;2025;Secretaria de Finanças;Outras Despesas Correntes;1714560;1711456;1711410
Ribeirão Cascalheira;2025;Secretaria de Finanças;Investimentos;9168;4860;4860
Ribeirão Cascalheira;2025;Secretaria de Finanças;Amortização da Dívida;1410991;1410991;1410991
Ribeirão Cascalheira;2025;Secretaria Municipal de Turismo;Pessoal e Encargos Sociais;80017;80017;80017
Ribeirão Cascalheira;2025;Secretaria Municipal de Turismo;Outras Despesas Correntes;706402;706402;706402
Ribeirão Cascalheira;2025;Secretaria Municipal de Turismo;Investimentos;1542;1542;1542
Ribeirão Cascalheira;2025;Secretaria Municipal de Cultura, Desporto e Lazer;Pessoal e Encargos Sociais;190897;190897;190744
Ribeirão Cascalheira;2025;Secretaria Municipal de Cultura, Desporto e Lazer;Outras Despesas Correntes;361275;355275;351533
Ribeirão Cascalheira;2025;Secretaria Municipal de Cultura, Desporto e Lazer;Investimentos;600;0;0
Ribeirão Cascalheira;2025;Secretaria Municipal de Transito;Pessoal e Encargos Sociais;270004;270004;269622
Ribeirão Cascalheira;2025;Secretaria Municipal de Transito;Outras Despesas Correntes;71464;71464;71464
Ribeirão Cascalheira;2025;Secretaria Municipal de Transito;Investimentos;3499;3499;3499
Ribeirão Cascalheira;2025;Secretaria Municipal de Meio Ambiente;Pessoal e Encargos Sociais;301542;301542;301542
Ribeirão Cascalheira;2025;Secretaria Municipal de Meio Ambiente;Outras Despesas Correntes;861698;803764;735251
Ribeirão Cascalheira;2025;Secretaria Municipal de Meio Ambiente;Investimentos;245900;245900;245900
Ribeirão Cascalheira;2025;Fundo Mun Prev Social Serv Publico de Ribeirao Cas;Pessoal e Encargos Sociais;5286763;5286763;5286763
Ribeirão Cascalheira;2025;Fundo Mun Prev Social Serv Publico de Ribeirao Cas;Outras Despesas Correntes;303556;303556;303556
Ribeirão Cascalheira;2026;Gabinete do Prefeito;Pessoal e Encargos Sociais;1085407;1085407;1085407
Ribeirão Cascalheira;2026;Gabinete do Prefeito;Outras Despesas Correntes;135265;123292;123292
Ribeirão Cascalheira;2026;Gabinete do Prefeito;Investimentos;8527;8527;8527
Ribeirão Cascalheira;2026;Camara Municipal;Pessoal e Encargos Sociais;922501;921248;921248
Ribeirão Cascalheira;2026;Camara Municipal;Outras Despesas Correntes;995178;865717;857182
Ribeirão Cascalheira;2026;Camara Municipal;Investimentos;99220;10680;10680
Ribeirão Cascalheira;2026;Secretaria Municipal de Saude;Pessoal e Encargos Sociais;6293416;6293414;6261750
Ribeirão Cascalheira;2026;Secretaria Municipal de Saude;Outras Despesas Correntes;7520638;6953774;6901070
Ribeirão Cascalheira;2026;Secretaria Municipal de Saude;Investimentos;491863;370509;370509
Ribeirão Cascalheira;2026;Secretaria Municipal de Infra Estrutura;Pessoal e Encargos Sociais;2186602;2186602;2186602
Ribeirão Cascalheira;2026;Secretaria Municipal de Infra Estrutura;Outras Despesas Correntes;5773612;4670705;4599696
Ribeirão Cascalheira;2026;Secretaria Municipal de Infra Estrutura;Investimentos;909946;269946;269946
Ribeirão Cascalheira;2026;Secretaria Municipal de Administração;Pessoal e Encargos Sociais;2040469;2040469;2034293
Ribeirão Cascalheira;2026;Secretaria Municipal de Administração;Outras Despesas Correntes;1746800;1211256;1173240
Ribeirão Cascalheira;2026;Secretaria Municipal de Administração;Investimentos;24563;20470;14570
Ribeirão Cascalheira;2026;Secretaria Municipal de Agricultura;Pessoal e Encargos Sociais;547341;547341;529776
Ribeirão Cascalheira;2026;Secretaria Municipal de Agricultura;Outras Despesas Correntes;82978;60358;58058
Ribeirão Cascalheira;2026;Secretaria Municipal de Agricultura;Investimentos;131300;0;0
Ribeirão Cascalheira;2026;Secretaria de Assistência Social;Pessoal e Encargos Sociais;810315;810315;810315
Ribeirão Cascalheira;2026;Secretaria de Assistência Social;Outras Despesas Correntes;306119;238710;233789
Ribeirão Cascalheira;2026;Secretaria de Assistência Social;Investimentos;696171;56271;56271
Ribeirão Cascalheira;2026;Secretaria Municipal de Educação;Pessoal e Encargos Sociais;13477221;13477221;13414383
Ribeirão Cascalheira;2026;Secretaria Municipal de Educação;Outras Despesas Correntes;3541726;2748668;2742874
Ribeirão Cascalheira;2026;Secretaria Municipal de Educação;Investimentos;663597;308005;308005
Ribeirão Cascalheira;2026;Secretaria de Finanças;Pessoal e Encargos Sociais;908156;908156;901747
Ribeirão Cascalheira;2026;Secretaria de Finanças;Outras Despesas Correntes;1397399;1156569;1152619
Ribeirão Cascalheira;2026;Secretaria de Finanças;Investimentos;11432;10760;10760
Ribeirão Cascalheira;2026;Secretaria de Finanças;Amortização da Dívida;571914;404545;404545
Ribeirão Cascalheira;2026;Secretaria Municipal de Turismo;Pessoal e Encargos Sociais;48263;48263;48263
Ribeirão Cascalheira;2026;Secretaria Municipal de Turismo;Outras Despesas Correntes;28825;28825;24930
Ribeirão Cascalheira;2026;Secretaria Municipal de Cultura, Desporto e Lazer;Pessoal e Encargos Sociais;206535;206535;206535
Ribeirão Cascalheira;2026;Secretaria Municipal de Cultura, Desporto e Lazer;Outras Despesas Correntes;891783;871258;869667
Ribeirão Cascalheira;2026;Secretaria Municipal de Cultura, Desporto e Lazer;Investimentos;5250;5250;5250
Ribeirão Cascalheira;2026;Secretaria Municipal de Transito;Pessoal e Encargos Sociais;180214;180214;173702
Ribeirão Cascalheira;2026;Secretaria Municipal de Transito;Outras Despesas Correntes;26877;26853;26853
Ribeirão Cascalheira;2026;Secretaria Municipal de Transito;Investimentos;4039;4039;4039
Ribeirão Cascalheira;2026;Secretaria Municipal de Meio Ambiente;Pessoal e Encargos Sociais;186435;186435;186435
Ribeirão Cascalheira;2026;Secretaria Municipal de Meio Ambiente;Outras Despesas Correntes;740298;401818;397440
Ribeirão Cascalheira;2026;Secretaria Municipal de Meio Ambiente;Investimentos;167900;36600;36600
Ribeirão Cascalheira;2026;Fundo Mun Prev Social Serv Publico de Ribeirao Cas;Pessoal e Encargos Sociais;466326;454692;454692
Ribeirão Cascalheira;2026;Fundo Mun Prev Social Serv Publico de Ribeirao Cas;Outras Despesas Correntes;12593;10657;10657
São Félix do Araguaia;2021;Secretaria Municipal de Financas;Pessoal e Encargos Sociais;1585821;1585821;1537690
São Félix do Araguaia;2021;Secretaria Municipal de Financas;Outras Despesas Correntes;1258257;1235676;1227277
São Félix do Araguaia;2021;Secretaria Municipal de Financas;Investimentos;13969;13969;13969
São Félix do Araguaia;2021;Secretaria Municipal de Financas;Amortização da Dívida;940020;940020;940020
São Félix do Araguaia;2021;Secretaria Municipal de Saude;Pessoal e Encargos Sociais;10094091;10094091;9973198
São Félix do Araguaia;2021;Secretaria Municipal de Saude;Outras Despesas Correntes;10973457;10810596;10750136
São Félix do Araguaia;2021;Secretaria Municipal de Saude;Investimentos;361345;327967;327967
São Félix do Araguaia;2021;Secretaria Municipal de Educacao e Cultura;Pessoal e Encargos Sociais;12270819;12270819;12149378
São Félix do Araguaia;2021;Secretaria Municipal de Educacao e Cultura;Outras Despesas Correntes;2492487;2367651;2336544
São Félix do Araguaia;2021;Secretaria Municipal de Educacao e Cultura;Investimentos;33135;30205;30205
São Félix do Araguaia;2021;Secretaria Municipal de Obras e Servicos Urbanos;Pessoal e Encargos Sociais;1953306;1953306;1930351
São Félix do Araguaia;2021;Secretaria Municipal de Obras e Servicos Urbanos;Outras Despesas Correntes;10761073;10606930;10582383
São Félix do Araguaia;2021;Secretaria Municipal de Obras e Servicos Urbanos;Investimentos;4742418;4742418;4704252
São Félix do Araguaia;2021;Secretaria Municipal de Agricultura;Pessoal e Encargos Sociais;353414;353414;345359
São Félix do Araguaia;2021;Secretaria Municipal de Agricultura;Outras Despesas Correntes;556260;554477;552333
São Félix do Araguaia;2021;Secretaria Municipal de Agricultura;Investimentos;18478;18478;18478
São Félix do Araguaia;2021;Secretaria Municipal de Turismo e Meio Ambiente;Pessoal e Encargos Sociais;130514;130514;128644
São Félix do Araguaia;2021;Secretaria Municipal de Turismo e Meio Ambiente;Outras Despesas Correntes;586748;500252;500252
São Félix do Araguaia;2021;Secretaria Municipal de Turismo e Meio Ambiente;Investimentos;3443;3443;3443
São Félix do Araguaia;2021;Secretaria Municipal de Esportes e Lazer;Pessoal e Encargos Sociais;104903;104903;103506
São Félix do Araguaia;2021;Secretaria Municipal de Esportes e Lazer;Outras Despesas Correntes;152224;152224;149334
São Félix do Araguaia;2021;Secretaria Municipal de Esportes e Lazer;Investimentos;624533;624533;438947
São Félix do Araguaia;2021;Secretaria Municipal de Meio Ambiente;Pessoal e Encargos Sociais;412414;412414;405321
São Félix do Araguaia;2021;Secretaria Municipal de Meio Ambiente;Outras Despesas Correntes;288332;287377;278993
São Félix do Araguaia;2021;Secretaria Municipal de Meio Ambiente;Investimentos;6818;6818;6817
São Félix do Araguaia;2021;Gabinete do Prefeito Municipal;Pessoal e Encargos Sociais;1126614;1126614;1108316
São Félix do Araguaia;2021;Gabinete do Prefeito Municipal;Outras Despesas Correntes;1549949;1498927;1482308
São Félix do Araguaia;2021;Gabinete do Prefeito Municipal;Investimentos;9260;9260;9260
São Félix do Araguaia;2021;Camara Municipal de São Felix do Araguaia;Pessoal e Encargos Sociais;1629458;1629458;1629458
São Félix do Araguaia;2021;Camara Municipal de São Felix do Araguaia;Outras Despesas Correntes;888236;881569;881569
São Félix do Araguaia;2021;Camara Municipal de São Felix do Araguaia;Investimentos;106370;106370;106370
São Félix do Araguaia;2021;Secretaria Municipal de Admin, Planej.de Fazenda;Pessoal e Encargos Sociais;3488685;3488549;3448594
São Félix do Araguaia;2021;Secretaria Municipal de Admin, Planej.de Fazenda;Outras Despesas Correntes;3120726;3116200;3069127
São Félix do Araguaia;2021;Secretaria Municipal de Admin, Planej.de Fazenda;Investimentos;176912;176912;161672
São Félix do Araguaia;2021;Secretaria Munic.de Desenv.e Acao Social;Pessoal e Encargos Sociais;1953636;1953636;1929507
São Félix do Araguaia;2021;Secretaria Munic.de Desenv.e Acao Social;Outras Despesas Correntes;811199;804378;796587
São Félix do Araguaia;2021;Secretaria Munic.de Desenv.e Acao Social;Investimentos;39148;34512;27422
São Félix do Araguaia;2021;Ipasfa - Instituto de Previdencia de Sao Felix;Pessoal e Encargos Sociais;1789941;1789941;1789941
São Félix do Araguaia;2021;Ipasfa - Instituto de Previdencia de Sao Felix;Outras Despesas Correntes;229840;229840;229840
São Félix do Araguaia;2021;Ipasfa - Instituto de Previdencia de Sao Felix;Investimentos;1844;1844;1844
São Félix do Araguaia;2022;Secretaria Municipal de Financas;Pessoal e Encargos Sociais;2258261;2258261;2228950
São Félix do Araguaia;2022;Secretaria Municipal de Financas;Outras Despesas Correntes;1792607;1792607;1792372
São Félix do Araguaia;2022;Secretaria Municipal de Financas;Investimentos;2999;2999;2999
São Félix do Araguaia;2022;Secretaria Municipal de Financas;Amortização da Dívida;1677346;1677346;1677346
São Félix do Araguaia;2022;Secretaria Municipal de Saude;Pessoal e Encargos Sociais;11907387;11907387;11716403
São Félix do Araguaia;2022;Secretaria Municipal de Saude;Outras Despesas Correntes;12781779;12781779;12780624
São Félix do Araguaia;2022;Secretaria Municipal de Saude;Investimentos;790766;790766;760370
São Félix do Araguaia;2022;Secretaria Municipal de Educacao e Cultura;Pessoal e Encargos Sociais;14252828;14252828;14025226
São Félix do Araguaia;2022;Secretaria Municipal de Educacao e Cultura;Outras Despesas Correntes;7475505;7474905;7447648
São Félix do Araguaia;2022;Secretaria Municipal de Educacao e Cultura;Investimentos;766421;766421;761571
São Félix do Araguaia;2022;Secretaria Municipal de Obras e Servicos Urbanos;Pessoal e Encargos Sociais;2550203;2550203;2506795
São Félix do Araguaia;2022;Secretaria Municipal de Obras e Servicos Urbanos;Outras Despesas Correntes;15147712;15147707;15142631
São Félix do Araguaia;2022;Secretaria Municipal de Obras e Servicos Urbanos;Investimentos;15132310;15132310;15132310
São Félix do Araguaia;2022;Secretaria Municipal de Agricultura;Pessoal e Encargos Sociais;600928;600928;590352
São Félix do Araguaia;2022;Secretaria Municipal de Agricultura;Outras Despesas Correntes;506526;506526;506526
São Félix do Araguaia;2022;Secretaria Municipal de Agricultura;Investimentos;180416;180416;180416
São Félix do Araguaia;2022;Secretaria Municipal de Turismo e Meio Ambiente;Pessoal e Encargos Sociais;178412;178412;173078
São Félix do Araguaia;2022;Secretaria Municipal de Turismo e Meio Ambiente;Outras Despesas Correntes;1196802;1196802;1196802
São Félix do Araguaia;2022;Secretaria Municipal de Turismo e Meio Ambiente;Investimentos;19964;19964;19964
São Félix do Araguaia;2022;Secretaria Municipal de Esportes e Lazer;Pessoal e Encargos Sociais;139755;139755;137497
São Félix do Araguaia;2022;Secretaria Municipal de Esportes e Lazer;Outras Despesas Correntes;570594;570594;570594
São Félix do Araguaia;2022;Secretaria Municipal de Esportes e Lazer;Investimentos;221834;221834;221834
São Félix do Araguaia;2022;Secretaria Municipal de Meio Ambiente;Pessoal e Encargos Sociais;436947;436947;428731
São Félix do Araguaia;2022;Secretaria Municipal de Meio Ambiente;Outras Despesas Correntes;658223;658223;658223
São Félix do Araguaia;2022;Secretaria Municipal de Meio Ambiente;Investimentos;38371;38371;38371
São Félix do Araguaia;2022;Gabinete do Prefeito Municipal;Pessoal e Encargos Sociais;1482146;1482146;1468828
São Félix do Araguaia;2022;Gabinete do Prefeito Municipal;Outras Despesas Correntes;2629466;2629466;2629466
São Félix do Araguaia;2022;Gabinete do Prefeito Municipal;Investimentos;567869;567869;567869
São Félix do Araguaia;2022;Secretaria Municipal de Admin, Planej.de Fazenda;Pessoal e Encargos Sociais;4725506;4725506;4690170
São Félix do Araguaia;2022;Secretaria Municipal de Admin, Planej.de Fazenda;Outras Despesas Correntes;5651347;5651347;5642863
São Félix do Araguaia;2022;Secretaria Municipal de Admin, Planej.de Fazenda;Investimentos;215300;215300;206221
São Félix do Araguaia;2022;Secretaria Munic.de Desenv.e Acao Social;Pessoal e Encargos Sociais;2257205;2257205;2207671
São Félix do Araguaia;2022;Secretaria Munic.de Desenv.e Acao Social;Outras Despesas Correntes;1260469;1260204;1258227
São Félix do Araguaia;2022;Secretaria Munic.de Desenv.e Acao Social;Investimentos;179445;179445;179445
São Félix do Araguaia;2022;Ipasfa - Instituto de Previdencia de Sao Felix;Pessoal e Encargos Sociais;2300541;2300541;2300541
São Félix do Araguaia;2022;Ipasfa - Instituto de Previdencia de Sao Felix;Outras Despesas Correntes;260684;260684;260084
São Félix do Araguaia;2022;Ipasfa - Instituto de Previdencia de Sao Felix;Investimentos;163;163;163
São Félix do Araguaia;2022;1;Pessoal e Encargos Sociais;2604596;2604596;2576613
São Félix do Araguaia;2022;1;Outras Despesas Correntes;1407384;1407384;1407384
São Félix do Araguaia;2022;1;Investimentos;136007;136007;136007
São Félix do Araguaia;2023;Secretaria Municipal de Financas;Pessoal e Encargos Sociais;2731714;2731714;2692527
São Félix do Araguaia;2023;Secretaria Municipal de Financas;Juros e Encargos da Dívida;3151624;3151624;3151624
São Félix do Araguaia;2023;Secretaria Municipal de Financas;Outras Despesas Correntes;1579662;1579342;1577775
São Félix do Araguaia;2023;Secretaria Municipal de Financas;Investimentos;7411;7411;7411
São Félix do Araguaia;2023;Secretaria Municipal de Financas;Amortização da Dívida;1574486;1574486;1574486
São Félix do Araguaia;2023;Secretaria Municipal de Saude;Pessoal e Encargos Sociais;13785791;13785791;13293138
São Félix do Araguaia;2023;Secretaria Municipal de Saude;Outras Despesas Correntes;14498999;14364654;14321243
São Félix do Araguaia;2023;Secretaria Municipal de Saude;Investimentos;521962;497243;497242
São Félix do Araguaia;2023;Secretaria Municipal de Educacao e Cultura;Pessoal e Encargos Sociais;20958355;20958355;20709104
São Félix do Araguaia;2023;Secretaria Municipal de Educacao e Cultura;Outras Despesas Correntes;9569688;9531490;9440499
São Félix do Araguaia;2023;Secretaria Municipal de Educacao e Cultura;Investimentos;400293;392285;255269
São Félix do Araguaia;2023;Secretaria Municipal de Obras e Servicos Urbanos;Pessoal e Encargos Sociais;2578398;2578398;2549868
São Félix do Araguaia;2023;Secretaria Municipal de Obras e Servicos Urbanos;Outras Despesas Correntes;12831607;12818810;12721692
São Félix do Araguaia;2023;Secretaria Municipal de Obras e Servicos Urbanos;Investimentos;22143326;21959599;21464254
São Félix do Araguaia;2023;Secretaria Municipal de Agricultura;Pessoal e Encargos Sociais;800607;800607;789406
São Félix do Araguaia;2023;Secretaria Municipal de Agricultura;Outras Despesas Correntes;424407;414874;406907
São Félix do Araguaia;2023;Secretaria Municipal de Agricultura;Investimentos;572880;572880;572880
São Félix do Araguaia;2023;Secretaria Municipal de Turismo e Meio Ambiente;Pessoal e Encargos Sociais;88454;88454;87538
São Félix do Araguaia;2023;Secretaria Municipal de Turismo e Meio Ambiente;Outras Despesas Correntes;2391823;2390039;2386822
São Félix do Araguaia;2023;Secretaria Municipal de Turismo e Meio Ambiente;Investimentos;17600;17600;17600
São Félix do Araguaia;2023;Secretaria Municipal de Esportes e Lazer;Pessoal e Encargos Sociais;150068;150068;147934
São Félix do Araguaia;2023;Secretaria Municipal de Esportes e Lazer;Outras Despesas Correntes;604461;604461;591402
São Félix do Araguaia;2023;Secretaria Municipal de Esportes e Lazer;Investimentos;259892;259892;259892
São Félix do Araguaia;2023;Secretaria Municipal de Meio Ambiente;Pessoal e Encargos Sociais;583861;583861;572368
São Félix do Araguaia;2023;Secretaria Municipal de Meio Ambiente;Outras Despesas Correntes;636210;634081;612256
São Félix do Araguaia;2023;Gabinete do Prefeito Municipal;Pessoal e Encargos Sociais;1573905;1573905;1555257
São Félix do Araguaia;2023;Gabinete do Prefeito Municipal;Outras Despesas Correntes;2611834;2601187;2537878
São Félix do Araguaia;2023;Gabinete do Prefeito Municipal;Investimentos;13340;12520;12520
São Félix do Araguaia;2023;Camara Municipal de Sao Felix do Araguaia;Pessoal e Encargos Sociais;2941576;2941576;2941576
São Félix do Araguaia;2023;Camara Municipal de Sao Felix do Araguaia;Outras Despesas Correntes;1507578;1499628;1499628
São Félix do Araguaia;2023;Camara Municipal de Sao Felix do Araguaia;Investimentos;13582;13582;13582
São Félix do Araguaia;2023;Secretaria Municipal de Admin, Planej.de Fazenda;Pessoal e Encargos Sociais;6053135;6053135;5725019
São Félix do Araguaia;2023;Secretaria Municipal de Admin, Planej.de Fazenda;Outras Despesas Correntes;6247225;6130467;6023710
São Félix do Araguaia;2023;Secretaria Municipal de Admin, Planej.de Fazenda;Investimentos;35612;34352;34352
São Félix do Araguaia;2023;Secretaria Munic.de Desenv.e Acao Social;Pessoal e Encargos Sociais;2857036;2857036;2813687
São Félix do Araguaia;2023;Secretaria Munic.de Desenv.e Acao Social;Outras Despesas Correntes;1526191;1522073;1511247
São Félix do Araguaia;2023;Secretaria Munic.de Desenv.e Acao Social;Investimentos;339691;339691;339691
São Félix do Araguaia;2023;Ipasfa - Instituto de Previdencia de Sao Felix;Pessoal e Encargos Sociais;2856827;2856827;2856827
São Félix do Araguaia;2023;Ipasfa - Instituto de Previdencia de Sao Felix;Outras Despesas Correntes;297826;297372;297372
São Félix do Araguaia;2023;Ipasfa - Instituto de Previdencia de Sao Felix;Investimentos;16756;16756;16756
São Félix do Araguaia;2024;Secretaria Municipal de Financas;Pessoal e Encargos Sociais;2714508;2714508;2541475
São Félix do Araguaia;2024;Secretaria Municipal de Financas;Juros e Encargos da Dívida;2892686;2892686;2888368
São Félix do Araguaia;2024;Secretaria Municipal de Financas;Outras Despesas Correntes;2455930;2455822;2344870
São Félix do Araguaia;2024;Secretaria Municipal de Financas;Investimentos;299900;299900;299900
São Félix do Araguaia;2024;Secretaria Municipal de Financas;Amortização da Dívida;4505622;4505622;4475872
São Félix do Araguaia;2024;Secretaria Municipal de Saude;Pessoal e Encargos Sociais;14257511;14257511;12418200
São Félix do Araguaia;2024;Secretaria Municipal de Saude;Outras Despesas Correntes;15831101;15821679;15242161
São Félix do Araguaia;2024;Secretaria Municipal de Saude;Investimentos;465470;465470;437860
São Félix do Araguaia;2024;Secretaria Municipal de Educacao e Cultura;Pessoal e Encargos Sociais;19197355;19197355;18139566
São Félix do Araguaia;2024;Secretaria Municipal de Educacao e Cultura;Outras Despesas Correntes;12384934;12384315;10329058
São Félix do Araguaia;2024;Secretaria Municipal de Educacao e Cultura;Investimentos;224030;224030;205471
São Félix do Araguaia;2024;Secretaria Municipal de Obras e Servicos Urbanos;Pessoal e Encargos Sociais;2443120;2443120;2328166
São Félix do Araguaia;2024;Secretaria Municipal de Obras e Servicos Urbanos;Outras Despesas Correntes;13365796;13365796;12155463
São Félix do Araguaia;2024;Secretaria Municipal de Obras e Servicos Urbanos;Investimentos;33010045;33010045;32941603
São Félix do Araguaia;2024;Secretaria Municipal de Agricultura;Pessoal e Encargos Sociais;851979;851979;810219
São Félix do Araguaia;2024;Secretaria Municipal de Agricultura;Outras Despesas Correntes;666880;666880;538567
São Félix do Araguaia;2024;Secretaria Municipal de Agricultura;Investimentos;68528;68528;68528
São Félix do Araguaia;2024;Secretaria Municipal de Turismo e Meio Ambiente;Pessoal e Encargos Sociais;52626;52626;51202
São Félix do Araguaia;2024;Secretaria Municipal de Turismo e Meio Ambiente;Outras Despesas Correntes;3603209;3603209;3464252
São Félix do Araguaia;2024;Secretaria Municipal de Turismo e Meio Ambiente;Investimentos;4489;4489;0
São Félix do Araguaia;2024;Secretaria Municipal de Esportes e Lazer;Pessoal e Encargos Sociais;218725;218725;213771
São Félix do Araguaia;2024;Secretaria Municipal de Esportes e Lazer;Outras Despesas Correntes;1035758;1035758;931598
São Félix do Araguaia;2024;Secretaria Municipal de Esportes e Lazer;Investimentos;176070;176070;176070
São Félix do Araguaia;2024;Secretaria Municipal de Meio Ambiente;Pessoal e Encargos Sociais;730916;730916;701634
São Félix do Araguaia;2024;Secretaria Municipal de Meio Ambiente;Outras Despesas Correntes;562547;562547;489203
São Félix do Araguaia;2024;Secretaria Municipal de Meio Ambiente;Investimentos;6755;6755;0
São Félix do Araguaia;2024;Gabinete do Prefeito Municipal;Pessoal e Encargos Sociais;1639923;1639923;1551218
São Félix do Araguaia;2024;Gabinete do Prefeito Municipal;Outras Despesas Correntes;2412596;2412596;2236461
São Félix do Araguaia;2024;Gabinete do Prefeito Municipal;Investimentos;19887;19887;5987
São Félix do Araguaia;2024;Camara Municipal de Sao Felix do Araguaia;Pessoal e Encargos Sociais;3156103;3156103;3156103
São Félix do Araguaia;2024;Camara Municipal de Sao Felix do Araguaia;Outras Despesas Correntes;1631840;1496840;1496840
São Félix do Araguaia;2024;Camara Municipal de Sao Felix do Araguaia;Investimentos;80160;80160;80160
São Félix do Araguaia;2024;Secretaria Municipal de Admin, Planej.de Fazenda;Pessoal e Encargos Sociais;6035040;6035040;5619805
São Félix do Araguaia;2024;Secretaria Municipal de Admin, Planej.de Fazenda;Outras Despesas Correntes;7182262;7179609;6040750
São Félix do Araguaia;2024;Secretaria Municipal de Admin, Planej.de Fazenda;Investimentos;253809;253809;212225
São Félix do Araguaia;2024;Secretaria Munic.de Desenv.e Acao Social;Pessoal e Encargos Sociais;2759798;2759798;2601769
São Félix do Araguaia;2024;Secretaria Munic.de Desenv.e Acao Social;Outras Despesas Correntes;2177683;2177395;1902941
São Félix do Araguaia;2024;Secretaria Munic.de Desenv.e Acao Social;Investimentos;779094;779094;779094
São Félix do Araguaia;2024;Ipasfa - Instituto de Previdencia de Sao Felix;Pessoal e Encargos Sociais;3455318;3455318;3455318
São Félix do Araguaia;2024;Ipasfa - Instituto de Previdencia de Sao Felix;Outras Despesas Correntes;273965;273959;273959
São Félix do Araguaia;2024;Ipasfa - Instituto de Previdencia de Sao Felix;Investimentos;1102;1102;1102
São Félix do Araguaia;2025;Secretaria Municipal de Saude;Pessoal e Encargos Sociais;17204644;17204644;16760127
São Félix do Araguaia;2025;Secretaria Municipal de Saude;Outras Despesas Correntes;16185447;16113951;15110238
São Félix do Araguaia;2025;Secretaria Municipal de Saude;Investimentos;1176236;1176236;1153485
São Félix do Araguaia;2025;Secretaria Municipal de Educacao e Cultura;Pessoal e Encargos Sociais;19941688;19941688;19369230
São Félix do Araguaia;2025;Secretaria Municipal de Educacao e Cultura;Outras Despesas Correntes;12006399;11068664;9355690
São Félix do Araguaia;2025;Secretaria Municipal de Educacao e Cultura;Investimentos;598861;598859;577700
São Félix do Araguaia;2025;Secretaria Municipal de Obras e Servicos Urbanos;Pessoal e Encargos Sociais;2373262;2373262;2296793
São Félix do Araguaia;2025;Secretaria Municipal de Obras e Servicos Urbanos;Outras Despesas Correntes;16661521;16611295;14109704
São Félix do Araguaia;2025;Secretaria Municipal de Obras e Servicos Urbanos;Investimentos;12479306;12476632;12230267
São Félix do Araguaia;2025;Secretaria Municipal de Agricultura;Pessoal e Encargos Sociais;1082226;1082226;1051238
São Félix do Araguaia;2025;Secretaria Municipal de Agricultura;Outras Despesas Correntes;1236601;1235858;966446
São Félix do Araguaia;2025;Secretaria Municipal de Agricultura;Investimentos;296666;296665;290676
São Félix do Araguaia;2025;Secretaria Municipal de Finanças;Pessoal e Encargos Sociais;2734992;2734992;2615193
São Félix do Araguaia;2025;Secretaria Municipal de Finanças;Juros e Encargos da Dívida;658245;658245;658245
São Félix do Araguaia;2025;Secretaria Municipal de Finanças;Outras Despesas Correntes;2111722;2088042;1842862
São Félix do Araguaia;2025;Secretaria Municipal de Finanças;Investimentos;3945;3945;3945
São Félix do Araguaia;2025;Secretaria Municipal de Finanças;Amortização da Dívida;11870164;11870164;11850472
São Félix do Araguaia;2025;Secretaria Municipal de Turismo e Meio Ambiente;Pessoal e Encargos Sociais;342603;342603;334977
São Félix do Araguaia;2025;Secretaria Municipal de Turismo e Meio Ambiente;Outras Despesas Correntes;7729551;7718606;7389176
São Félix do Araguaia;2025;Secretaria Municipal de Turismo e Meio Ambiente;Investimentos;134524;134524;130299
São Félix do Araguaia;2025;Secretaria Municipal de Esportes e Lazer;Pessoal e Encargos Sociais;278688;278688;272419
São Félix do Araguaia;2025;Secretaria Municipal de Esportes e Lazer;Outras Despesas Correntes;1672330;1645917;1423899
São Félix do Araguaia;2025;Secretaria Municipal de Esportes e Lazer;Investimentos;438408;438408;188115
São Félix do Araguaia;2025;Secretaria Municipal de Meio Ambiente;Pessoal e Encargos Sociais;880855;880855;860638
São Félix do Araguaia;2025;Secretaria Municipal de Meio Ambiente;Outras Despesas Correntes;785965;778892;664385
São Félix do Araguaia;2025;Secretaria Municipal de Meio Ambiente;Investimentos;69509;69509;64911
São Félix do Araguaia;2025;Gabinete do Prefeito Municipal;Pessoal e Encargos Sociais;1917234;1916401;1826213
São Félix do Araguaia;2025;Gabinete do Prefeito Municipal;Outras Despesas Correntes;3095570;3061454;2729833
São Félix do Araguaia;2025;Gabinete do Prefeito Municipal;Investimentos;1152136;1152136;182647
São Félix do Araguaia;2025;Camara Municipal de Sao Felix do Araguaia;Pessoal e Encargos Sociais;3502998;3502998;3502998
São Félix do Araguaia;2025;Camara Municipal de Sao Felix do Araguaia;Outras Despesas Correntes;1746826;1746826;1746826
São Félix do Araguaia;2025;Camara Municipal de Sao Felix do Araguaia;Investimentos;508300;268300;268300
São Félix do Araguaia;2025;Secretaria Municipal de Admin, Planej.de Fazenda;Pessoal e Encargos Sociais;6415248;6415248;6188594
São Félix do Araguaia;2025;Secretaria Municipal de Admin, Planej.de Fazenda;Outras Despesas Correntes;7075280;6928021;6207408
São Félix do Araguaia;2025;Secretaria Municipal de Admin, Planej.de Fazenda;Investimentos;79628;79628;49029
São Félix do Araguaia;2025;Secretaria Munic.de Desenv.e Acao Social;Pessoal e Encargos Sociais;3487513;3487513;3345107
São Félix do Araguaia;2025;Secretaria Munic.de Desenv.e Acao Social;Outras Despesas Correntes;2860255;2832473;2551926
São Félix do Araguaia;2025;Secretaria Munic.de Desenv.e Acao Social;Investimentos;3003486;2019094;1457099
São Félix do Araguaia;2025;Ipasfa - Instituto de Previdencia de Sao Felix;Pessoal e Encargos Sociais;4086637;4086637;4086637
São Félix do Araguaia;2025;Ipasfa - Instituto de Previdencia de Sao Felix;Outras Despesas Correntes;324174;320872;320872
São Félix do Araguaia;2025;Ipasfa - Instituto de Previdencia de Sao Felix;Investimentos;965;965;965
São Félix do Araguaia;2026;Secretaria Municipal de Educacao e Cultura;Pessoal e Encargos Sociais;7934155;7934155;7366900
São Félix do Araguaia;2026;Secretaria Municipal de Educacao e Cultura;Outras Despesas Correntes;4819001;4103663;3012360
São Félix do Araguaia;2026;Secretaria Municipal de Educacao e Cultura;Investimentos;444760;444760;439360
São Félix do Araguaia;2026;Secretaria Municipal de Agricultura;Pessoal e Encargos Sociais;599552;599552;532606
São Félix do Araguaia;2026;Secretaria Municipal de Agricultura;Outras Despesas Correntes;705556;594002;348785
São Félix do Araguaia;2026;Secretaria Municipal de Finanças;Pessoal e Encargos Sociais;1130713;1130713;982644
São Félix do Araguaia;2026;Secretaria Municipal de Finanças;Outras Despesas Correntes;657737;657737;578974
São Félix do Araguaia;2026;Secretaria Municipal de Finanças;Investimentos;4610;4610;4610
São Félix do Araguaia;2026;Secretaria Municipal de Finanças;Amortização da Dívida;5203602;5203602;5203602
São Félix do Araguaia;2026;Secretaria Municipal de Obras e Serviços Urbanos;Pessoal e Encargos Sociais;1290670;1290670;1157983
São Félix do Araguaia;2026;Secretaria Municipal de Obras e Serviços Urbanos;Outras Despesas Correntes;5544405;4775110;3550939
São Félix do Araguaia;2026;Secretaria Municipal de Obras e Serviços Urbanos;Investimentos;2242072;2242072;1744566
São Félix do Araguaia;2026;Secretaria Municipal de Esportes e Lazer;Pessoal e Encargos Sociais;244025;244025;222399
São Félix do Araguaia;2026;Secretaria Municipal de Esportes e Lazer;Outras Despesas Correntes;1238865;1060077;705726
São Félix do Araguaia;2026;Secretaria Municipal de Esportes e Lazer;Investimentos;277184;277184;238101
São Félix do Araguaia;2026;Secretaria Municipal de Turismo;Pessoal e Encargos Sociais;154796;154796;146045
São Félix do Araguaia;2026;Secretaria Municipal de Turismo;Outras Despesas Correntes;2017112;1943403;1520106
São Félix do Araguaia;2026;Secretaria Municipal de Turismo;Investimentos;1226442;146442;13442
São Félix do Araguaia;2026;Secretaria Municipal de Meio Ambiente;Pessoal e Encargos Sociais;463563;463563;415877
São Félix do Araguaia;2026;Secretaria Municipal de Meio Ambiente;Outras Despesas Correntes;472672;417795;321282
São Félix do Araguaia;2026;Gabinete do Prefeito Municipal;Pessoal e Encargos Sociais;1001727;1001727;916183
São Félix do Araguaia;2026;Gabinete do Prefeito Municipal;Outras Despesas Correntes;1823620;1515098;1000264
São Félix do Araguaia;2026;Gabinete do Prefeito Municipal;Investimentos;3047;3047;1358
São Félix do Araguaia;2026;Camara Municipal de Sao Felix do Araguaia;Pessoal e Encargos Sociais;2046284;2042684;2042684
São Félix do Araguaia;2026;Camara Municipal de Sao Felix do Araguaia;Outras Despesas Correntes;1304287;1105737;1057723
São Félix do Araguaia;2026;Camara Municipal de Sao Felix do Araguaia;Investimentos;573690;573690;573690
São Félix do Araguaia;2026;Secretaria Municipal de Admin, Planej.de Fazenda;Pessoal e Encargos Sociais;3429490;3429490;2965459
São Félix do Araguaia;2026;Secretaria Municipal de Admin, Planej.de Fazenda;Outras Despesas Correntes;3327011;3054702;2551923
São Félix do Araguaia;2026;Secretaria Municipal de Admin, Planej.de Fazenda;Investimentos;22868;22868;2910
São Félix do Araguaia;2026;Ipasfa - Instituto de Previdencia de Sao Felix;Pessoal e Encargos Sociais;2634345;2634345;2634345
São Félix do Araguaia;2026;Ipasfa - Instituto de Previdencia de Sao Felix;Outras Despesas Correntes;346038;217281;217131
São Félix do Araguaia;2026;Ipasfa - Instituto de Previdencia de Sao Felix;Investimentos;8145;8145;8145
São Félix do Araguaia;2026;Secretaria Municipal de Sáude;Pessoal e Encargos Sociais;7785218;7785218;6793406
São Félix do Araguaia;2026;Secretaria Municipal de Sáude;Outras Despesas Correntes;8786945;8613413;7660880
São Félix do Araguaia;2026;Secretaria Municipal de Sáude;Investimentos;758179;658764;461474
São Félix do Araguaia;2026;Secretaria Municipal de Desenv. Assistência Social;Pessoal e Encargos Sociais;1583889;1583889;1347662
São Félix do Araguaia;2026;Secretaria Municipal de Desenv. Assistência Social;Outras Despesas Correntes;1524852;1374172;1031779
São Félix do Araguaia;2026;Secretaria Municipal de Desenv. Assistência Social;Investimentos;136057;136030;96814
