municipio;exercicio;orgao;programa;liquidado
Água Boa;2021;Gabinete do Prefeito;Gestão Administrativa do Gabinete do Prefeito;2268246
Água Boa;2021;Camara Municipal;Gestão Administrativa do Poder Legislativo;3095000
Água Boa;2021;Secretaria de Saúde;Saúde com Qualidade;16512789
Água Boa;2021;Secretaria de Saúde;Atenção em Saúde;30505114
Água Boa;2021;Secretaria de Saúde;Covid-19 - Coronavírus;131067
Água Boa;2021;Secretaria de Assistência Social;Atendimento Assistencial a População;2601471
Água Boa;2021;Secretaria de Assistência Social;Programas Federais e Estaduais Conveniados;415992
Água Boa;2021;Secretaria de Finanças;Gestão Administrativa da Secretaria de Planejamento e Finanças;2856720
Água Boa;2021;Secretaria de Finanças;Gestão Tributos Municipais;870733
Água Boa;2021;Secretaria de Finanças;Gestão da Dívida Municipal;132058
Água Boa;2021;Secretaria de Finanças;Alienação de Imóveis;34590
Água Boa;2021;Secretaria de Educação;Ensino Fundamental;2862475
Água Boa;2021;Secretaria de Educação;Ensino Superior;509714
Água Boa;2021;Secretaria de Educação;Educação Especial;300000
Água Boa;2021;Secretaria de Educação;Cultura;44493
Água Boa;2021;Secretaria de Educação;Ensino Infantil;276203
Água Boa;2021;Secretaria de Educação;Rede Municipal de Ensino;5239732
Água Boa;2021;Secretaria de Educação;Ensino Fundamental - FUNDEB;13537256
Água Boa;2021;Secretaria de Educação;Educação Infantil - FUNDEB;7399782
Água Boa;2021;Secretaria de Educação;Nutrição Alimentar;1301696
Água Boa;2021;Secretaria de Educação;Ensino Fundamental - Vinculados;778382
Água Boa;2021;Secretaria de Educação;Desporto Municipio;24643
Água Boa;2021;Secretaria de Administracáo;Gestão Administrativa da Secretaria de Administração;527945
Água Boa;2021;Secretaria de Infraestrutura;Frota Municipal;255021
Água Boa;2021;Secretaria de Infraestrutura;Gestão Administrativa da Infraestrutura;647075
Água Boa;2021;Secretaria de Infraestrutura;Viação Urbana;2025
Água Boa;2021;Secretaria de Infraestrutura;Viação Rural;6401
Água Boa;2021;Fundo Municipal de Previdência dos Servidores de Água Boa - Água Previ;Gestão Administrativa do - Água Previ.;6002449
Água Boa;2021;Secretaria Municipal de Cidade e Meio Ambiente;Saneamento Básico;1486790
Água Boa;2021;Secretaria Municipal de Cidade e Meio Ambiente;Infraestrutura de Rede Elétrica Urbana e Rural;1330702
Água Boa;2021;Secretaria Municipal de Cidade e Meio Ambiente;Gestão Administrativa do Meio Ambiente;90781
Água Boa;2021;Secretaria Municipal de Cidade e Meio Ambiente;Infraestrutura Municipal Urbana;842437
Água Boa;2021;Secretaria Municipal de Cidade e Meio Ambiente;Luz na Cidade;515500
Água Boa;2021;Secretaria Municipal de Cidade e Meio Ambiente;Construção do Novo Fórum de Água Boa - MT.;400332
Água Boa;2021;Secretaria de Planejamento e Finanças;Gestão Administrativa da Secretaria de Planejamento e Finanças;1021498
Água Boa;2021;Secretaria de Planejamento e Finanças;Gestão Tributos Municipais;77562
Água Boa;2021;Secretaria de Planejamento e Finanças;Gestão da Dívida Municipal;283058
Água Boa;2021;Secretaria de Planejamento e Finanças;Alienação de Imóveis;64229
Água Boa;2021;Secretaria de Desenvolvimento Industria Comércio e Turismo;Gestão Administrativa do Desenvolvimento Municipal;1453095
Água Boa;2021;Secretaria de Desenvolvimento Industria Comércio e Turismo;Gestão da Agricultura e Pecuária;12133
Água Boa;2021;Secretaria de Desenvolvimento Industria Comércio e Turismo;Gestão Administrativa Industria e Comércio e Serviço;349987
Água Boa;2021;Secretaria de Desenvolvimento Industria Comércio e Turismo;Espaço Turístico e de Lazer;1952271
Água Boa;2021;Secretaria de Administracáo e Planejamento;Gestão Administrativa da Secretaria de Administração;5890496
Água Boa;2021;Secretaria de Infraestrutura e Meio Ambiente;Saneamento Básico;6489885
Água Boa;2021;Secretaria de Infraestrutura e Meio Ambiente;Frota Municipal;1604855
Água Boa;2021;Secretaria de Infraestrutura e Meio Ambiente;Infraestrutura de Rede Elétrica Urbana e Rural;973854
Água Boa;2021;Secretaria de Infraestrutura e Meio Ambiente;Gestão Administrativa do Meio Ambiente;410195
Água Boa;2021;Secretaria de Infraestrutura e Meio Ambiente;Gestão Administrativa da Infraestrutura;2583181
Água Boa;2021;Secretaria de Infraestrutura e Meio Ambiente;Viação Urbana;2261403
Água Boa;2021;Secretaria de Infraestrutura e Meio Ambiente;Viação Rural;2204344
Água Boa;2021;Secretaria de Infraestrutura e Meio Ambiente;Infraestrutura Municipal Urbana;5052786
Água Boa;2021;Secretaria de Infraestrutura e Meio Ambiente;Luz na Cidade;1619592
Água Boa;2021;Secretaria de Infraestrutura e Meio Ambiente;Construção do Novo Fórum de Água Boa - MT.;2421076
Água Boa;2021;Secretaria de Esporte, Cultura, Lazer e Eventos;Cultura;1467920
Água Boa;2021;Secretaria de Esporte, Cultura, Lazer e Eventos;Desporto Municipio;1060494
Água Boa;2021;Secretaria de Esporte, Cultura, Lazer e Eventos;Especial de Natal;309144
Água Boa;2022;Gabinete do Prefeito;Gestão Administrativa do Gabinete do Prefeito;3072133
Água Boa;2022;Camara Municipal;Gestão Administrativa do Poder Legislativo;3863000
Água Boa;2022;Secretaria de Saúde;Saneamento Básico;1405981
Água Boa;2022;Secretaria de Saúde;Saúde com Qualidade;22836310
Água Boa;2022;Secretaria de Saúde;Atenção em Saúde;39598644
Água Boa;2022;Secretaria de Assistência Social;Atendimento Assistencial a População;4545874
Água Boa;2022;Secretaria de Assistência Social;Programas Federais e Estaduais Conveniados;426363
Água Boa;2022;Secretaria de Finanças;Gestão Tributos Municipais;1365060
Água Boa;2022;Secretaria de Finanças;Gestão da Dívida Municipal;717150
Água Boa;2022;Secretaria de Finanças;Gestão Administrativa da Secretaria de Finanças;6284629
Água Boa;2022;Secretaria de Educação;Ensino Fundamental;9149329
Água Boa;2022;Secretaria de Educação;Ensino Superior;874952
Água Boa;2022;Secretaria de Educação;Educação Especial;330000
Água Boa;2022;Secretaria de Educação;Ensino Infantil;2828865
Água Boa;2022;Secretaria de Educação;Rede Municipal de Ensino;4518996
Água Boa;2022;Secretaria de Educação;Ensino Fundamental - FUNDEB;19908478
Água Boa;2022;Secretaria de Educação;Educação Infantil - FUNDEB;9377063
Água Boa;2022;Secretaria de Educação;Ensino Fundamental - Vinculados;804780
Água Boa;2022;Secretaria de Educação;Nutrição Alimentar - Merenda Escolar;2576759
Água Boa;2022;Fundo Municipal de Previdência dos Servidores de Água Boa - Água Previ;Gestão Administrativa do - Água Previ.;8908961
Água Boa;2022;Secretaria de Desenvolvimento Industria Comércio e Turismo;Gestão Administrativa do Desenvolvimento Municipal;3072131
Água Boa;2022;Secretaria de Desenvolvimento Industria Comércio e Turismo;Gestão da Agricultura e Pecuária;253209
Água Boa;2022;Secretaria de Desenvolvimento Industria Comércio e Turismo;Espaço Turístico e de Lazer;456573
Água Boa;2022;Secretaria de Desenvolvimento Industria Comércio e Turismo;Gestão Administrativa Industria Comércio Serviço e Turismo;1780769
Água Boa;2022;Secretaria de Administracáo e Planejamento;Gestão da Secretaria de Administração e Planejamento;9537839
Água Boa;2022;Secretaria de Administracáo e Planejamento;Concursos Públicos e Processos de Seleção;9000
Água Boa;2022;Secretaria de Administracáo e Planejamento;Acoes de Segurança Publica;68680
Água Boa;2022;Secretaria de Infraestrutura e Meio Ambiente;Saneamento Básico;7941884
Água Boa;2022;Secretaria de Infraestrutura e Meio Ambiente;Frota Municipal;7199588
Água Boa;2022;Secretaria de Infraestrutura e Meio Ambiente;Gestão Administrativa do Meio Ambiente;462593
Água Boa;2022;Secretaria de Infraestrutura e Meio Ambiente;Viação Rural;4944351
Água Boa;2022;Secretaria de Infraestrutura e Meio Ambiente;Luz na Cidade;1267545
Água Boa;2022;Secretaria de Infraestrutura e Meio Ambiente;Construção do Novo Fórum de Água Boa - MT.;1546504
Água Boa;2022;Secretaria de Infraestrutura e Meio Ambiente;Infraestrutura e Desenvolvimento Municipal Urbano;22892936
Água Boa;2022;Secretaria de Infraestrutura e Meio Ambiente;Gestão Administrativa da Secretaria de Infraestrutura e Meio Ambiente;6784064
Água Boa;2022;Secretaria de Infraestrutura e Meio Ambiente;Aperfeiçoamento da Viação Urbana do Município;824225
Água Boa;2022;Secretaria de Infraestrutura e Meio Ambiente;Infraestrutura de Rede Elétrica Urbana;3795546
Água Boa;2022;Secretaria de Infraestrutura e Meio Ambiente;Manutenção das Atividades do Aeroporto Regional;2618
Água Boa;2022;Secretaria de Infraestrutura e Meio Ambiente;Apoio a Execução de Habitação e Infraestrutura;52082
Água Boa;2022;Secretaria de Infraestrutura e Meio Ambiente;Manutenção e Infraestrutura do Aeroporto Local;265836
Água Boa;2022;Secretaria de Esporte, Cultura, Lazer e Eventos;Cultura;3569851
Água Boa;2022;Secretaria de Esporte, Cultura, Lazer e Eventos;Desporto Municipio;2977576
Água Boa;2022;Secretaria de Esporte, Cultura, Lazer e Eventos;Apoio Aos Direitos da Mulher;534066
Água Boa;2023;Gabinete do Prefeito;Gestão Administrativa do Gabinete do Prefeito;3158479
Água Boa;2023;Camara Municipal;Gestão Administrativa do Poder Legislativo;4673000
Água Boa;2023;Secretaria de Saúde;Saúde com Qualidade;28197462
Água Boa;2023;Secretaria de Saúde;Atenção em Saúde;50209950
Água Boa;2023;Secretaria de Saúde;Gestão da Vigilância Sanitária;50000
Água Boa;2023;Secretaria de Assistência Social;Atendimento Assistencial a População;4412653
Água Boa;2023;Secretaria de Assistência Social;Programas Federais e Estaduais Conveniados;801535
Água Boa;2023;Secretaria de Assistência Social;Apoio a Ações Assistenciais a Crianças e Adolescentes;201396
Água Boa;2023;Secretaria de Assistência Social;Apoio Assistencial ao Idoso;320633
Água Boa;2023;Secretaria de Finanças;Gestão Tributos Municipais;1877333
Água Boa;2023;Secretaria de Finanças;Gestão da Dívida Municipal;2675736
Água Boa;2023;Secretaria de Finanças;Gestão Administrativa da Secretaria de Finanças;6848463
Água Boa;2023;Secretaria de Esporte, Cultura e Lazer;Cultura;4133260
Água Boa;2023;Secretaria de Esporte, Cultura e Lazer;Desporto Municipio;3773330
Água Boa;2023;Secretaria de Esporte, Cultura e Lazer;Espaço Turístico e de Lazer;500
Água Boa;2023;Secretaria de Esporte, Cultura e Lazer;Aprimorar o Meio Cultural do Município;59863
Água Boa;2023;Secretaria de Educação;Ensino Fundamental;11721929
Água Boa;2023;Secretaria de Educação;Ensino Superior;708040
Água Boa;2023;Secretaria de Educação;Educação Especial;360000
Água Boa;2023;Secretaria de Educação;Ensino Infantil;6129091
Água Boa;2023;Secretaria de Educação;Rede Municipal de Ensino;6317706
Água Boa;2023;Secretaria de Educação;Ensino Fundamental - FUNDEB;20243108
Água Boa;2023;Secretaria de Educação;Educação Infantil - FUNDEB;11825056
Água Boa;2023;Secretaria de Educação;Ensino Fundamental - Vinculados;2105926
Água Boa;2023;Secretaria de Educação;Nutrição Alimentar - Merenda Escolar;2964426
Água Boa;2023;Secretaria de Educação;Estruturação dos Prédios Escolares;2065775
Água Boa;2023;Secretaria de Educação;Infraestrutura e Aprimoramento nas Escolas Municipais;1221237
Água Boa;2023;Fundo Municipal de Previdência dos Servidores de Água Boa - Água Previ;Gestão Administrativa do - Água Previ.;10412629
Água Boa;2023;Secretaria de Infraestrutura e Meio Ambiente;Saneamento Básico;12770138
Água Boa;2023;Secretaria de Infraestrutura e Meio Ambiente;Frota Municipal;7277898
Água Boa;2023;Secretaria de Infraestrutura e Meio Ambiente;Gestão Administrativa do Meio Ambiente;373741
Água Boa;2023;Secretaria de Infraestrutura e Meio Ambiente;Gestão da Agricultura e Pecuária;6324413
Água Boa;2023;Secretaria de Infraestrutura e Meio Ambiente;Viação Rural;811333
Água Boa;2023;Secretaria de Infraestrutura e Meio Ambiente;Luz na Cidade;1531011
Água Boa;2023;Secretaria de Infraestrutura e Meio Ambiente;Construção do Novo Fórum de Água Boa - MT.;631159
Água Boa;2023;Secretaria de Infraestrutura e Meio Ambiente;Infraestrutura e Desenvolvimento Municipal Urbano;9235415
Água Boa;2023;Secretaria de Infraestrutura e Meio Ambiente;Gestão Administrativa da Secretaria de Infraestrutura e Meio Ambiente;5244926
Água Boa;2023;Secretaria de Infraestrutura e Meio Ambiente;Aperfeiçoamento da Viação Urbana do Município;1676904
Água Boa;2023;Secretaria de Infraestrutura e Meio Ambiente;Infraestrutura de Rede Elétrica Urbana;3044587
Água Boa;2023;Secretaria de Infraestrutura e Meio Ambiente;Manutenção e Infraestrutura do Aeroporto Local;468162
Água Boa;2023;Secretaria de Infraestrutura e Meio Ambiente;Pavimentação e Infraestrutura nas Vias do Municipio;9248016
Água Boa;2023;Secretaria de Infraestrutura e Meio Ambiente;Gerir Construções de Casas Populares;105479
Água Boa;2023;Secretaria de Desenvolvimento Econômico, Agricultura e Turismo;Gestão Administrativa do Desenvolvimento Municipal;2920602
Água Boa;2023;Secretaria de Desenvolvimento Econômico, Agricultura e Turismo;Gestão da Agricultura e Pecuária;167186
Água Boa;2023;Secretaria de Desenvolvimento Econômico, Agricultura e Turismo;Infraestrutura e Desenvolvimento Municipal Urbano;52598
Água Boa;2023;Secretaria de Desenvolvimento Econômico, Agricultura e Turismo;Gestão Administrativa Industria Comércio Serviço e Turismo;1874959
Água Boa;2023;Secretaria de Desenvolvimento Econômico, Agricultura e Turismo;Apoio a Capacitação Profissional;7166
Água Boa;2023;Secretaria de Administracão e Planejamento;Gestão da Secretaria de Administração e Planejamento;6917629
Água Boa;2023;Secretaria de Administracão e Planejamento;Apoio a Segurança Pública;675036
Água Boa;2023;Secretaria de Administracão e Planejamento;Concursos Públicos e Processos de Seleção;7900
Água Boa;2023;Secretaria de Administracão e Planejamento;Manutenção das Atividades do Aeroporto Municipal;446028
Água Boa;2024;Gabinete do Prefeito;Gestão Administrativa do Gabinete do Prefeito;2731379
Água Boa;2024;Camara Municipal;Gestão Administrativa do Poder Legislativo;4982492
Água Boa;2024;Secretaria de Saúde;Saúde com Qualidade;32575111
Água Boa;2024;Secretaria de Saúde;Atenção em Saúde;59250951
Água Boa;2024;Secretaria de Saúde;Gestão da Vigilância Sanitária;50000
Água Boa;2024;Secretaria de Assistência Social;Atendimento Assistencial a População;4958317
Água Boa;2024;Secretaria de Assistência Social;Programas Federais e Estaduais Conveniados;771677
Água Boa;2024;Secretaria de Assistência Social;Apoio Aos Direitos da Mulher;5819
Água Boa;2024;Secretaria de Assistência Social;Reintegrar Individuos a Sociedade;52670
Água Boa;2024;Secretaria de Assistência Social;Apoio a Ações Assistenciais a Crianças e Adolescentes;174713
Água Boa;2024;Secretaria de Assistência Social;Apoio Assistencial ao Idoso;55567
Água Boa;2024;Secretaria de Finanças;Gestão Tributos Municipais;2026652
Água Boa;2024;Secretaria de Finanças;Gestão da Dívida Municipal;5430175
Água Boa;2024;Secretaria de Finanças;Gestão Administrativa da Secretaria de Finanças;7378035
Água Boa;2024;Secretaria de Esporte, Cultura e Lazer;Cultura;4110757
Água Boa;2024;Secretaria de Esporte, Cultura e Lazer;Desporto Municipio;3544147
Água Boa;2024;Secretaria de Esporte, Cultura e Lazer;Aprimorar o Meio Cultural do Município;218226
Água Boa;2024;Secretaria de Esporte, Cultura e Lazer;Infraestrutura e Conservação do Esporte;462497
Água Boa;2024;Secretaria de Educação;Ensino Superior;1031827
Água Boa;2024;Secretaria de Educação;Rede Municipal de Ensino;7604879
Água Boa;2024;Secretaria de Educação;Ensino Fundamental - FUNDEB;19039137
Água Boa;2024;Secretaria de Educação;Educação Infantil - FUNDEB;14159379
Água Boa;2024;Secretaria de Educação;Ensino Fundamental - Vinculados;1687145
Água Boa;2024;Secretaria de Educação;Nutrição Alimentar - Merenda Escolar;3012867
Água Boa;2024;Secretaria de Educação;Estruturação dos Prédios Escolares;7021629
Água Boa;2024;Secretaria de Educação;Apoio a Capacitação Profissional;23005
Água Boa;2024;Secretaria de Educação;Ações Voltadas ao Ensino Fundamental;10021424
Água Boa;2024;Secretaria de Educação;Ações Voltadas a Educação Infantil;4086390
Água Boa;2024;Secretaria de Educação;Atividades Voltadas para a Educação Especial;360000
Água Boa;2024;Secretaria de Educação;Gerenciamento do Transporte Escolar;2596465
Água Boa;2024;Secretaria de Educação;Infraestrutura nas Escolas Municipais;1739863
Água Boa;2024;Fundo Municipal de Previdência dos Servidores de Água Boa - Água Previ;Gestão Administrativa do - Água Previ.;12799545
Água Boa;2024;Secretaria de Infraestrutura e Meio Ambiente;Saneamento Básico;17265546
Água Boa;2024;Secretaria de Infraestrutura e Meio Ambiente;Frota Municipal;4880692
Água Boa;2024;Secretaria de Infraestrutura e Meio Ambiente;Gestão Administrativa do Meio Ambiente;358381
Água Boa;2024;Secretaria de Infraestrutura e Meio Ambiente;Viação Rural;689735
Água Boa;2024;Secretaria de Infraestrutura e Meio Ambiente;Infraestrutura Municipal Urbana;12653007
Água Boa;2024;Secretaria de Infraestrutura e Meio Ambiente;Luz na Cidade;1623907
Água Boa;2024;Secretaria de Infraestrutura e Meio Ambiente;Manutenção e Infraestrutura da Zona Rural;3483579
Água Boa;2024;Secretaria de Infraestrutura e Meio Ambiente;Gestão Administrativa da Secretaria de Infraestrutura e Meio Ambiente;5285548
Água Boa;2024;Secretaria de Infraestrutura e Meio Ambiente;Aperfeiçoamento da Viação Urbana do Município;1662137
Água Boa;2024;Secretaria de Infraestrutura e Meio Ambiente;Pavimentação e Infraestrutura nas Vias do Municipio;8758804
Água Boa;2024;Secretaria de Infraestrutura e Meio Ambiente;Infraestrutura Rede Elétrica do Municipio;3058252
Água Boa;2024;Secretaria de Desenvolvimento Econômico, Agricultura e Turismo;Gestão Administrativa do Desenvolvimento Municipal;9173814
Água Boa;2024;Secretaria de Desenvolvimento Econômico, Agricultura e Turismo;Gestão da Agricultura e Pecuária;903862
Água Boa;2024;Secretaria de Desenvolvimento Econômico, Agricultura e Turismo;Gestão Administrativa Industria Comércio Serviço e Turismo;1524296
Água Boa;2024;Secretaria de Desenvolvimento Econômico, Agricultura e Turismo;Manutenção e Infraestrutura da Zona Rural;533647
Água Boa;2024;Secretaria de Desenvolvimento Econômico, Agricultura e Turismo;Apoio a Capacitação Profissional;22779
Água Boa;2024;Secretaria de Administracão e Planejamento;Gestão da Secretaria de Administração e Planejamento;6096449
Água Boa;2024;Secretaria de Administracão e Planejamento;Apoio a Segurança Pública;340660
Água Boa;2024;Secretaria de Administracão e Planejamento;Concursos Públicos e Processos de Seleção;841895
Água Boa;2024;Secretaria de Administracão e Planejamento;Manutenção das Atividades do Aeroporto Municipal;442053
Água Boa;2025;Gabinete do Prefeito;Gestão Administrativa do Gabinete do Prefeito;4057019
Água Boa;2025;Camara Municipal;Gestão Administrativa do Poder Legislativo;5323508
Água Boa;2025;Secretaria de Saúde;Saúde com Qualidade;38199150
Água Boa;2025;Secretaria de Saúde;Atenção em Saúde;62462529
Água Boa;2025;Secretaria de Saúde;Gestão da Vigilância Sanitária;82535
Água Boa;2025;Secretaria de Assistência Social;Atendimento Assistencial a População;3966181
Água Boa;2025;Secretaria de Assistência Social;Apoio Aos Direitos da Mulher;89764
Água Boa;2025;Secretaria de Assistência Social;Apoio a Ações Assistenciais a Crianças e Adolescentes;643152
Água Boa;2025;Secretaria de Assistência Social;Apoio Assistencial ao Idoso;402193
Água Boa;2025;Secretaria de Assistência Social;Gerir Programas Federais e Estaduais;2975564
Água Boa;2025;Secretaria de Finanças;Gestão Tributos Municipais;2630184
Água Boa;2025;Secretaria de Finanças;Gestão da Dívida Municipal;7956481
Água Boa;2025;Secretaria de Finanças;Gestão Administrativa da Secretaria de Finanças;8847087
Água Boa;2025;Secretaria de Esporte, Cultura e Lazer;Gerir a Cultura do Municipio;5362310
Água Boa;2025;Secretaria de Esporte, Cultura e Lazer;Infraestrutura e Conservação do Esporte e Lazer;47960
Água Boa;2025;Secretaria de Esporte, Cultura e Lazer;Gestão Administrativa do Departamento de Esporte;4184579
Água Boa;2025;Secretaria de Educação;Ensino Superior;688900
Água Boa;2025;Secretaria de Educação;Rede Municipal de Ensino;7534950
Água Boa;2025;Secretaria de Educação;Ensino Fundamental - FUNDEB;24282960
Água Boa;2025;Secretaria de Educação;Educação Infantil - FUNDEB;16604398
Água Boa;2025;Secretaria de Educação;Nutrição Alimentar - Merenda Escolar;3295152
Água Boa;2025;Secretaria de Educação;Estruturação dos Prédios Escolares;585868
Água Boa;2025;Secretaria de Educação;Apoio a Capacitação Profissional;4000
Água Boa;2025;Secretaria de Educação;Ações Voltadas ao Ensino Fundamental;12972496
Água Boa;2025;Secretaria de Educação;Ações Voltadas a Educação Infantil;5106125
Água Boa;2025;Secretaria de Educação;Atividades Voltadas para a Educação Especial;380000
Água Boa;2025;Secretaria de Educação;Gerenciamento do Transporte Escolar;1368980
Água Boa;2025;Fundo Municipal de Previdência dos Servidores de Água Boa - Água Previ;Gestão Administrativa do - Água Previ.;14417155
Água Boa;2025;Secretaria de Infraestrutura e Meio Ambiente;Frota Municipal;7286283
Água Boa;2025;Secretaria de Infraestrutura e Meio Ambiente;Gestão Administrativa do Meio Ambiente;605729
Água Boa;2025;Secretaria de Infraestrutura e Meio Ambiente;Infraestrutura Municipal Urbana;10571900
Água Boa;2025;Secretaria de Infraestrutura e Meio Ambiente;Luz na Cidade;1792203
Água Boa;2025;Secretaria de Infraestrutura e Meio Ambiente;Gestão Administrativa da Secretaria de Infraestrutura e Meio Ambiente;7232580
Água Boa;2025;Secretaria de Infraestrutura e Meio Ambiente;Pavimentação e Infraestrutura nas Vias do Municipio;9620663
Água Boa;2025;Secretaria de Infraestrutura e Meio Ambiente;Infraestrutura Rede Elétrica do Municipio;2957149
Água Boa;2025;Secretaria de Infraestrutura e Meio Ambiente;Gerir o Saneamento Básico do Municipio;11075411
Água Boa;2025;Secretaria de Infraestrutura e Meio Ambiente;Manutenção e Infraestrutura na Zona Rural;6216522
Água Boa;2025;Secretaria de Infraestrutura e Meio Ambiente;Gerir a Infraestrutura Habitacional;2208363
Água Boa;2025;Secretaria de Desenvolvimento Econômico, Agricultura e Turismo;Gestão Administrativa do Desenvolvimento Municipal;4565218
Água Boa;2025;Secretaria de Desenvolvimento Econômico, Agricultura e Turismo;Gestão da Agricultura e Pecuária;4109845
Água Boa;2025;Secretaria de Desenvolvimento Econômico, Agricultura e Turismo;Gestão Administrativa Industria Comércio Serviço e Turismo;1269312
Água Boa;2025;Secretaria de Desenvolvimento Econômico, Agricultura e Turismo;Apoio a Capacitação Profissional;11367
Água Boa;2025;Secretaria de Desenvolvimento Econômico, Agricultura e Turismo;Manutenção e Infraestrutura na Zona Rural;115483
Água Boa;2025;Secretaria de Administracão e Planejamento;Gestão do Aeroporto Municipal;571825
Água Boa;2025;Secretaria de Administracão e Planejamento;Gestão da Secretaria de Administração e Planejamento;4673179
Água Boa;2025;Secretaria de Administracão e Planejamento;Apoio a Segurança Pública;551155
Água Boa;2025;Secretaria de Administracão e Planejamento;Concursos Públicos e Processos de Seleção;4500
Água Boa;2025;Secretaria de Administracão e Planejamento;Gestão Administrativa e Apoio Institucional;400000
Água Boa;2025;Secretaria de Administracão e Planejamento;Apoio a Funções de Órgãos Externos;123465
Água Boa;2025;Secretaria de Planejamento, Obras e Engenharia;Gestão de Planejamento Urbano;2501114
Água Boa;2026;Gabinete do Prefeito;Gestão Administrativa do Gabinete do Prefeito;2694098
Água Boa;2026;Camara Municipal;Gestão Administrativa do Poder Legislativo;3344990
Água Boa;2026;Secretaria de Saúde;Gestão do SUS;3613869
Água Boa;2026;Secretaria de Saúde;Saúde: Atenção Básica;16203332
Água Boa;2026;Secretaria de Saúde;MAC: Média e Alta Complexidade Hospitalar;46380145
Água Boa;2026;Secretaria de Saúde;Saúde: Assistência Farmacêutica;1366560
Água Boa;2026;Secretaria de Saúde;Vigilância em Sáude;885697
Água Boa;2026;Secretaria de Finanças;Gestão Tributos Municipais;1705129
Água Boa;2026;Secretaria de Finanças;Gestão da Dívida Municipal;4097395
Água Boa;2026;Secretaria de Finanças;Gestão Administrativa da Secretaria de Finanças;5756659
Água Boa;2026;Secretaria de Esporte, Cultura e Lazer;Gestão da Infraestrutura Esportiva e de Lazer;2505
Água Boa;2026;Secretaria de Esporte, Cultura e Lazer;Gestão Operacional do Departamento de Esporte;2938060
Água Boa;2026;Secretaria de Esporte, Cultura e Lazer;Gestão Administrativa e Operacional da Cultura Municipal;3810939
Água Boa;2026;Secretaria de Educação;Rede Municipal de Ensino;4824968
Água Boa;2026;Secretaria de Educação;Ensino Fundamental - FUNDEB;27150535
Água Boa;2026;Secretaria de Educação;Nutrição Alimentar - Merenda Escolar;2051696
Água Boa;2026;Secretaria de Educação;Estruturação dos Prédios Escolares;3618761
Água Boa;2026;Secretaria de Educação;Ações Voltadas ao Ensino Fundamental;4548611
Água Boa;2026;Secretaria de Educação;Ações Voltadas a Educação Infantil;2042702
Água Boa;2026;Secretaria de Educação;Atividades Voltadas para a Educação Especial;236892
Água Boa;2026;Secretaria de Educação;Gerenciamento do Transporte Escolar;3216388
Água Boa;2026;Secretaria de Educação;Educação Superior para o Desenvolvimento;303184
Água Boa;2026;Fundo Municipal de Previdência dos Servidores de Água Boa - Água Previ;Gestão Administrativa - Água Previ;10364347
Água Boa;2026;Secretaria de Administracão;Gestão do Aeroporto Municipal;337048
Água Boa;2026;Secretaria de Administracão;Apoio a Segurança Pública;1936824
Água Boa;2026;Secretaria de Administracão;Concursos Públicos e Processos de Seleção;1800
Água Boa;2026;Secretaria de Administracão;Gestão da Secretaria de Administração;2687896
Água Boa;2026;Secretaria de Infraestrutura e Meio Ambiente;Gestão Administrativa do Meio Ambiente;228456
Água Boa;2026;Secretaria de Infraestrutura e Meio Ambiente;Estruturação dos Prédios Escolares;8204
Água Boa;2026;Secretaria de Infraestrutura e Meio Ambiente;Gerir o Saneamento Básico do Municipio;5823105
Água Boa;2026;Secretaria de Infraestrutura e Meio Ambiente;Gerir a Infraestrutura Habitacional;286591
Água Boa;2026;Secretaria de Infraestrutura e Meio Ambiente;Gestão de Infraestrutura Urbana e Serviços Públicos;10284193
Água Boa;2026;Secretaria de Infraestrutura e Meio Ambiente;Gestão da Infraestrutura e Mobilidade Municipal;18539974
Água Boa;2026;Secretaria de Planejamento, Obras e Engenharia;Gestão de Planejamento e Obras;2060326
Água Boa;2026;Secretaria de Assistência Social e Cidadania;Atendimento Assistencial a População;4187866
Água Boa;2026;Secretaria de Assistência Social e Cidadania;Apoio Aos Direitos da Mulher;289379
Água Boa;2026;Secretaria de Assistência Social e Cidadania;Apoio Assistencial ao Idoso;2869
Água Boa;2026;Secretaria de Assistência Social e Cidadania;Promoção e Defesa dos Direitos da Criança e do Adolescente;267280
Água Boa;2026;Secretaria de Assistência Social e Cidadania;Gerir Programas Federais, Estaduais e Municipais de Assistência Social;2396889
Água Boa;2026;Secretaria de Desenvolvimento Econômico, Agricultura, Turismo e Inovação;Gestão da Agricultura e Pecuária;3673371
Água Boa;2026;Secretaria de Desenvolvimento Econômico, Agricultura, Turismo e Inovação;Gestão do Desenvolvimento Científico e Tecnológico;170875
Água Boa;2026;Secretaria de Desenvolvimento Econômico, Agricultura, Turismo e Inovação;Gestão Administrativa da Indústria, Comércio e Turismo;1234835
Alto Araguaia;2021;Gabinete do Prefeito;Controle Interno;415411
Alto Araguaia;2021;Gabinete do Prefeito;Apoio Administrativo;800088
Alto Araguaia;2021;Gabinete do Prefeito;Gestão das Políticas de Governo;821863
Alto Araguaia;2021;Camara Municipal;Processo Legislativo;3746138
Alto Araguaia;2021;Secretaria de Administração;Apoio Administrativo;5812177
Alto Araguaia;2021;Secretaria de Administração;Indenizações e Restituições;1532751
Alto Araguaia;2021;Secretaria de Administração;Inativos e Pensionistas;66092
Alto Araguaia;2021;Secretaria de Saúde;Vigilância em Saúde;841541
Alto Araguaia;2021;Secretaria de Saúde;Gestão do SUS;338479
Alto Araguaia;2021;Secretaria de Saúde;Atenção Básica;7306292
Alto Araguaia;2021;Secretaria de Saúde;Assistência Farmacêutica;2624731
Alto Araguaia;2021;Secretaria de Saúde;Média e Alta Complexidade;15143732
Alto Araguaia;2021;Secretaria de Saúde;Covid 19 - Programa de Enfrentamento ao Coronavírus - Covid-19;359066
Alto Araguaia;2021;Secretaria de Educação;Transporte Escolar;3887862
Alto Araguaia;2021;Secretaria de Educação;Apoio Administrativo;585354
Alto Araguaia;2021;Secretaria de Educação;Alimentação Escolar;201959
Alto Araguaia;2021;Secretaria de Educação;Desenvolvimento, Produção e Difusão Cultural;29333
Alto Araguaia;2021;Secretaria de Educação;Gestão do Sistema de Desporto e Lazer;24962
Alto Araguaia;2021;Secretaria de Educação;Expansão e Melhoria Contínua da Educação Básica;14955555
Alto Araguaia;2021;Secretaria de Educação;Ensino Superior de Graduação e Pós Graduação;270200
Alto Araguaia;2021;Fundo de Previdência Municipal;Apoio Administrativo;352677
Alto Araguaia;2021;Fundo de Previdência Municipal;Previdência Social;6306013
Alto Araguaia;2021;Secretaria de Obras;Apoio Administrativo;1137072
Alto Araguaia;2021;Secretaria de Obras;Frota Rodoviária;240000
Alto Araguaia;2021;Secretaria de Obras;Expansão e Melhoria da Infra Estrutura;1997826
Alto Araguaia;2021;Secretaria de Infra-estrutura e Serviços Urbanos;Apoio Administrativo;774007
Alto Araguaia;2021;Secretaria de Infra-estrutura e Serviços Urbanos;Serviços Públicos Urbanos;4280606
Alto Araguaia;2021;Secretaria de Infra-estrutura e Serviços Urbanos;Saneamento Básico Urbano;2354255
Alto Araguaia;2021;Secretaria de Infra-estrutura e Serviços Urbanos;Expansão e Melhoria da Infra Estrutura;4242909
Alto Araguaia;2021;Secretaria de Infra-estrutura e Serviços Urbanos;Manutenção e Expansão da Redede Iluminação Pública;1801302
Alto Araguaia;2021;Secretaria de Finanças e Planejamento;Apoio Administrativo;20407
Alto Araguaia;2021;Secretaria de Finanças e Planejamento;Gestão das Finanças Públicas;2010716
Alto Araguaia;2021;Secretaria de Finanças e Planejamento;Contribuição ao Pasep;905709
Alto Araguaia;2021;Secretaria de Finanças e Planejamento;Amortização de Dívidas;1149074
Alto Araguaia;2021;Secretaria de Cultura, Esporte, Lazer e Turismo;Desenvolvimento, Produção e Difusão Cultural;725412
Alto Araguaia;2021;Secretaria de Cultura, Esporte, Lazer e Turismo;Gestão do Sistema de Desporto e Lazer;75490
Alto Araguaia;2021;Secretaria de Assistência e Desenvolvimento Social;Proteção Social Básica;897891
Alto Araguaia;2021;Secretaria de Assistência e Desenvolvimento Social;Assistência a Criança e ao Adolescente;845473
Alto Araguaia;2021;Secretaria de Assistência e Desenvolvimento Social;Habitação Popular;43919
Alto Araguaia;2021;Secretaria de Assistência e Desenvolvimento Social;Proteção Social Especial de Alta Complexidade;367182
Alto Araguaia;2021;Secretaria de Assistência e Desenvolvimento Social;Assistência Comunitária;1881435
Alto Araguaia;2021;Secretaria de Assistência e Desenvolvimento Social;Acessuas Trabalho;63519
Alto Araguaia;2021;Secretaria de Assistência e Desenvolvimento Social;Gestão do Fundo de Assistência Social;1808559
Alto Araguaia;2021;Secretaria de Assistência e Desenvolvimento Social;Índices de Gestões Descentralizadas;10805
Alto Araguaia;2021;Secretaria de Assistência e Desenvolvimento Social;Índice de Gestão Descentralizada da Gestão do SUAS;22000
Alto Araguaia;2021;Secretaria de Assistência e Desenvolvimento Social;Gestão e Execução das Políticasde Assistência Soci;199686
Alto Araguaia;2021;Secretaria de Assistência e Desenvolvimento Social;Covid 19 - Programa de Enfrentamento ao Coronavírus - Covid-19;37607
Alto Araguaia;2021;Secretaria de Indústria, Comércio e Serviços;Apoio Administrativo;64570
Alto Araguaia;2021;Secretaria de Transporte e Frotas;Apoio Administrativo;110842
Alto Araguaia;2021;Secretaria de Transporte e Frotas;Caminhões, Máquinas e Equipamentos Rodoviários;659000
Alto Araguaia;2021;Secretaria de Transporte e Frotas;Frota Rodoviária;1979478
Alto Araguaia;2021;Secretaria de Meio Ambiente e Desenv. Urbano;Apoio Administrativo;232134
Alto Araguaia;2021;Secretaria de Agricultura,pecuária e Abastecimento;Apoio Administrativo;432545
Alto Araguaia;2021;Secretaria de Agricultura,pecuária e Abastecimento;Proteção a Animais;13077
Alto Araguaia;2021;Secretaria de Agricultura,pecuária e Abastecimento;Desenvolvimento da Agricultura, Pecuária e Melhori;356377
Alto Araguaia;2022;Gabinete do Prefeito;Controle Interno;489492
Alto Araguaia;2022;Gabinete do Prefeito;Apoio Administrativo;848371
Alto Araguaia;2022;Gabinete do Prefeito;Gestão das Políticas de Governo;1108614
Alto Araguaia;2022;Camara Municipal;Processo Legislativo;4480716
Alto Araguaia;2022;Secretaria de Administração;Apoio Administrativo;6252990
Alto Araguaia;2022;Secretaria de Administração;Indenizações e Restituições;1122117
Alto Araguaia;2022;Secretaria de Administração;Inativos e Pensionistas;72813
Alto Araguaia;2022;Secretaria de Saúde;Vigilância em Saúde;987196
Alto Araguaia;2022;Secretaria de Saúde;Gestão do SUS;402796
Alto Araguaia;2022;Secretaria de Saúde;Atenção Básica;10822552
Alto Araguaia;2022;Secretaria de Saúde;Assistência Farmacêutica;3622858
Alto Araguaia;2022;Secretaria de Saúde;Média e Alta Complexidade;17854012
Alto Araguaia;2022;Secretaria de Saúde;Covid 19 - Programa de Enfrentamento ao Coronavírus - Covid-19;977982
Alto Araguaia;2022;Secretaria de Educação;Transporte Escolar;5442131
Alto Araguaia;2022;Secretaria de Educação;Apoio Administrativo;577342
Alto Araguaia;2022;Secretaria de Educação;Alimentação Escolar;219783
Alto Araguaia;2022;Secretaria de Educação;Gestão do Sistema de Desporto e Lazer;111075
Alto Araguaia;2022;Secretaria de Educação;Expansão e Melhoria Contínua da Educação Básica;21591412
Alto Araguaia;2022;Secretaria de Educação;Ensino Superior de Graduação e Pós Graduação;694930
Alto Araguaia;2022;Fundo de Previdência Municipal;Apoio Administrativo;413727
Alto Araguaia;2022;Fundo de Previdência Municipal;Previdência Social;8611102
Alto Araguaia;2022;Secretaria de Obras;Apoio Administrativo;1487095
Alto Araguaia;2022;Secretaria de Obras;Expansão e Melhoria da Infra Estrutura;5285800
Alto Araguaia;2022;Secretaria de Infra-estrutura e Serviços Urbanos;Apoio Administrativo;1017578
Alto Araguaia;2022;Secretaria de Infra-estrutura e Serviços Urbanos;Serviços Públicos Urbanos;4962482
Alto Araguaia;2022;Secretaria de Infra-estrutura e Serviços Urbanos;Saneamento Básico Urbano;2649099
Alto Araguaia;2022;Secretaria de Infra-estrutura e Serviços Urbanos;Expansão e Melhoria da Infra Estrutura;11782213
Alto Araguaia;2022;Secretaria de Infra-estrutura e Serviços Urbanos;Manutenção e Expansão da Redede Iluminação Pública;1759468
Alto Araguaia;2022;Secretaria de Finanças e Planejamento;Apoio Administrativo;9967
Alto Araguaia;2022;Secretaria de Finanças e Planejamento;Gestão das Finanças Públicas;2358763
Alto Araguaia;2022;Secretaria de Finanças e Planejamento;Contribuição ao Pasep;923965
Alto Araguaia;2022;Secretaria de Finanças e Planejamento;Amortização de Dívidas;2550936
Alto Araguaia;2022;Secretaria de Cultura, Esporte, Lazer e Turismo;Apoio Administrativo;37400
Alto Araguaia;2022;Secretaria de Cultura, Esporte, Lazer e Turismo;Desenvolvimento, Produção e Difusão Cultural;954795
Alto Araguaia;2022;Secretaria de Cultura, Esporte, Lazer e Turismo;Gestão do Sistema de Desporto e Lazer;1400261
Alto Araguaia;2022;Secretaria de Assistência e Desenvolvimento Social;Proteção Social Básica;1383543
Alto Araguaia;2022;Secretaria de Assistência e Desenvolvimento Social;Assistência a Criança e ao Adolescente;876913
Alto Araguaia;2022;Secretaria de Assistência e Desenvolvimento Social;Habitação Popular;416518
Alto Araguaia;2022;Secretaria de Assistência e Desenvolvimento Social;Proteção Social Especial de Alta Complexidade;336982
Alto Araguaia;2022;Secretaria de Assistência e Desenvolvimento Social;Assistência Comunitária;2332443
Alto Araguaia;2022;Secretaria de Assistência e Desenvolvimento Social;Acessuas Trabalho;47584
Alto Araguaia;2022;Secretaria de Assistência e Desenvolvimento Social;Gestão do Fundo de Assistência Social;2563985
Alto Araguaia;2022;Secretaria de Assistência e Desenvolvimento Social;Índices de Gestões Descentralizadas;20915
Alto Araguaia;2022;Secretaria de Assistência e Desenvolvimento Social;Índice de Gestão Descentralizada da Gestão do SUAS;12018
Alto Araguaia;2022;Secretaria de Assistência e Desenvolvimento Social;Gestão e Execução das Políticasde Assistência Soci;74966
Alto Araguaia;2022;Secretaria de Indústria, Comércio e Serviços;Apoio Administrativo;125965
Alto Araguaia;2022;Secretaria de Transporte e Frotas;Apoio Administrativo;147663
Alto Araguaia;2022;Secretaria de Transporte e Frotas;Caminhões, Máquinas e Equipamentos Rodoviários;845750
Alto Araguaia;2022;Secretaria de Transporte e Frotas;Frota Rodoviária;1577530
Alto Araguaia;2022;Secretaria de Meio Ambiente e Desenv. Urbano;Apoio Administrativo;159405
Alto Araguaia;2022;Secretaria de Agricultura,pecuária e Abastecimento;Apoio Administrativo;480567
Alto Araguaia;2022;Secretaria de Agricultura,pecuária e Abastecimento;Proteção a Animais;921
Alto Araguaia;2022;Secretaria de Agricultura,pecuária e Abastecimento;Desenvolvimento da Agricultura, Pecuária e Melhori;304786
Alto Araguaia;2023;Gabinete do Prefeito;Controle Interno;601572
Alto Araguaia;2023;Gabinete do Prefeito;Apoio Administrativo;909360
Alto Araguaia;2023;Gabinete do Prefeito;Gestão das Políticas de Governo;1190003
Alto Araguaia;2023;Camara Municipal;Processo Legislativo;5714097
Alto Araguaia;2023;Secretaria de Administração;Apoio Administrativo;6122636
Alto Araguaia;2023;Secretaria de Administração;Indenizações e Restituições;267754
Alto Araguaia;2023;Secretaria de Administração;Inativos e Pensionistas;77890
Alto Araguaia;2023;Secretaria de Saúde;Vigilância em Saúde;1044194
Alto Araguaia;2023;Secretaria de Saúde;Gestão do SUS;391663
Alto Araguaia;2023;Secretaria de Saúde;Atenção Básica;15213460
Alto Araguaia;2023;Secretaria de Saúde;Assistência Farmacêutica;2866980
Alto Araguaia;2023;Secretaria de Saúde;Média e Alta Complexidade;25905451
Alto Araguaia;2023;Secretaria de Educação;Transporte Escolar;5011891
Alto Araguaia;2023;Secretaria de Educação;Apoio Administrativo;840009
Alto Araguaia;2023;Secretaria de Educação;Alimentação Escolar;244281
Alto Araguaia;2023;Secretaria de Educação;Expansão e Melhoria Contínua da Educação Básica;27356585
Alto Araguaia;2023;Secretaria de Educação;Ensino Superior de Graduação e Pós Graduação;732784
Alto Araguaia;2023;Secretaria de Educação;Gestão do Sistema de Desporto e Lazer e Cultura;127157
Alto Araguaia;2023;Secretaria de Obras;Apoio Administrativo;1393923
Alto Araguaia;2023;Secretaria de Obras;Expansão e Melhoria da Infra Estrutura;3443032
Alto Araguaia;2023;Secretaria de Infra-estrutura e Serviços Urbanos;Apoio Administrativo;1008295
Alto Araguaia;2023;Secretaria de Infra-estrutura e Serviços Urbanos;Serviços Públicos Urbanos;6424079
Alto Araguaia;2023;Secretaria de Infra-estrutura e Serviços Urbanos;Saneamento Básico Urbano;2483784
Alto Araguaia;2023;Secretaria de Infra-estrutura e Serviços Urbanos;Expansão e Melhoria da Infra Estrutura;12619572
Alto Araguaia;2023;Secretaria de Infra-estrutura e Serviços Urbanos;Manutenção e Expansão da Redede Iluminação Pública;1663105
Alto Araguaia;2023;Secretaria de Finanças e Planejamento;Apoio Administrativo;170530
Alto Araguaia;2023;Secretaria de Finanças e Planejamento;Gestão das Finanças Públicas;2255136
Alto Araguaia;2023;Secretaria de Finanças e Planejamento;Contribuição ao Pasep;1026382
Alto Araguaia;2023;Secretaria de Finanças e Planejamento;Amortização de Dívidas;4493780
Alto Araguaia;2023;Secretaria de Cultura, Esporte, Lazer e Turismo;Eventos e Exposições;1175526
Alto Araguaia;2023;Secretaria de Cultura, Esporte, Lazer e Turismo;Desenvolvimento, Produção e Difusão Cultural;906357
Alto Araguaia;2023;Secretaria de Cultura, Esporte, Lazer e Turismo;Gestão do Sistema de Desporto e Lazer e Cultura;512809
Alto Araguaia;2023;Secretaria de Cultura, Esporte, Lazer e Turismo;Apoio a Criação, Difusão e Fomento a Cultura;186144
Alto Araguaia;2023;Secretaria de Assistência e Desenvolvimento Social;Proteção Social Básica;1214165
Alto Araguaia;2023;Secretaria de Assistência e Desenvolvimento Social;Assistência a Criança e ao Adolescente;911033
Alto Araguaia;2023;Secretaria de Assistência e Desenvolvimento Social;Habitação Popular;4463309
Alto Araguaia;2023;Secretaria de Assistência e Desenvolvimento Social;Proteção Social Especial de Alta Complexidade;424673
Alto Araguaia;2023;Secretaria de Assistência e Desenvolvimento Social;Assistência Comunitária;2315151
Alto Araguaia;2023;Secretaria de Assistência e Desenvolvimento Social;Acessuas Trabalho;780
Alto Araguaia;2023;Secretaria de Assistência e Desenvolvimento Social;Gestão do Fundo de Assistência Social;2458596
Alto Araguaia;2023;Secretaria de Assistência e Desenvolvimento Social;Índices de Gestões Descentralizadas;28721
Alto Araguaia;2023;Secretaria de Assistência e Desenvolvimento Social;Covid 19 - Programa de Enfrentamento ao Coronavírus - Covid-19;363118
Alto Araguaia;2023;Secretaria de Indústria, Comércio e Serviços;Apoio Administrativo;145832
Alto Araguaia;2023;Secretaria de Transporte e Frotas;Apoio Administrativo;187221
Alto Araguaia;2023;Secretaria de Transporte e Frotas;Frota Rodoviária;2461236
Alto Araguaia;2023;Previmar - Fundo Municipal de Previdencia Social dos Servidores de Alto Araguaia;Apoio Administrativo;440063
Alto Araguaia;2023;Previmar - Fundo Municipal de Previdencia Social dos Servidores de Alto Araguaia;Previdência Social;10381560
Alto Araguaia;2023;Secretaria de Meio Ambiente e Desenv. Urbano;Apoio Administrativo;68006
Alto Araguaia;2023;Secretaria de Agricultura,pecuária e Abastecimento;Apoio Administrativo;477219
Alto Araguaia;2023;Secretaria de Agricultura,pecuária e Abastecimento;Proteção a Animais;9810
Alto Araguaia;2023;Secretaria de Agricultura,pecuária e Abastecimento;Desenvolvimento da Agricultura, Pecuária e Melhori;1075244
Alto Araguaia;2024;Gabinete do Prefeito;Controle Interno;651894
Alto Araguaia;2024;Gabinete do Prefeito;Apoio Administrativo;951934
Alto Araguaia;2024;Gabinete do Prefeito;Gestão das Políticas de Governo;1200533
Alto Araguaia;2024;Camara Municipal;Processo Legislativo;6143731
Alto Araguaia;2024;Secretaria de Administração;Apoio Administrativo;8127262
Alto Araguaia;2024;Secretaria de Administração;Indenizações e Restituições;176396
Alto Araguaia;2024;Secretaria de Administração;Inativos e Pensionistas;82005
Alto Araguaia;2024;Secretaria de Saúde;Vigilância em Saúde;1244293
Alto Araguaia;2024;Secretaria de Saúde;Apoio Administrativo;90779
Alto Araguaia;2024;Secretaria de Saúde;Gestão do SUS;285395
Alto Araguaia;2024;Secretaria de Saúde;Atenção Básica;16248744
Alto Araguaia;2024;Secretaria de Saúde;Assistência Farmacêutica;5032639
Alto Araguaia;2024;Secretaria de Saúde;Média e Alta Complexidade;27141309
Alto Araguaia;2024;Secretaria de Educação;Transporte Escolar;5283416
Alto Araguaia;2024;Secretaria de Educação;Apoio Administrativo;1071804
Alto Araguaia;2024;Secretaria de Educação;Alimentação Escolar;410656
Alto Araguaia;2024;Secretaria de Educação;Expansão e Melhoria Contínua da Educação Básica;31929893
Alto Araguaia;2024;Secretaria de Educação;Ensino Superior de Graduação e Pós Graduação;776896
Alto Araguaia;2024;Secretaria de Educação;Gestão do Sistema de Desporto e Lazer e Cultura;123529
Alto Araguaia;2024;Secretaria de Obras;Apoio Administrativo;1780502
Alto Araguaia;2024;Secretaria de Obras;Expansão e Melhoria da Infra Estrutura;3243387
Alto Araguaia;2024;Secretaria de Infra-estrutura e Serviços Urbanos;Apoio Administrativo;1522168
Alto Araguaia;2024;Secretaria de Infra-estrutura e Serviços Urbanos;Serviços Públicos Urbanos;4939937
Alto Araguaia;2024;Secretaria de Infra-estrutura e Serviços Urbanos;Saneamento Básico Urbano;3107065
Alto Araguaia;2024;Secretaria de Infra-estrutura e Serviços Urbanos;Expansão e Melhoria da Infra Estrutura;6212776
Alto Araguaia;2024;Secretaria de Infra-estrutura e Serviços Urbanos;Manutenção e Expansão da Redede Iluminação Pública;1438527
Alto Araguaia;2024;Secretaria de Finanças e Planejamento;Apoio Administrativo;1016788
Alto Araguaia;2024;Secretaria de Finanças e Planejamento;Gestão das Finanças Públicas;3943838
Alto Araguaia;2024;Secretaria de Finanças e Planejamento;Contribuição ao Pasep;1150451
Alto Araguaia;2024;Secretaria de Finanças e Planejamento;Amortização de Dívidas;7873794
Alto Araguaia;2024;Secretaria de Cultura, Esporte, Lazer e Turismo;Eventos e Exposições;814637
Alto Araguaia;2024;Secretaria de Cultura, Esporte, Lazer e Turismo;Desenvolvimento, Produção e Difusão Cultural;288243
Alto Araguaia;2024;Secretaria de Cultura, Esporte, Lazer e Turismo;Gestão do Sistema de Desporto e Lazer e Cultura;1359436
Alto Araguaia;2024;Secretaria de Assistência e Desenvolvimento Social;Proteção Social Básica;1431430
Alto Araguaia;2024;Secretaria de Assistência e Desenvolvimento Social;Assistência a Criança e ao Adolescente;1611756
Alto Araguaia;2024;Secretaria de Assistência e Desenvolvimento Social;Habitação Popular;1868864
Alto Araguaia;2024;Secretaria de Assistência e Desenvolvimento Social;Proteção Social Especial de Alta Complexidade;354229
Alto Araguaia;2024;Secretaria de Assistência e Desenvolvimento Social;Assistência Comunitária;2681401
Alto Araguaia;2024;Secretaria de Assistência e Desenvolvimento Social;Gestão do Fundo de Assistência Social;2734514
Alto Araguaia;2024;Secretaria de Assistência e Desenvolvimento Social;Índices de Gestões Descentralizadas;79950
Alto Araguaia;2024;Secretaria de Indústria, Comércio e Serviços;Apoio Administrativo;190836
Alto Araguaia;2024;Secretaria de Transporte e Frotas;Apoio Administrativo;170403
Alto Araguaia;2024;Secretaria de Transporte e Frotas;Frota Rodoviária;2885628
Alto Araguaia;2024;Previmar - Fundo Municipal de Previdencia Social dos Servidores de Alto Araguaia;Apoio Administrativo;507080
Alto Araguaia;2024;Previmar - Fundo Municipal de Previdencia Social dos Servidores de Alto Araguaia;Previdência Social;11240332
Alto Araguaia;2024;Secretaria de Meio Ambiente e Desenv. Urbano;Apoio Administrativo;96339
Alto Araguaia;2024;Secretaria de Agricultura,pecuária e Abastecimento;Apoio Administrativo;567275
Alto Araguaia;2024;Secretaria de Agricultura,pecuária e Abastecimento;Proteção a Animais;6407
Alto Araguaia;2024;Secretaria de Agricultura,pecuária e Abastecimento;Desenvolvimento da Agricultura, Pecuária e Melhori;45971
Alto Araguaia;2025;Gabinete do Prefeito;Controle Interno;790779
Alto Araguaia;2025;Gabinete do Prefeito;Apoio Administrativo;1177462
Alto Araguaia;2025;Gabinete do Prefeito;Gestão das Políticas de Governo;868463
Alto Araguaia;2025;Camara Municipal;Processo Legislativo;6225954
Alto Araguaia;2025;Secretaria de Administração;Apoio Administrativo;7257741
Alto Araguaia;2025;Secretaria de Administração;Indenizações e Restituições;22000
Alto Araguaia;2025;Secretaria de Administração;Inativos e Pensionistas;85213
Alto Araguaia;2025;Secretaria de Saúde;Vigilância em Saúde;1349479
Alto Araguaia;2025;Secretaria de Saúde;Apoio Administrativo;116536
Alto Araguaia;2025;Secretaria de Saúde;Gestão do SUS;200611
Alto Araguaia;2025;Secretaria de Saúde;Atenção Básica;16255564
Alto Araguaia;2025;Secretaria de Saúde;Assistência Farmacêutica;1198320
Alto Araguaia;2025;Secretaria de Saúde;Média e Alta Complexidade;26092654
Alto Araguaia;2025;Secretaria de Educação;Transporte Escolar;4609088
Alto Araguaia;2025;Secretaria de Educação;Apoio Administrativo;1447076
Alto Araguaia;2025;Secretaria de Educação;Alimentação Escolar;434620
Alto Araguaia;2025;Secretaria de Educação;Desenvolvimento, Produção e Difusão Cultural;17304
Alto Araguaia;2025;Secretaria de Educação;Expansão e Melhoria Contínua da Educação Básica;28192790
Alto Araguaia;2025;Secretaria de Educação;Ensino Superior de Graduação e Pós Graduação;824098
Alto Araguaia;2025;Secretaria de Educação;Festas Tradicionais, Folclóricas e Culturais;803404
Alto Araguaia;2025;Secretaria de Obras;Apoio Administrativo;1846026
Alto Araguaia;2025;Secretaria de Obras;Expansão e Melhoria da Infra Estrutura;442995
Alto Araguaia;2025;Secretaria de Infra-estrutura e Serviços Urbanos;Apoio Administrativo;772404
Alto Araguaia;2025;Secretaria de Infra-estrutura e Serviços Urbanos;Serviços Públicos Urbanos;4475068
Alto Araguaia;2025;Secretaria de Infra-estrutura e Serviços Urbanos;Saneamento Básico Urbano;2994545
Alto Araguaia;2025;Secretaria de Infra-estrutura e Serviços Urbanos;Expansão e Melhoria da Infra Estrutura;9388
Alto Araguaia;2025;Secretaria de Infra-estrutura e Serviços Urbanos;Manutenção e Expansão da Redede Iluminação Pública;1212062
Alto Araguaia;2025;Secretaria de Finanças e Planejamento;Apoio Administrativo;244837
Alto Araguaia;2025;Secretaria de Finanças e Planejamento;Gestão Tributária e Fiscal;8464
Alto Araguaia;2025;Secretaria de Finanças e Planejamento;Gestão das Finanças Públicas;2109929
Alto Araguaia;2025;Secretaria de Finanças e Planejamento;Contribuição ao Pasep;1106167
Alto Araguaia;2025;Secretaria de Finanças e Planejamento;Amortização de Dívidas;6559230
Alto Araguaia;2025;Secretaria de Cultura, Esporte, Lazer e Turismo;Desenvolvimento, Produção e Difusão Cultural;46940
Alto Araguaia;2025;Secretaria de Cultura, Esporte, Lazer e Turismo;Gestão do Sistema de Desporto e Lazer e Cultura;1445819
Alto Araguaia;2025;Secretaria de Cultura, Esporte, Lazer e Turismo;Festas Tradicionais, Folclóricas e Culturais;15300
Alto Araguaia;2025;Secretaria de Assistência e Desenvolvimento Social;Proteção Social Básica;1379796
Alto Araguaia;2025;Secretaria de Assistência e Desenvolvimento Social;Assistência a Criança e ao Adolescente;1202387
Alto Araguaia;2025;Secretaria de Assistência e Desenvolvimento Social;Habitação Popular;221602
Alto Araguaia;2025;Secretaria de Assistência e Desenvolvimento Social;Proteção Social Especial de Alta Complexidade;66242
Alto Araguaia;2025;Secretaria de Assistência e Desenvolvimento Social;Assistência Comunitária;2279039
Alto Araguaia;2025;Secretaria de Assistência e Desenvolvimento Social;Acessuas Trabalho;61705
Alto Araguaia;2025;Secretaria de Assistência e Desenvolvimento Social;Gestão do Fundo de Assistência Social;2042544
Alto Araguaia;2025;Secretaria de Assistência e Desenvolvimento Social;Índices de Gestões Descentralizadas;38175
Alto Araguaia;2025;Secretaria de Assistência e Desenvolvimento Social;Índice de Gestão Descentralizada da Gestão do SUAS;9204
Alto Araguaia;2025;Secretaria de Indústria, Comércio e Serviços;Apoio Administrativo;309310
Alto Araguaia;2025;Secretaria de Transporte e Frotas;Apoio Administrativo;996707
Alto Araguaia;2025;Secretaria de Transporte e Frotas;Frota Rodoviária;1102515
Alto Araguaia;2025;Previmar - Fundo Municipal de Previdencia Social dos Servidores de Alto Araguaia;Apoio Administrativo;1053085
Alto Araguaia;2025;Previmar - Fundo Municipal de Previdencia Social dos Servidores de Alto Araguaia;Previdência Social;12758498
Alto Araguaia;2025;Secretaria de Meio Ambiente e Desenv. Urbano;Apoio Administrativo;166255
Alto Araguaia;2025;Secretaria de Agricultura,pecuária e Abastecimento;Apoio Administrativo;421363
Alto Araguaia;2025;Secretaria de Agricultura,pecuária e Abastecimento;Proteção a Animais;21314
Alto Araguaia;2025;Secretaria de Agricultura,pecuária e Abastecimento;Desenvolvimento da Agricultura, Pecuária e Melhori;22790
Alto Araguaia;2026;Gabinete do Prefeito;Controle Interno;456468
Alto Araguaia;2026;Gabinete do Prefeito;Apoio Administrativo;766910
Alto Araguaia;2026;Gabinete do Prefeito;Gestão das Políticas de Governo;594416
Alto Araguaia;2026;Camara Municipal;Processo Legislativo;3550962
Alto Araguaia;2026;Secretaria de Administração;Apoio Administrativo;3248059
Alto Araguaia;2026;Secretaria de Administração;Indenizações e Restituições;105665
Alto Araguaia;2026;Secretaria de Administração;Inativos e Pensionistas;35613
Alto Araguaia;2026;Secretaria de Saúde;Vigilância em Saúde;446156
Alto Araguaia;2026;Secretaria de Saúde;Apoio Administrativo;77661
Alto Araguaia;2026;Secretaria de Saúde;Gestão do SUS;106529
Alto Araguaia;2026;Secretaria de Saúde;Atenção Básica;10354263
Alto Araguaia;2026;Secretaria de Saúde;Assistência Farmacêutica;834501
Alto Araguaia;2026;Secretaria de Saúde;Média e Alta Complexidade;10588028
Alto Araguaia;2026;Secretaria de Educação e Cultura;Transporte Escolar;2405180
Alto Araguaia;2026;Secretaria de Educação e Cultura;Apoio Administrativo;579772
Alto Araguaia;2026;Secretaria de Educação e Cultura;Alimentação Escolar;201256
Alto Araguaia;2026;Secretaria de Educação e Cultura;Desenvolvimento, Produção e Difusão Cultural;88369
Alto Araguaia;2026;Secretaria de Educação e Cultura;Expansão e Melhoria Contínua da Educação Básica;14613424
Alto Araguaia;2026;Secretaria de Educação e Cultura;Ensino Superior de Graduação e Pós Graduação;464543
Alto Araguaia;2026;Secretaria de Educação e Cultura;Festas Tradicionais, Folclóricas e Culturais;96822
Alto Araguaia;2026;Secretaria de Obras;Apoio Administrativo;1011249
Alto Araguaia;2026;Secretaria de Obras;Expansão e Melhoria da Infra Estrutura;291459
Alto Araguaia;2026;Secretaria de Infra-estrutura e Serviços Urbanos;Apoio Administrativo;582757
Alto Araguaia;2026;Secretaria de Infra-estrutura e Serviços Urbanos;Iluminação Pública;688347
Alto Araguaia;2026;Secretaria de Infra-estrutura e Serviços Urbanos;Serviços Públicos Urbanos;2293902
Alto Araguaia;2026;Secretaria de Infra-estrutura e Serviços Urbanos;Saneamento Básico Urbano;1923573
Alto Araguaia;2026;Secretaria de Infra-estrutura e Serviços Urbanos;Frota Rodoviária;76390
Alto Araguaia;2026;Secretaria de Infra-estrutura e Serviços Urbanos;Expansão e Melhoria da Infra Estrutura;760385
Alto Araguaia;2026;Secretaria de Finanças e Planejamento;Apoio Administrativo;153710
Alto Araguaia;2026;Secretaria de Finanças e Planejamento;Gestão das Finanças Públicas;1445151
Alto Araguaia;2026;Secretaria de Finanças e Planejamento;Contribuição ao Pasep;673420
Alto Araguaia;2026;Secretaria de Finanças e Planejamento;Amortização de Dívidas;5657717
Alto Araguaia;2026;Secretaria de Assistência e Desenvolvimento Social;Proteção Social Básica;935298
Alto Araguaia;2026;Secretaria de Assistência e Desenvolvimento Social;Assistência a Criança e ao Adolescente;617639
Alto Araguaia;2026;Secretaria de Assistência e Desenvolvimento Social;Proteção Social Especial de Média Complexidade;35142
Alto Araguaia;2026;Secretaria de Assistência e Desenvolvimento Social;Proteção Social Especial de Alta Complexidade;39880
Alto Araguaia;2026;Secretaria de Assistência e Desenvolvimento Social;Assistência Comunitária;1499318
Alto Araguaia;2026;Secretaria de Assistência e Desenvolvimento Social;Gestão do Fundo de Assistência Social;1231800
Alto Araguaia;2026;Secretaria de Assistência e Desenvolvimento Social;Índices de Gestões Descentralizadas;38393
Alto Araguaia;2026;Secretaria de Transporte e Frotas;Apoio Administrativo;108909
Alto Araguaia;2026;Secretaria de Transporte e Frotas;Frota Rodoviária;677593
Alto Araguaia;2026;Previmar - Fundo Municipal de Previdencia Social dos Servidores de Alto Araguaia;Apoio Administrativo;470931
Alto Araguaia;2026;Previmar - Fundo Municipal de Previdencia Social dos Servidores de Alto Araguaia;Previdência Social;7928404
Alto Araguaia;2026;Secretaria de Meio Ambiente e Desenv. Urbano;Apoio Administrativo;26302
Alto Araguaia;2026;Secretaria de Agricultura,pecuária e Abastecimento;Apoio Administrativo;241896
Alto Araguaia;2026;Secretaria de Agricultura,pecuária e Abastecimento;Proteção a Animais;53603
Alto Araguaia;2026;Secretaria de Agricultura,pecuária e Abastecimento;Desenvolvimento da Agricultura, Pecuária e Melhori;42269
Alto Araguaia;2026;Secretaria de Esporte, Lazer e Turismo;Desenvolvimento, Produção e Difusão Cultural;4040
Alto Araguaia;2026;Secretaria de Esporte, Lazer e Turismo;Gestão do Sistema de Desporto e Lazer e Cultura;772918
Alto Araguaia;2026;Secretaria de Indústria, Comércio e Serviços e Empregos;Apoio Administrativo;257820
Arenápolis;2021;Secretaria Municipal de Assistencia Social;Gestao de Politicas Sociais de Cidadania e Inclusao;243795
Arenápolis;2021;Secretaria Municipal de Assistencia Social;Familia Cidada;649017
Arenápolis;2021;Secretaria Municipal de Assistencia Social;Apoio e Protecao a Crianca Jovens e Idosos e Deficientes;179997
Arenápolis;2021;Secretaria Municipal de Assistencia Social;Saude e Qualidade de Vida para Todos;29826
Arenápolis;2021;Secretaria Municipal de Saude;Assistencia Farmaceutica;526701
Arenápolis;2021;Secretaria Municipal de Saude;Vigilancia em Saude;434933
Arenápolis;2021;Secretaria Municipal de Saude;Atencao Basica;4631461
Arenápolis;2021;Secretaria Municipal de Saude;Media e Alta Complexidade;10090726
Arenápolis;2021;Secretaria Municipal de Saude;Gestao de Saude com Qualidade;1118764
Arenápolis;2021;Secretaria Municipal de Saude;Covid 19 - Enfrentamento da Emergência Decorrente do Coronavírus.;1205321
Arenápolis;2021;Secretaria Municipal de Governo;Gestao Publica Eficaz e Transparente;1129165
Arenápolis;2021;Secretaria Municipal de Governo;Programa Comunicacao e Publicidade;70053
Arenápolis;2021;Secretaria Municipal de Gestao;Regularizacao Fiscal e Moral;510089
Arenápolis;2021;Secretaria Municipal de Gestao;Gestao Publica Eficaz e Transparente;156109
Arenápolis;2021;Secretaria Municipal de Gestao;Eficiencia Organizacional;497954
Arenápolis;2021;Secretaria Municipal de Gestao;Cuidando do Dinheiro Publico com Responsabilidade Social;2261152
Arenápolis;2021;Secretaria Municipal de Infraestrutura e Transportes;Arenapolis Visando Um Futuro Melhor;795568
Arenápolis;2021;Secretaria Municipal de Infraestrutura e Transportes;Saude e Qualidade de Vida para Todos;2774692
Arenápolis;2021;Secretaria Municipal de Infraestrutura e Transportes;Arenapolis - Renovar para Melhorar a Qualidade de Vida;2121654
Arenápolis;2021;Secr Mun. Desenvolvimento Economico e Agropecuario;Semeando Um Futuro Melhor;162909
Arenápolis;2021;Secr Mun. Desenvolvimento Economico e Agropecuario;Comercio Forte Cidade Mais Forte;351989
Arenápolis;2021;Secr Mun de Educacao Cultura Desporto e Lazer;Gestao de Politicas Educacionais;1379375
Arenápolis;2021;Secr Mun de Educacao Cultura Desporto e Lazer;Nossa Escola Nosso Futuro;6244665
Arenápolis;2021;Secr Mun de Educacao Cultura Desporto e Lazer;Desporto e Lazer Vida e Saúde;64380
Arenápolis;2021;Secr Mun de Educacao Cultura Desporto e Lazer;Arenapolis Nossa Terra Tradicao e Cultura;17288
Arenápolis;2021;Secr Mun de Educacao Cultura Desporto e Lazer;Ensino Superior de Graduacao;152635
Arenápolis;2021;Camara Municipal de Arenapolis;Gestao Legislativa;1122000
Arenápolis;2021;Secretaria Municipal de Representacao Instituciona;Cuidando do Dinheiro Publico com Responsabilidade Social;54578
Arenápolis;2022;Secretaria Municipal de Administracao;Gestao Eficiente e Eficaz;2091776
Arenápolis;2022;Secretaria Municipal de Assistencia Social;Familia Cidada;72415
Arenápolis;2022;Secretaria Municipal de Assistencia Social;Gestao Eficiente e Eficaz;251150
Arenápolis;2022;Secretaria Municipal de Assistencia Social;Cidadania e Inclusao Social;906866
Arenápolis;2022;Secretaria Municipal de Assistencia Social;Protecao Social e Inclusiva;445628
Arenápolis;2022;Secretaria Municipal de Saude;Assistencia Farmaceutica;355785
Arenápolis;2022;Secretaria Municipal de Saude;Gestao do SUS;1401972
Arenápolis;2022;Secretaria Municipal de Saude;Vigilancia em Saude;470579
Arenápolis;2022;Secretaria Municipal de Saude;Atencao Basica;6594545
Arenápolis;2022;Secretaria Municipal de Saude;Media e Alta Complexidade;15563889
Arenápolis;2022;Secretaria Municipal de Saude;Covid 19 - Enfrentamento da Emergência Decorrente do Coronavírus.;209327
Arenápolis;2022;Secretaria Municipal de Saude;Covid - Enfretamento da Emergencia do Coronavirus;114073
Arenápolis;2022;Secretaria Municipal de Fazenda;Gestao Eficiente e Eficaz;1641177
Arenápolis;2022;Secretaria Municipal de Fazenda;Regularizacao Fiscal;469789
Arenápolis;2022;Camara Municipal de Vereadores de Arenapolis;Gestao Eficiente e Eficaz;1165440
Arenápolis;2022;Camara Municipal de Vereadores de Arenapolis;Comunicacao e Publicidade;98667
Arenápolis;2022;Camara Municipal de Arenapolis;Gestao Legislativa;1454086
Arenápolis;2022;Secr Mun de Educacao e Cultura;Gestao de Politicas Educacionais;2104194
Arenápolis;2022;Secr Mun de Educacao e Cultura;Nossa Escola Nosso Futuro;9367568
Arenápolis;2022;Secr Mun de Educacao e Cultura;Arenapolis Nossa Terra Tradicao e Cultura;1913517
Arenápolis;2022;Secr Mun de Educacao e Cultura;Gestao Eficiente e Eficaz;711491
Arenápolis;2022;Secr Mun de Educacao e Cultura;Apoio a Graduaao Superior;326237
Arenápolis;2022;Secretaria Munic. Transporte Obras Serv. Publicos;Habitacao Cidada;639245
Arenápolis;2022;Secretaria Munic. Transporte Obras Serv. Publicos;Gestao Eficiente e Eficaz;4317605
Arenápolis;2022;Secretaria Munic. Transporte Obras Serv. Publicos;Ampliacao e Requalificao da Infraestrutura do Municipio;556941
Arenápolis;2022;Secretaria Munic. Transporte Obras Serv. Publicos;Espaco Urbano Estrutura Humanizado e com Qualidade;3233868
Arenápolis;2022;Secretaria Munic. Agricultura e Meio Ambiente;Semeando Um Futuro Melhor;2163
Arenápolis;2022;Secretaria Munic. Agricultura e Meio Ambiente;Gestao Eficiente e Eficaz;816845
Arenápolis;2022;Secretaria Munic. de Representacao Institucional;Gestao Eficiente e Eficaz;94211
Arenápolis;2022;Secretaria Munic. Desporto Lazer e Turismo;Desporto e Lazer Vida e Saúde;29206
Arenápolis;2022;Secretaria Munic. Desporto Lazer e Turismo;Gestao Eficiente e Eficaz;197387
Arenápolis;2023;Secretaria Municipal de Administracao;Gestao Eficiente e Eficaz;2996758
Arenápolis;2023;Secretaria Municipal de Assistencia Social;Familia Cidada;133911
Arenápolis;2023;Secretaria Municipal de Assistencia Social;Gestao Eficiente e Eficaz;298345
Arenápolis;2023;Secretaria Municipal de Assistencia Social;Cidadania e Inclusao Social;838330
Arenápolis;2023;Secretaria Municipal de Assistencia Social;Protecao Social e Inclusiva;506931
Arenápolis;2023;Secretaria Municipal de Saude;Assistencia Farmaceutica;681340
Arenápolis;2023;Secretaria Municipal de Saude;Gestao do SUS;1387830
Arenápolis;2023;Secretaria Municipal de Saude;Vigilancia em Saude;514344
Arenápolis;2023;Secretaria Municipal de Saude;Atencao Basica;7057607
Arenápolis;2023;Secretaria Municipal de Saude;Media e Alta Complexidade;11492627
Arenápolis;2023;Secretaria Municipal de Saude;Covid - Enfretamento da Emergencia do Coronavirus;47241
Arenápolis;2023;Secretaria Municipal de Fazenda;Gestao Eficiente e Eficaz;1735426
Arenápolis;2023;Secretaria Municipal de Fazenda;Regularizacao Fiscal;350815
Arenápolis;2023;Camara Municipal de Vereadores de Arenapolis;Gestao Eficiente e Eficaz;1564815
Arenápolis;2023;Camara Municipal de Vereadores de Arenapolis;Comunicacao e Publicidade;70210
Arenápolis;2023;Camara Municipal de Arenapolis;Gestao Legislativa;1729155
Arenápolis;2023;Secr Mun de Educacao e Cultura;Gestao de Politicas Educacionais;2153880
Arenápolis;2023;Secr Mun de Educacao e Cultura;Nossa Escola Nosso Futuro;10652122
Arenápolis;2023;Secr Mun de Educacao e Cultura;Arenapolis Nossa Terra Tradicao e Cultura;1363235
Arenápolis;2023;Secr Mun de Educacao e Cultura;Gestao Eficiente e Eficaz;694627
Arenápolis;2023;Secr Mun de Educacao e Cultura;Apoio a Graduaao Superior;465683
Arenápolis;2023;Secretaria Munic. Transporte Obras Serv. Publicos;Gestao Eficiente e Eficaz;4364969
Arenápolis;2023;Secretaria Munic. Transporte Obras Serv. Publicos;Ampliacao e Requalificao da Infraestrutura do Municipio;647950
Arenápolis;2023;Secretaria Munic. Transporte Obras Serv. Publicos;Espaco Urbano Estrutura Humanizado e com Qualidade;2900043
Arenápolis;2023;Secretaria Munic. Agricultura e Meio Ambiente;Semeando Um Futuro Melhor;87893
Arenápolis;2023;Secretaria Munic. Agricultura e Meio Ambiente;Gestao Eficiente e Eficaz;661231
Arenápolis;2023;Secretaria Munic. de Representacao Institucional;Gestao Eficiente e Eficaz;53704
Arenápolis;2023;Secretaria Municipal de Desporto, Lazer e Turismo;Desporto e Lazer Vida e Saúde;618929
Arenápolis;2023;Secretaria Municipal de Desporto, Lazer e Turismo;Gestao Eficiente e Eficaz;252403
Arenápolis;2024;Gabinete do Prefeito;Gestao Eficiente e Eficaz;1729286
Arenápolis;2024;Gabinete do Prefeito;Comunicacao e Publicidade;73103
Arenápolis;2024;Secretaria Municipal de Administracao;Gestao Eficiente e Eficaz;2952586
Arenápolis;2024;Secretaria Municipal de Assistencia Social;Familia Cidada;107820
Arenápolis;2024;Secretaria Municipal de Assistencia Social;Habitacao Cidada;1423551
Arenápolis;2024;Secretaria Municipal de Assistencia Social;Gestao Eficiente e Eficaz;306928
Arenápolis;2024;Secretaria Municipal de Assistencia Social;Cidadania e Inclusao Social;889133
Arenápolis;2024;Secretaria Municipal de Assistencia Social;Protecao Social e Inclusiva;628264
Arenápolis;2024;Secretaria Municipal de Saude;Assistencia Farmaceutica;975288
Arenápolis;2024;Secretaria Municipal de Saude;Gestao do SUS;1646923
Arenápolis;2024;Secretaria Municipal de Saude;Vigilancia em Saude;543775
Arenápolis;2024;Secretaria Municipal de Saude;Atencao Basica;7906730
Arenápolis;2024;Secretaria Municipal de Saude;Media e Alta Complexidade;12448860
Arenápolis;2024;Secretaria Municipal de Fazenda;Gestao Eficiente e Eficaz;2121450
Arenápolis;2024;Secretaria Municipal de Fazenda;Regularizacao Fiscal;388394
Arenápolis;2024;Camara Municipal de Arenapolis;Gestao Legislativa;1973977
Arenápolis;2024;Secr Mun de Educacao e Cultura;Gestao de Politicas Educacionais;2718648
Arenápolis;2024;Secr Mun de Educacao e Cultura;Gestao Eficiente e Eficaz;716344
Arenápolis;2024;Secr Mun de Educacao e Cultura;Nossa Escola, Nosso Futuro;11675209
Arenápolis;2024;Secr Mun de Educacao e Cultura;Arenapolis Nossa Terra, Tradicao e Cultura;3999545
Arenápolis;2024;Secr Mun de Educacao e Cultura;Apoio a Graducao Superior;382098
Arenápolis;2024;Secretaria Munic. Agricultura e Meio Ambiente;Gestao Eficiente e Eficaz;751484
Arenápolis;2024;Secretaria Municipal de Convenios, Licitacoes e Contratos;Gestao Eficiente e Eficaz;56452
Arenápolis;2024;Secretaria Munic. Transporte, Obras Serv. Publicos;Gestao Eficiente e Eficaz;5435630
Arenápolis;2024;Secretaria Munic. Transporte, Obras Serv. Publicos;Ampliacao e Requalificao da Infraestrutura do Municipio;659310
Arenápolis;2024;Secretaria Munic. Transporte, Obras Serv. Publicos;Espaco Urbano Estrutura, Humanizado e com Qualidade;2103129
Arenápolis;2024;Secretaria Munic. Desporto, Lazer e Turismo;Gestao Eficiente e Eficaz;299021
Arenápolis;2024;Secretaria Munic. Desporto, Lazer e Turismo;Desporto e Lazer, Vida e Saude;324320
Arenápolis;2025;Gabinete do Prefeito;Gestao Eficiente e Eficaz;2557953
Arenápolis;2025;Gabinete do Prefeito;Comunicacao e Publicidade;90793
Arenápolis;2025;Gabinete do Prefeito;Recebimento e Destinacao de Honorarios de Sucumbencia;81518
Arenápolis;2025;Secretaria Municipal de Administracao;Gestao Eficiente e Eficaz;4216582
Arenápolis;2025;Secretaria Municipal de Assistencia Social;Familia Cidada;110379
Arenápolis;2025;Secretaria Municipal de Assistencia Social;Habitacao Cidada;27131
Arenápolis;2025;Secretaria Municipal de Assistencia Social;Gestao Eficiente e Eficaz;478752
Arenápolis;2025;Secretaria Municipal de Assistencia Social;Cidadania e Inclusao Social;985654
Arenápolis;2025;Secretaria Municipal de Assistencia Social;Protecao Social e Inclusiva;761534
Arenápolis;2025;Secretaria Municipal de Saude;Assistencia Farmaceutica;793696
Arenápolis;2025;Secretaria Municipal de Saude;Gestao do SUS;2328353
Arenápolis;2025;Secretaria Municipal de Saude;Vigilancia em Saude;668135
Arenápolis;2025;Secretaria Municipal de Saude;Atencao Basica;10704150
Arenápolis;2025;Secretaria Municipal de Saude;Media e Alta Complexidade;15034810
Arenápolis;2025;Secretaria Municipal de Educacao;Gestao de Politicas Educacionais;2977817
Arenápolis;2025;Secretaria Municipal de Educacao;Gestao Eficiente e Eficaz;858188
Arenápolis;2025;Secretaria Municipal de Educacao;Nossa Escola, Nosso Futuro;15193839
Arenápolis;2025;Secretaria Municipal de Educacao;Apoio a Graducao Superior;305728
Arenápolis;2025;Secretaria Municipal de Fazenda;Gestao Eficiente e Eficaz;2322294
Arenápolis;2025;Secretaria Municipal de Fazenda;Regularizacao Fiscal;43196
Arenápolis;2025;Camara Municipal de Arenapolis;Gestao Legislativa;2590363
Arenápolis;2025;Secretaria Munic. Agricultura e Meio Ambiente;Gestao Eficiente e Eficaz;1186401
Arenápolis;2025;Secretaria Municipal de Esporte, Cultura, Lazer e Turismo;Gestao Eficiente e Eficaz;540232
Arenápolis;2025;Secretaria Municipal de Esporte, Cultura, Lazer e Turismo;Desporto e Lazer, Vida e Saude;270575
Arenápolis;2025;Secretaria Municipal de Esporte, Cultura, Lazer e Turismo;Arenapolis Nossa Terra, Tradicao e Cultura;3869268
Arenápolis;2025;Secretaria Municipal de Convenios, Licitacoes e Contratos;Gestao Eficiente e Eficaz;239263
Arenápolis;2025;Secretaria Munic. Transporte, Obras Serv. Publicos;Gestao Eficiente e Eficaz;7927240
Arenápolis;2025;Secretaria Munic. Transporte, Obras Serv. Publicos;Espaco Urbano Estrutura, Humanizado e com Qualidade;3757186
Arenápolis;2026;Gabinete do Prefeito;Gestao Eficiente e Eficaz;898818
Arenápolis;2026;Gabinete do Prefeito;Gestao Eficiente e Eficaz do Controle Interno;146244
Arenápolis;2026;Gabinete do Prefeito;Gestao Eficiente e Eficaz da Procuradoria;204009
Arenápolis;2026;Secretaria Municipal de Administracao;Gestao Eficiente e Eficaz da Administracao;1884467
Arenápolis;2026;Secretaria Municipal de Administracao;Gestao Eficiente e Eficaz nas Compras e Distribuicao;207948
Arenápolis;2026;Secretaria Municipal de Administracao;Gestao Eficiente e Eficaz de Recursos Humanos;68221
Arenápolis;2026;Secretaria Municipal de Assistencia Social;Familia Cidada;83714
Arenápolis;2026;Secretaria Municipal de Assistencia Social;Cidadania e Inclusao Social;588181
Arenápolis;2026;Secretaria Municipal de Assistencia Social;Protecao Social e Inclusiva;504198
Arenápolis;2026;Secretaria Municipal de Assistencia Social;Gestao Eficiente e Eficaz em Politicas Publicas;244302
Arenápolis;2026;Secretaria Municipal de Saude;Assistencia Farmaceutica;1861299
Arenápolis;2026;Secretaria Municipal de Saude;Gestao do SUS;1601201
Arenápolis;2026;Secretaria Municipal de Saude;Vigilancia em Saude;450231
Arenápolis;2026;Secretaria Municipal de Saude;Media e Alta Complexidade;10249635
Arenápolis;2026;Secretaria Municipal de Saude;Atencao Primaria;5268358
Arenápolis;2026;Secretaria Municipal de Fazenda;Regularizacao Fiscal;460537
Arenápolis;2026;Secretaria Municipal de Fazenda;Gestao Eficiente e Eficaz do Financeiro;1753256
Arenápolis;2026;Secretaria Municipal de Fazenda;Gestao Eficiente e Eficaz de Planejamento e Programas;228544
Arenápolis;2026;Camara Municipal de Arenapolis;Gestao Legislativa;1908173
Arenápolis;2026;Secr Mun de Educacao e Cultura;Gestao de Politicas Educacionais;3342413
Arenápolis;2026;Secr Mun de Educacao e Cultura;Nossa Escola, Nosso Futuro;8609793
Arenápolis;2026;Secr Mun de Educacao e Cultura;Apoio a Graduacao Superior;140126
Arenápolis;2026;Secr Mun de Educacao e Cultura;Gestao Eficiente e Eficaz da Educacao;747722
Arenápolis;2026;Secretaria Munic. Agricultura e Meio Ambiente;Mais Trabalho, Mais Futuro;27435
Arenápolis;2026;Secretaria Munic. Agricultura e Meio Ambiente;Gestao Eficiente e Eficaz e Organizada;429015
Arenápolis;2026;Secretaria Munic. Agricultura e Meio Ambiente;Gestao Eficiente e Eficaz e Adequado;279525
Arenápolis;2026;Secretaria Munic. Transporte, Obras Serv. Publicos;Gestao Eficiente e Eficaz;1321725
Arenápolis;2026;Secretaria Munic. Transporte, Obras Serv. Publicos;Espaco Urbano Estruturado, Humanizado e com Qualidade;4986120
Arenápolis;2026;Secretaria Munic. Desporto, Lazer e Turismo;Desporto e Lazer, Vida e Saude;336554
Arenápolis;2026;Secretaria Munic. Desporto, Lazer e Turismo;Arenapolis Nossa Terra, Tradicao e Cultura;2807103
Arenápolis;2026;Secretaria Munic. Desporto, Lazer e Turismo;Gestao Pratica, Segura e Agradavel;378588
Arenápolis;2026;Secretaria Munic. Desporto, Lazer e Turismo;Gestao Eficiente, Eficaz e Sustentavel;1718
Arenápolis;2026;Secretaria Munic. Convenios, Licitacoes e Contratos;Gestao Eficiente e Eficaz e Transparente;156077
Canarana;2021;Camara Municipal;Processo Legislativo;3298968
Canarana;2021;Secretaria Municipal de Educação e Cultura;Expansão e Melhoria do Ensino Infantil;7923759
Canarana;2021;Secretaria Municipal de Educação e Cultura;Expansão e Melhoria do Ensino Fundamental;24525665
Canarana;2021;Secretaria Municipal de Educação e Cultura;Expansão e Melhoria do Ensino Superior;43853
Canarana;2021;Secretaria Municipal de Educação e Cultura;Difusão da Cultura Local e Regional;775192
Canarana;2021;Secretaria Municipal de Finanças;Adminstração Financeira Responsável;5394061
Canarana;2021;Secretaria Municipal de Saúde e Saneamento;Atenção Básica em Saúde Municipal;9456876
Canarana;2021;Secretaria Municipal de Saúde e Saneamento;Serviços de Média Alta Complexidade, Ambulatorial, Urgencia e Emergencia;18143646
Canarana;2021;Secretaria Municipal de Saúde e Saneamento;Serviços de Saúde em Vigilância Sanitária;1096482
Canarana;2021;Secretaria Municipal de Saúde e Saneamento;Serviços de Saúde em Vigilância Epidemiológica;315140
Canarana;2021;Secretaria Municipal de Saúde e Saneamento;Serviços de Saúde no Suporte Profilático e Terapêutico;1824097
Canarana;2021;Secretaria Municipal de Saúde e Saneamento;Gestão em Saúde Municipal;7049323
Canarana;2021;Secretaria Municipal de Saúde e Saneamento;Saneamento Básico para Todos;704027
Canarana;2021;Secretaria Municipal de Esportes e Lazer;Incentivo ao Desporto Amador e Lazer;1663831
Canarana;2021;Secretaria Mun. de Assistência Social;Administração Geral;9716
Canarana;2021;Secretaria Mun. de Assistência Social;Assistência e Melhoria nas Áreas Sociais;4340220
Canarana;2021;Secretaria Mun. de Assistência Social;Assistência à Criança e ao Adolescente;55329
Canarana;2021;Secretaria Mun. Desenvol. Sócioeconômico e Turisti;Promoção do Comércio Regional;552564
Canarana;2021;Secretaria Mun. Desenvol. Sócioeconômico e Turisti;Promoção do Turismo Regional;34679
Canarana;2021;Secretaria Mun. de Administração e Serviços Gerais;Administração Geral;4452717
Canarana;2021;Secretaria Municipal de Obras, Estradas e Rodagens;Administração Geral;16239951
Canarana;2021;Secretaria Municipal de Obras, Estradas e Rodagens;Construção, Manutenção de Estradas Vicinais;6459316
Canarana;2021;Secretaria Municipal de Obras, Estradas e Rodagens;Melhorias do Transporte Rodoviário;3901228
Canarana;2021;Secretaria Municipal de Obras, Estradas e Rodagens;Eletrificação Urbana e Rural Sustentável;3932323
Canarana;2021;Secretaria Municipal de Obras, Estradas e Rodagens;Urbanização Humanizada e Sustentável;8532940
Canarana;2021;Secretaria Municipal de Obras, Estradas e Rodagens;Melhorias do Transporte Aéreo;375549
Canarana;2021;Secretaria Mun. de Agricultura e Meio Ambeinte;Administração Geral;1872793
Canarana;2021;Secretaria Mun. de Agricultura e Meio Ambeinte;Agricultura de Subsistência;262573
Canarana;2021;Secretaria Mun. de Agricultura e Meio Ambeinte;Conservação do Meio Ambiente Sustentável;32038
Canarana;2021;Secretaria de Gestão Governamental;Administração Geral;2563550
Canarana;2021;Prevican-fundo Mun. Prev. Serv. Canarana;Prevican - Fundo Municipal de Prev. Serv. de Canarana;5860315
Canarana;2022;Camara Municipal;Processo Legislativo;4075044
Canarana;2022;Secretaria Municipal de Educação e Cultura;Difusão da Cultura Local e Regional;2228936
Canarana;2022;Secretaria Municipal de Educação e Cultura;Melhoria na Alimentação Escolar;1362813
Canarana;2022;Secretaria Municipal de Educação e Cultura;Expansão e Melhorias do Ensino Infantil;10202366
Canarana;2022;Secretaria Municipal de Educação e Cultura;Expansão e Melhorias do Ensino Fundamental;29771102
Canarana;2022;Secretaria Municipal de Educação e Cultura;Expansão e Melhorias do Ensino Superior;145183
Canarana;2022;Secretaria Municipal de Finanças;Serviços de Saúde no Suporte Profilático e Terapêutico;80914
Canarana;2022;Secretaria Municipal de Finanças;Administração Finançeira;6641633
Canarana;2022;Secretaria Municipal de Saúde e Saneamento;Atenção Básica em Saúde Municipal;12846612
Canarana;2022;Secretaria Municipal de Saúde e Saneamento;Serviços de Saúde em Vigilância Sanitária;1079781
Canarana;2022;Secretaria Municipal de Saúde e Saneamento;Serviços de Saúde em Vigilância Epidemiológica;538351
Canarana;2022;Secretaria Municipal de Saúde e Saneamento;Serviços de Saúde no Suporte Profilático e Terapêutico;1548815
Canarana;2022;Secretaria Municipal de Saúde e Saneamento;Gestão em Saúde Municipal;2766865
Canarana;2022;Secretaria Municipal de Saúde e Saneamento;Saneamento Básico para Todos;4956446
Canarana;2022;Secretaria Municipal de Saúde e Saneamento;Covid-19 Enfrentamento ao Covid-19;1323988
Canarana;2022;Secretaria Municipal de Saúde e Saneamento;Serviços de Média Alta Complexidade, Ambulatorial, Urgência e Emergência;25200387
Canarana;2022;Secretaria Mun. de Assistência Social;Assistência à Criança e ao Adolescente;224693
Canarana;2022;Secretaria Mun. de Assistência Social;Assistência e Melhorias nas Áreas Sociais;5994987
Canarana;2022;Secretaria Mun. de Assistência Social;Adminstração Geral;47590
Canarana;2022;Secretaria Mun. Desenvol. Sócioeconômico e Turisti;Promoção do Comércio Local, Regional e Nacional;1054353
Canarana;2022;Secretaria Mun. Desenvol. Sócioeconômico e Turisti;Promoção do Turismo Local e Regional;888054
Canarana;2022;Secretaria Mun. de Administração e Serviços Gerais;Adminstração Geral;5121170
Canarana;2022;Secretaria Municipal de Obras, Estradas e Rodagens;Melhorias do Transporte Rodoviário;6663529
Canarana;2022;Secretaria Municipal de Obras, Estradas e Rodagens;Urbanização Humanizada e Sustentável;5613801
Canarana;2022;Secretaria Municipal de Obras, Estradas e Rodagens;Adminstração Geral;12775214
Canarana;2022;Secretaria Municipal de Obras, Estradas e Rodagens;Construção e Manutenção de Estradas;7328004
Canarana;2022;Secretaria Municipal de Obras, Estradas e Rodagens;Eletrificação Urbana e Rural Sustentável e de Qualidade;3334592
Canarana;2022;Secretaria Municipal de Obras, Estradas e Rodagens;Melhorias no Transporte Aéreo;98146
Canarana;2022;Secretaria Mun. de Agricultura e Meio Ambeinte;Agricultura de Subsistência;325857
Canarana;2022;Secretaria Mun. de Agricultura e Meio Ambeinte;Conservação do Meio Ambiente Sustentável e Renovável;278883
Canarana;2022;Secretaria Mun. de Agricultura e Meio Ambeinte;Agricultura Agroindustrial e de Exportação;2633032
Canarana;2022;Secretaria de Gestão Governamental;Adminstração Geral;3591520
Canarana;2022;Prevican-fundo Mun. Prev. Serv. Canarana;Prevican - Fundo Municipal de Prev. Serv. de Canarana;7366949
Canarana;2022;Secretaria Municipal de Juventude Esportes e Lazer;Incentivo Aos Desporto Amador e no Lazer;4404606
Canarana;2023;Camara Municipal;Processo Legislativo;4737437
Canarana;2023;Secretaria Municipal de Educação e Cultura;Difusão da Cultura Local e Regional;3303247
Canarana;2023;Secretaria Municipal de Educação e Cultura;Melhoria na Alimentação Escolar;1836645
Canarana;2023;Secretaria Municipal de Educação e Cultura;Expansão e Melhorias do Ensino Infantil;14700754
Canarana;2023;Secretaria Municipal de Educação e Cultura;Expansão e Melhorias do Ensino Fundamental;35685807
Canarana;2023;Secretaria Municipal de Educação e Cultura;Expansão e Melhorias do Ensino Superior;124099
Canarana;2023;Secretaria Municipal de Finanças;Administração Finançeira;16216502
Canarana;2023;Secretaria Municipal de Saúde e Saneamento;Atenção Básica em Saúde Municipal;14921190
Canarana;2023;Secretaria Municipal de Saúde e Saneamento;Serviços de Saúde em Vigilância Sanitária;831784
Canarana;2023;Secretaria Municipal de Saúde e Saneamento;Serviços de Saúde em Vigilância Epidemiológica;1110011
Canarana;2023;Secretaria Municipal de Saúde e Saneamento;Serviços de Saúde no Suporte Profilático e Terapêutico;1090676
Canarana;2023;Secretaria Municipal de Saúde e Saneamento;Gestão em Saúde Municipal;3024431
Canarana;2023;Secretaria Municipal de Saúde e Saneamento;Saneamento Básico para Todos;5795579
Canarana;2023;Secretaria Municipal de Saúde e Saneamento;Covid-19 Enfrentamento ao Covid-19;457646
Canarana;2023;Secretaria Municipal de Saúde e Saneamento;Serviços de Média Alta Complexidade, Ambulatorial, Urgência e Emergência;26152791
Canarana;2023;Secretaria Municipal de Esportes e Lazer;Incentivo Aos Desporto Amador e no Lazer;3754278
Canarana;2023;Secretaria Mun. de Assistência Social;Assistência à Criança e ao Adolescente;212596
Canarana;2023;Secretaria Mun. de Assistência Social;Assistência e Melhorias nas Áreas Sociais;6537794
Canarana;2023;Secretaria Mun. de Assistência Social;Adminstração Geral;20210
Canarana;2023;Secretaria Mun. Desenvol. Sócioeconômico e Turisti;Promoção do Comércio Local, Regional e Nacional;1173895
Canarana;2023;Secretaria Mun. Desenvol. Sócioeconômico e Turisti;Promoção do Turismo Local e Regional;1080312
Canarana;2023;Secretaria Mun. de Administração e Serviços Gerais;Adminstração Geral;6225969
Canarana;2023;Secretaria Municipal de Obras, Estradas e Rodagens;Melhorias do Transporte Rodoviário;4166568
Canarana;2023;Secretaria Municipal de Obras, Estradas e Rodagens;Urbanização Humanizada e Sustentável;11817523
Canarana;2023;Secretaria Municipal de Obras, Estradas e Rodagens;Adminstração Geral;11626836
Canarana;2023;Secretaria Municipal de Obras, Estradas e Rodagens;Construção e Manutenção de Estradas;26492528
Canarana;2023;Secretaria Municipal de Obras, Estradas e Rodagens;Eletrificação Urbana e Rural Sustentável e de Qualidade;2626334
Canarana;2023;Secretaria Municipal de Obras, Estradas e Rodagens;Melhorias no Transporte Aéreo;6742995
Canarana;2023;Secretaria Mun. de Agricultura e Meio Ambeinte;Agricultura de Subsistência;701213
Canarana;2023;Secretaria Mun. de Agricultura e Meio Ambeinte;Conservação do Meio Ambiente Sustentável e Renovável;176940
Canarana;2023;Secretaria Mun. de Agricultura e Meio Ambeinte;Agricultura Agroindustrial e de Exportação;2150615
Canarana;2023;Secretaria de Gestão Governamental;Adminstração Geral;3710393
Canarana;2023;Prevican-fundo Mun. Prev. Serv. Canarana;Prevican - Fundo Municipal de Prev. Serv. de Canarana;7829216
Canarana;2024;Camara Municipal;Processo Legislativo;5062879
Canarana;2024;Secretaria Municipal de Educação e Cultura;Difusão da Cultura Local e Regional;2358014
Canarana;2024;Secretaria Municipal de Educação e Cultura;Melhoria na Alimentação Escolar;1875273
Canarana;2024;Secretaria Municipal de Educação e Cultura;Expansão e Melhorias do Ensino Infantil;15155777
Canarana;2024;Secretaria Municipal de Educação e Cultura;Expansão e Melhorias do Ensino Fundamental;47002510
Canarana;2024;Secretaria Municipal de Educação e Cultura;Expansão e Melhorias do Ensino Superior;254082
Canarana;2024;Secretaria Municipal de Finanças;Administração Finançeira;15631612
Canarana;2024;Secretaria Municipal de Saúde e Saneamento;Atenção Básica em Saúde Municipal;12456171
Canarana;2024;Secretaria Municipal de Saúde e Saneamento;Serviços de Saúde em Vigilância Sanitária;409618
Canarana;2024;Secretaria Municipal de Saúde e Saneamento;Serviços de Saúde em Vigilância Epidemiológica;1970389
Canarana;2024;Secretaria Municipal de Saúde e Saneamento;Serviços de Saúde no Suporte Profilático e Terapêutico;1063743
Canarana;2024;Secretaria Municipal de Saúde e Saneamento;Gestão em Saúde Municipal;3380403
Canarana;2024;Secretaria Municipal de Saúde e Saneamento;Saneamento Básico para Todos;6807758
Canarana;2024;Secretaria Municipal de Saúde e Saneamento;Serviços de Média Alta Complexidade, Ambulatorial, Urgência e Emergência;57880783
Canarana;2024;Secretaria Municipal de Esportes e Lazer;Incentivo Aos Desporto Amador e no Lazer;6251986
Canarana;2024;Secretaria Mun. de Assistência Social;Assistência à Criança e ao Adolescente;293826
Canarana;2024;Secretaria Mun. de Assistência Social;Assistência e Melhorias nas Áreas Sociais;7820055
Canarana;2024;Secretaria Mun. de Assistência Social;Adminstração Geral;4868
Canarana;2024;Secretaria Mun. de Assistência Social;Cosntrção de Casas Populares;5898707
Canarana;2024;Secretaria Mun. Desenvol. Sócioeconômico e Turisti;Promoção do Comércio Local, Regional e Nacional;1399265
Canarana;2024;Secretaria Mun. Desenvol. Sócioeconômico e Turisti;Promoção do Turismo Local e Regional;3877090
Canarana;2024;Secretaria Mun. de Administração e Serviços Gerais;Adminstração Geral;7031266
Canarana;2024;Secretaria Municipal de Obras, Estradas e Rodagens;Melhorias do Transporte Rodoviário;2531323
Canarana;2024;Secretaria Municipal de Obras, Estradas e Rodagens;Urbanização Humanizada e Sustentável;10879039
Canarana;2024;Secretaria Municipal de Obras, Estradas e Rodagens;Adminstração Geral;13391268
Canarana;2024;Secretaria Municipal de Obras, Estradas e Rodagens;Construção e Manutenção de Estradas;17885103
Canarana;2024;Secretaria Municipal de Obras, Estradas e Rodagens;Eletrificação Urbana e Rural Sustentável e de Qualidade;3651682
Canarana;2024;Secretaria Municipal de Obras, Estradas e Rodagens;Melhorias no Transporte Aéreo;171666
Canarana;2024;Secretaria Mun. de Agricultura e Meio Ambeinte;Agricultura de Subsistência;1331809
Canarana;2024;Secretaria Mun. de Agricultura e Meio Ambeinte;Conservação do Meio Ambiente Sustentável e Renovável;33960
Canarana;2024;Secretaria Mun. de Agricultura e Meio Ambeinte;Agricultura Agroindustrial e de Exportação;2856226
Canarana;2024;Secretaria de Gestão Governamental;Adminstração Geral;4610044
Canarana;2024;Prevican-fundo Mun. Prev. Serv. Canarana;Prevican - Fundo Municipal de Prev. Serv. de Canarana;9056564
Canarana;2025;Camara Municipal;Processo Legislativo;6958755
Canarana;2025;Secretaria Municipal de Educação e Cultura;Difusão da Cultura Local e Regional;2575761
Canarana;2025;Secretaria Municipal de Educação e Cultura;Melhoria na Alimentação Escolar;1901794
Canarana;2025;Secretaria Municipal de Educação e Cultura;Expansão e Melhorias do Ensino Infantil;14814701
Canarana;2025;Secretaria Municipal de Educação e Cultura;Expansão e Melhorias do Ensino Fundamental;51616402
Canarana;2025;Secretaria Municipal de Educação e Cultura;Expansão e Melhorias do Ensino Superior;156211
Canarana;2025;Secretaria Municipal de Finanças;Administração Finançeira;13764184
Canarana;2025;Secretaria Municipal de Saúde e Saneamento;Atenção Básica em Saúde Municipal;13286858
Canarana;2025;Secretaria Municipal de Saúde e Saneamento;Serviços de Saúde em Vigilância Sanitária;908397
Canarana;2025;Secretaria Municipal de Saúde e Saneamento;Serviços de Saúde em Vigilância Epidemiológica;1724237
Canarana;2025;Secretaria Municipal de Saúde e Saneamento;Serviços de Saúde no Suporte Profilático e Terapêutico;1566395
Canarana;2025;Secretaria Municipal de Saúde e Saneamento;Gestão em Saúde Municipal;2825992
Canarana;2025;Secretaria Municipal de Saúde e Saneamento;Saneamento Básico para Todos;5758788
Canarana;2025;Secretaria Municipal de Saúde e Saneamento;Serviços de Média Alta Complexidade, Ambulatorial, Urgência e Emergência;35679762
Canarana;2025;Secretaria Municipal de Esportes e Lazer;Incentivo Aos Desporto Amador e no Lazer;3546815
Canarana;2025;Secretaria Mun. de Assistência Social;Assistência à Criança e ao Adolescente;337850
Canarana;2025;Secretaria Mun. de Assistência Social;Assistência e Melhorias nas Áreas Sociais;5068150
Canarana;2025;Secretaria Mun. Desenvol. Sócioeconômico e Turisti;Promoção do Comércio Local, Regional e Nacional;1030277
Canarana;2025;Secretaria Mun. Desenvol. Sócioeconômico e Turisti;Promoção do Turismo Local e Regional;221563
Canarana;2025;Secretaria Mun. de Administração e Serviços Gerais;Adminstração Geral;6336462
Canarana;2025;Secretaria Municipal de Obras, Estradas e Rodagens;Melhorias do Transporte Rodoviário;3603704
Canarana;2025;Secretaria Municipal de Obras, Estradas e Rodagens;Urbanização Humanizada e Sustentável;3415551
Canarana;2025;Secretaria Municipal de Obras, Estradas e Rodagens;Adminstração Geral;20480155
Canarana;2025;Secretaria Municipal de Obras, Estradas e Rodagens;Construção e Manutenção de Estradas;8148735
Canarana;2025;Secretaria Municipal de Obras, Estradas e Rodagens;Eletrificação Urbana e Rural Sustentável e de Qualidade;22572585
Canarana;2025;Secretaria Municipal de Obras, Estradas e Rodagens;Melhorias no Transporte Aéreo;437657
Canarana;2025;Secretaria Mun. de Agricultura e Meio Ambeinte;Agricultura de Subsistência;768334
Canarana;2025;Secretaria Mun. de Agricultura e Meio Ambeinte;Conservação do Meio Ambiente Sustentável e Renovável;33160
Canarana;2025;Secretaria Mun. de Agricultura e Meio Ambeinte;Agricultura Agroindustrial e de Exportação;2622555
Canarana;2025;Secretaria de Gestão Governamental;Adminstração Geral;4373284
Canarana;2025;Prevican-fundo Mun. Prev. Serv. Canarana;Prevican - Fundo Municipal de Prev. Serv. de Canarana;10464174
Canarana;2026;Câmara Municipal;Gestão Administrativa do Poder Legislativo;5465613
Canarana;2026;Secretaria Municipal de Educação e Cultura;Expansão e Melhoria do Ensino Infantil;12851017
Canarana;2026;Secretaria Municipal de Educação e Cultura;Expansão e Melhoria do Ensino Fundamental;35183397
Canarana;2026;Secretaria Municipal de Educação e Cultura;Expansão e Melhoria do Ensino Superior;136188
Canarana;2026;Secretaria Municipal de Educação e Cultura;Difusão da Cultura Local e Regional;1759564
Canarana;2026;Secretaria Municipal de Educação e Cultura;Melhoria da Alimentação Escolar;1291864
Canarana;2026;Secretaria Municipal de Finanças;Administração Financeira;12275482
Canarana;2026;Secretaria Municipal de Saúde e Saneamento;Saneamento Basico para Todos;4890667
Canarana;2026;Secretaria Municipal de Saúde e Saneamento;Serviços de Média Alta Complexidade, Ambulatorial, Urgencia e Emergencia;29304094
Canarana;2026;Secretaria Municipal de Saúde e Saneamento;Serviços de Saúde em Vigilância Epidemiológica;1900640
Canarana;2026;Secretaria Municipal de Saúde e Saneamento;Serviços de Saúde no Suporte Profilático e Terapêutico;962764
Canarana;2026;Secretaria Municipal de Saúde e Saneamento;Atenção Basica em Saúde Municipal;14427463
Canarana;2026;Secretaria Municipal de Saúde e Saneamento;Gestão em Saude Municipal;2758746
Canarana;2026;Secretaria Municipal de Esportes e Lazer;Incentivo ao Desporto Amador e Lazer;4109031
Canarana;2026;Secretaria Mun. de Assistência Social;Assistencia a Criança e ao Adolescente;521758
Canarana;2026;Secretaria Mun. de Assistência Social;Assistência e Melhoria nas Áreas Sociais;3802406
Canarana;2026;Secretaria Mun. de Assistência Social;Programa de Habitação Moradia Digna;1000000
Canarana;2026;Secretaria Mun. Desenvol. Sócioeconômico e Turisti;Promoção do Comércio Regional;1353826
Canarana;2026;Secretaria Mun. Desenvol. Sócioeconômico e Turisti;Promoção do Turismo Local e Regional;1160378
Canarana;2026;Secretaria Mun. de Administração e Serviços Gerais;Adminstração Geral;4920951
Canarana;2026;Secretaria Municipal de Obras, Estradas e Rodagens;Construção, Manutenção de Estradas Vicinais;4066437
Canarana;2026;Secretaria Municipal de Obras, Estradas e Rodagens;Urbanização Humanizada e Sustentável;2003296
Canarana;2026;Secretaria Municipal de Obras, Estradas e Rodagens;Adminstração Geral;13430637
Canarana;2026;Secretaria Municipal de Obras, Estradas e Rodagens;Eletrificação Urbana e Rural Sustentável e de Qualidade;1735830
Canarana;2026;Secretaria Municipal de Obras, Estradas e Rodagens;Melhoria do Transporte Rodoviário;526668
Canarana;2026;Secretaria Mun. de Agricultura e Meio Ambeinte;Agricultura de Subsistência;2459434
Canarana;2026;Secretaria Mun. de Agricultura e Meio Ambeinte;Conservação do Meio Ambiente Sustentável;44346
Canarana;2026;Secretaria de Gestão Governamental;Adminstração Geral;4285143
Canarana;2026;Prevican-funco Mun.prev. Serv. Canarana;Prevican-fundo Municipal de Prev. Serv. de Canarana;7547490
Ribeirão Cascalheira;2021;Gabinete do Prefeito;Administração Geral;1636807
Ribeirão Cascalheira;2021;Camara Municipal;Processo Legislativo;720000
Ribeirão Cascalheira;2021;Camara Municipal;Administração Legislativa;811456
Ribeirão Cascalheira;2021;Secretaria Municipal de Assistencia Social;Assistencia Comunitaria;897992
Ribeirão Cascalheira;2021;Secretaria Municipal de Assistencia Social;Atividades do Conselho Tutelar;164211
Ribeirão Cascalheira;2021;Secretaria Municipal de Assistencia Social;Covid-enfrentamento da Emergência de Saúde Pública;99438
Ribeirão Cascalheira;2021;Secretaria Municipal de Saude;Assistencia de Media e Alta Complexidade;1283620
Ribeirão Cascalheira;2021;Secretaria Municipal de Saude;Vigilância em Saude;1169237
Ribeirão Cascalheira;2021;Secretaria Municipal de Saude;Gestão de Saúde;366651
Ribeirão Cascalheira;2021;Secretaria Municipal de Saude;Bloco da Atenção Basica;10035347
Ribeirão Cascalheira;2021;Secretaria Municipal de Saude;Covid-enfrentamento da Emergência de Saúde Pública;784
Ribeirão Cascalheira;2021;Secretaria Municipal de Infra Estrutura;Administração Geral;17500
Ribeirão Cascalheira;2021;Secretaria Municipal de Infra Estrutura;Urbanismo;3835977
Ribeirão Cascalheira;2021;Secretaria Municipal de Infra Estrutura;Estradas Vicinais;3615023
Ribeirão Cascalheira;2021;Secretaria Municipal de Infra Estrutura;Captação Tratamento e Distribuição de Água;781153
Ribeirão Cascalheira;2021;Secretaria Municipal de Infra Estrutura;Pavimentacão de Ruas, Avenidas e Vielas;129611
Ribeirão Cascalheira;2021;Secretaria Municipal de Administração;Administração Geral;4189797
Ribeirão Cascalheira;2021;Secretaria Municipal de Agricultura;Feiras Mercados e Matadouros;12982
Ribeirão Cascalheira;2021;Secretaria Municipal de Agricultura;Assistência Técnica Agrícola;972581
Ribeirão Cascalheira;2021;Secretaria Municipal de Finanças;Gestao Financeira;2963437
Ribeirão Cascalheira;2021;Secretaria Municipal de Educação;Administração Geral;192599
Ribeirão Cascalheira;2021;Secretaria Municipal de Educação;Merenda Escolar;373715
Ribeirão Cascalheira;2021;Secretaria Municipal de Educação;Ensino Regular de Seis a Quatorze Anos;8969864
Ribeirão Cascalheira;2021;Secretaria Municipal de Educação;Gestão Educacional;769283
Ribeirão Cascalheira;2021;Secretaria Municipal de Educação;Assistência Educacional à Criança de Zero a Cinco;916301
Ribeirão Cascalheira;2021;Secretaria Municipal de Cultura, Desporto e Lazer;Promoçao e Eventos Culturais;147494
Ribeirão Cascalheira;2021;Secretaria Municipal de Cultura, Desporto e Lazer;Desenvolvimento do Desporto Amador;94603
Ribeirão Cascalheira;2021;Secretaria Municipal de Meio Ambiante e Turismo;Preservação do Meio Ambiente;4000
Ribeirão Cascalheira;2021;Secretaria Municipal de Meio Ambiante e Turismo;Promoçao e Eventos Culturais;2312
Ribeirão Cascalheira;2021;Secretaria Municipal de Meio Ambiante e Turismo;Fiscalização e Controle do Uso do Solo;228878
Ribeirão Cascalheira;2021;Secretaria Municipal de Transito;Transito Urbano;143442
Ribeirão Cascalheira;2021;Fundo Mun Prev Social Serv Publico de Ribeirao Cas;Previdencia Social do Servidor Publico;2453641
Ribeirão Cascalheira;2022;Gabinete do Prefeito;Administração Geral;3125709
Ribeirão Cascalheira;2022;Camara Municipal;Processo Legislativo;870768
Ribeirão Cascalheira;2022;Camara Municipal;Administração Legislativa;1568638
Ribeirão Cascalheira;2022;Secretaria Municipal de Assistencia Social;Atividades do Conselho Tutelar;203248
Ribeirão Cascalheira;2022;Secretaria Municipal de Assistencia Social;Assistência Comunitária;1564967
Ribeirão Cascalheira;2022;Secretaria Municipal de Assistencia Social;Programa Criança Feliz;92768
Ribeirão Cascalheira;2022;Secretaria Municipal de Assistencia Social;Centro Viva a Vida;33429
Ribeirão Cascalheira;2022;Secretaria Municipal de Assistencia Social;Centro de Convivência;41000
Ribeirão Cascalheira;2022;Secretaria Municipal de Saude;Assistência Farmacêutica;174254
Ribeirão Cascalheira;2022;Secretaria Municipal de Saude;Vigilância em Saude;1529256
Ribeirão Cascalheira;2022;Secretaria Municipal de Saude;Assistência de Média e Alta Complexidade;3780855
Ribeirão Cascalheira;2022;Secretaria Municipal de Saude;Gestão de Saúde;8215063
Ribeirão Cascalheira;2022;Secretaria Municipal de Saude;Bloco da Atenção Basica;3368442
Ribeirão Cascalheira;2022;Secretaria Municipal de Infra Estrutura;Administração Geral;3464
Ribeirão Cascalheira;2022;Secretaria Municipal de Infra Estrutura;Urbanismo;1862938
Ribeirão Cascalheira;2022;Secretaria Municipal de Infra Estrutura;Estradas Vicinais;8923617
Ribeirão Cascalheira;2022;Secretaria Municipal de Infra Estrutura;Captação Tratamento e Distribuição de Água;519874
Ribeirão Cascalheira;2022;Secretaria Municipal de Infra Estrutura;Pavimentacão de Ruas, Avenidas e Vielas;376832
Ribeirão Cascalheira;2022;Secretaria Municipal de Infra Estrutura;Veículos e Maquinários Pesados;746951
Ribeirão Cascalheira;2022;Secretaria Municipal de Administração;Administração Geral;5296433
Ribeirão Cascalheira;2022;Secretaria Municipal de Agricultura;Assistência Técnica Agrícola;794749
Ribeirão Cascalheira;2022;Secretaria Municipal de Agricultura;Feiras, Mercados e Matadouros;1500
Ribeirão Cascalheira;2022;Secretaria Municipal de Finanças;Gestão Financeira;3507425
Ribeirão Cascalheira;2022;Secretaria Municipal de Educação;Ensino Fundamental;46147
Ribeirão Cascalheira;2022;Secretaria Municipal de Educação;Merenda Escolar;779041
Ribeirão Cascalheira;2022;Secretaria Municipal de Educação;Educação Infantil;423954
Ribeirão Cascalheira;2022;Secretaria Municipal de Educação;Educação Básica;15225582
Ribeirão Cascalheira;2022;Secretaria Municipal de Educação;Gestão Educacional;3163925
Ribeirão Cascalheira;2022;Secretaria Municipal de Cultura, Desporto e Lazer;Desenvolvimento do Desporto Amador;186771
Ribeirão Cascalheira;2022;Secretaria Municipal de Cultura, Desporto e Lazer;Promoção e Eventos Culturais;351749
Ribeirão Cascalheira;2022;Secretaria Municipal de Cultura, Desporto e Lazer;Festivais e Eventos Culturais;338836
Ribeirão Cascalheira;2022;Secretaria Municipal de Meio Ambiante e Turismo;Administração Geral;261183
Ribeirão Cascalheira;2022;Secretaria Municipal de Meio Ambiante e Turismo;Educação Ambiental;7739
Ribeirão Cascalheira;2022;Secretaria Municipal de Meio Ambiante e Turismo;Promoção e Eventos Culturais;100003
Ribeirão Cascalheira;2022;Secretaria Municipal de Meio Ambiante e Turismo;Gestão dos Resíduos Sólidos;234888
Ribeirão Cascalheira;2022;Secretaria Municipal de Transito;Trânsito Urbano;290035
Ribeirão Cascalheira;2022;Fundo Mun Prev Social Serv Publico de Ribeirao Cas;Previdencia Social do Servidor Publico;3871750
Ribeirão Cascalheira;2023;Gabinete do Prefeito;Administração Geral;2434216
Ribeirão Cascalheira;2023;Camara Municipal;Processo Legislativo;881786
Ribeirão Cascalheira;2023;Camara Municipal;Administração Legislativa;2132133
Ribeirão Cascalheira;2023;Secretaria Municipal de Saude;Assistência Farmacêutica;14567
Ribeirão Cascalheira;2023;Secretaria Municipal de Saude;Vigilância em Saude;1108782
Ribeirão Cascalheira;2023;Secretaria Municipal de Saude;Assistência de Média e Alta Complexidade;1516697
Ribeirão Cascalheira;2023;Secretaria Municipal de Saude;Gestão de Saúde;8769285
Ribeirão Cascalheira;2023;Secretaria Municipal de Saude;Bloco da Atenção Basica;4361205
Ribeirão Cascalheira;2023;Secretaria Municipal de Saude;Covid-enfrentamento da Emergência de Saúde Pública;231396
Ribeirão Cascalheira;2023;Secretaria Municipal de Infra Estrutura;Urbanismo;2317085
Ribeirão Cascalheira;2023;Secretaria Municipal de Infra Estrutura;Estradas Vicinais;4114628
Ribeirão Cascalheira;2023;Secretaria Municipal de Infra Estrutura;Captação Tratamento e Distribuição de Água;289104
Ribeirão Cascalheira;2023;Secretaria Municipal de Infra Estrutura;Pavimentacão de Ruas, Avenidas e Vielas;2190106
Ribeirão Cascalheira;2023;Secretaria Municipal de Infra Estrutura;Obras Públicas de Infra Estrutura Urbana e Rural;5112657
Ribeirão Cascalheira;2023;Secretaria Municipal de Infra Estrutura;Veículos e Maquinários Pesados;1562929
Ribeirão Cascalheira;2023;Secretaria Municipal de Administração;Administração Geral;4134301
Ribeirão Cascalheira;2023;Secretaria Municipal de Administração;Organização do Arquivo Morto Municipal;1800
Ribeirão Cascalheira;2023;Secretaria Municipal de Agricultura;Assistência Técnica Agrícola;548161
Ribeirão Cascalheira;2023;Secretaria Municipal de Agricultura;Extrativismo Vegetal;157360
Ribeirão Cascalheira;2023;Secretaria Municipal de Agricultura;Feiras, Mercados e Matadouros;6653
Ribeirão Cascalheira;2023;Secretaria de Assistência Social;Atividades do Conselho Tutelar;38815
Ribeirão Cascalheira;2023;Secretaria de Assistência Social;Assistência Comunitária;2085281
Ribeirão Cascalheira;2023;Secretaria de Assistência Social;Programa Criança Feliz;115490
Ribeirão Cascalheira;2023;Secretaria de Assistência Social;Centro Viva a Vida;283000
Ribeirão Cascalheira;2023;Secretaria Municipal de Educação;Ensino Fundamental;164231
Ribeirão Cascalheira;2023;Secretaria Municipal de Educação;Educação Infantil;2568039
Ribeirão Cascalheira;2023;Secretaria Municipal de Educação;Educação Básica;15130010
Ribeirão Cascalheira;2023;Secretaria Municipal de Educação;Gestão Educacional;5548174
Ribeirão Cascalheira;2023;Secretaria Municipal de Educação;Merenda Escolar - Pnae;865693
Ribeirão Cascalheira;2023;Secretaria de Finanças;Gestão Financeira;3583992
Ribeirão Cascalheira;2023;Secretaria Municipal de Turismo;Promoção e Eventos Culturais;123225
Ribeirão Cascalheira;2023;Secretaria Municipal de Turismo;Casa do Artesanado;679
Ribeirão Cascalheira;2023;Secretaria Municipal de Turismo;Turismo na Aldeia;1326
Ribeirão Cascalheira;2023;Secretaria Municipal de Cultura, Desporto e Lazer;Desenvolvimento do Desporto Amador;162246
Ribeirão Cascalheira;2023;Secretaria Municipal de Cultura, Desporto e Lazer;Promoção e Eventos Culturais;259351
Ribeirão Cascalheira;2023;Secretaria Municipal de Cultura, Desporto e Lazer;Festivais e Eventos Culturais;578991
Ribeirão Cascalheira;2023;Secretaria Municipal de Cultura, Desporto e Lazer;Apoio Cultural Lc 195/2022;105661
Ribeirão Cascalheira;2023;Secretaria Municipal de Cultura, Desporto e Lazer;Restauração do Santuário dos Mártires da Caminhada;74399
Ribeirão Cascalheira;2023;Secretaria Municipal de Transito;Trânsito Urbano;306273
Ribeirão Cascalheira;2023;Secretaria Municipal de Meio Ambiente;Administração Geral;209966
Ribeirão Cascalheira;2023;Secretaria Municipal de Meio Ambiente;Recuperação de Áreas Degradadas;443460
Ribeirão Cascalheira;2023;Fundo Mun Prev Social Serv Publico de Ribeirao Cas;Previdencia Social do Servidor Publico;4476921
Ribeirão Cascalheira;2024;Gabinete do Prefeito;Administração Geral;2560292
Ribeirão Cascalheira;2024;Camara Municipal;Processo Legislativo;1730495
Ribeirão Cascalheira;2024;Camara Municipal;Administração Legislativa;1858148
Ribeirão Cascalheira;2024;Secretaria Municipal de Saude;Assistência Farmacêutica;3404
Ribeirão Cascalheira;2024;Secretaria Municipal de Saude;Vigilância em Saude;1081226
Ribeirão Cascalheira;2024;Secretaria Municipal de Saude;Assistência de Média e Alta Complexidade;1300964
Ribeirão Cascalheira;2024;Secretaria Municipal de Saude;Gestão de Saúde;17868217
Ribeirão Cascalheira;2024;Secretaria Municipal de Saude;Bloco da Atenção Basica;7605593
Ribeirão Cascalheira;2024;Secretaria Municipal de Infra Estrutura;Administração Geral;3014
Ribeirão Cascalheira;2024;Secretaria Municipal de Infra Estrutura;Urbanismo;2298329
Ribeirão Cascalheira;2024;Secretaria Municipal de Infra Estrutura;Estradas Vicinais;6105592
Ribeirão Cascalheira;2024;Secretaria Municipal de Infra Estrutura;Captação Tratamento e Distribuição de Água;294843
Ribeirão Cascalheira;2024;Secretaria Municipal de Infra Estrutura;Pavimentacão de Ruas, Avenidas e Vielas;1236556
Ribeirão Cascalheira;2024;Secretaria Municipal de Infra Estrutura;Obras Públicas de Infra Estrutura Urbana e Rural;2662321
Ribeirão Cascalheira;2024;Secretaria Municipal de Infra Estrutura;Veículos e Maquinários Pesados;1995306
Ribeirão Cascalheira;2024;Secretaria Municipal de Administração;Administração Geral;6810554
Ribeirão Cascalheira;2024;Secretaria Municipal de Administração;Gestão Financeira;4867
Ribeirão Cascalheira;2024;Secretaria Municipal de Administração;Capacitação e Treinamento para Servidores Públicos Municipais;3656
Ribeirão Cascalheira;2024;Secretaria Municipal de Agricultura;Assistência Técnica Agrícola;624883
Ribeirão Cascalheira;2024;Secretaria Municipal de Agricultura;Feiras, Mercados e Matadouros;2218
Ribeirão Cascalheira;2024;Secretaria de Assistência Social;Assistência Comunitária;1795550
Ribeirão Cascalheira;2024;Secretaria de Assistência Social;Programa Criança Feliz;97177
Ribeirão Cascalheira;2024;Secretaria de Assistência Social;Centro Viva a Vida;15533
Ribeirão Cascalheira;2024;Secretaria Municipal de Educação;Ensino Fundamental;18089591
Ribeirão Cascalheira;2024;Secretaria Municipal de Educação;Educação Infantil;1356546
Ribeirão Cascalheira;2024;Secretaria Municipal de Educação;Gestão Educacional;4792271
Ribeirão Cascalheira;2024;Secretaria Municipal de Educação;Merenda Escolar - Pnae;916462
Ribeirão Cascalheira;2024;Secretaria de Finanças;Gestão Financeira;5122560
Ribeirão Cascalheira;2024;Secretaria Municipal de Turismo;Promoção e Eventos Culturais;106487
Ribeirão Cascalheira;2024;Secretaria Municipal de Cultura, Desporto e Lazer;Desenvolvimento do Desporto Amador;134243
Ribeirão Cascalheira;2024;Secretaria Municipal de Cultura, Desporto e Lazer;Promoção e Eventos Culturais;209508
Ribeirão Cascalheira;2024;Secretaria Municipal de Cultura, Desporto e Lazer;Festivais e Eventos Culturais;592145
Ribeirão Cascalheira;2024;Secretaria Municipal de Transito;Trânsito Urbano;325489
Ribeirão Cascalheira;2024;Secretaria Municipal de Meio Ambiente;Administração Geral;260433
Ribeirão Cascalheira;2024;Secretaria Municipal de Meio Ambiente;Educação Ambiental;9512
Ribeirão Cascalheira;2024;Secretaria Municipal de Meio Ambiente;Recuperação de Áreas Degradadas;271064
Ribeirão Cascalheira;2024;Fundo Mun Prev Social Serv Publico de Ribeirao Cas;Previdencia Social do Servidor Publico;5061255
Ribeirão Cascalheira;2025;Gabinete do Prefeito;Administração Geral;2487310
Ribeirão Cascalheira;2025;Camara Municipal;Processo Legislativo;999408
Ribeirão Cascalheira;2025;Camara Municipal;Administração Legislativa;2623836
Ribeirão Cascalheira;2025;Secretaria Municipal de Saude;Vigilância em Saude;1421473
Ribeirão Cascalheira;2025;Secretaria Municipal de Saude;Assistência de Média e Alta Complexidade;4344427
Ribeirão Cascalheira;2025;Secretaria Municipal de Saude;Gestão de Saúde;9735555
Ribeirão Cascalheira;2025;Secretaria Municipal de Saude;Bloco da Atenção Basica;8726550
Ribeirão Cascalheira;2025;Secretaria Municipal de Infra Estrutura;Administração Geral;580000
Ribeirão Cascalheira;2025;Secretaria Municipal de Infra Estrutura;Urbanismo;2893791
Ribeirão Cascalheira;2025;Secretaria Municipal de Infra Estrutura;Estradas Vicinais;3797717
Ribeirão Cascalheira;2025;Secretaria Municipal de Infra Estrutura;Captação Tratamento e Distribuição de Água;1117814
Ribeirão Cascalheira;2025;Secretaria Municipal de Infra Estrutura;Pavimentacão de Ruas, Avenidas e Vielas;1161100
Ribeirão Cascalheira;2025;Secretaria Municipal de Infra Estrutura;Obras Públicas de Infra Estrutura Urbana e Rural;46832
Ribeirão Cascalheira;2025;Secretaria Municipal de Infra Estrutura;Veículos e Maquinários Pesados;2142013
Ribeirão Cascalheira;2025;Secretaria Municipal de Administração;Administração Geral;5301756
Ribeirão Cascalheira;2025;Secretaria Municipal de Administração;Capacitação e Treinamento para Servidores Públicos Municipais;3800
Ribeirão Cascalheira;2025;Secretaria Municipal de Agricultura;Assistência Técnica Agrícola;904183
Ribeirão Cascalheira;2025;Secretaria Municipal de Agricultura;Feiras, Mercados e Matadouros;13535
Ribeirão Cascalheira;2025;Secretaria Municipal de Agricultura;Fiscalização de Produtos de Agroindústria;163
Ribeirão Cascalheira;2025;Secretaria de Assistência Social;Atividades do Conselho Tutelar;4292
Ribeirão Cascalheira;2025;Secretaria de Assistência Social;Assistência Comunitária;2075235
Ribeirão Cascalheira;2025;Secretaria de Assistência Social;Programa Criança Feliz;96514
Ribeirão Cascalheira;2025;Secretaria Municipal de Educação;Ensino Fundamental;13779178
Ribeirão Cascalheira;2025;Secretaria Municipal de Educação;Educação Infantil;6630024
Ribeirão Cascalheira;2025;Secretaria Municipal de Educação;Gestão Educacional;4624997
Ribeirão Cascalheira;2025;Secretaria Municipal de Educação;Merenda Escolar - Pnae;996668
Ribeirão Cascalheira;2025;Secretaria de Finanças;Gestão Financeira;4599003
Ribeirão Cascalheira;2025;Secretaria Municipal de Turismo;Promoção e Eventos Culturais;187818
Ribeirão Cascalheira;2025;Secretaria Municipal de Turismo;Ponto de Lembrança;143
Ribeirão Cascalheira;2025;Secretaria Municipal de Turismo;Promoção e Fomento ao Turismo Local;600000
Ribeirão Cascalheira;2025;Secretaria Municipal de Cultura, Desporto e Lazer;Incentivo a Cultura;86972
Ribeirão Cascalheira;2025;Secretaria Municipal de Cultura, Desporto e Lazer;Desenvolvimento do Desporto Amador;221220
Ribeirão Cascalheira;2025;Secretaria Municipal de Cultura, Desporto e Lazer;Promoção e Eventos Culturais;201914
Ribeirão Cascalheira;2025;Secretaria Municipal de Cultura, Desporto e Lazer;Festivais e Eventos Culturais;36066
Ribeirão Cascalheira;2025;Secretaria Municipal de Transito;Trânsito Urbano;344967
Ribeirão Cascalheira;2025;Secretaria Municipal de Meio Ambiente;Administração Geral;806773
Ribeirão Cascalheira;2025;Secretaria Municipal de Meio Ambiente;Educação Ambiental;1558
Ribeirão Cascalheira;2025;Secretaria Municipal de Meio Ambiente;Recuperação de Áreas Degradadas;542875
Ribeirão Cascalheira;2025;Fundo Mun Prev Social Serv Publico de Ribeirao Cas;Previdencia Social do Servidor Publico;5590319
Ribeirão Cascalheira;2026;Gabinete do Prefeito;Administração Geral;1217226
Ribeirão Cascalheira;2026;Camara Municipal;Processo Legislativo;485704
Ribeirão Cascalheira;2026;Camara Municipal;Administração Legislativa;1311941
Ribeirão Cascalheira;2026;Secretaria Municipal de Saude;Assistência Farmacêutica;29199
Ribeirão Cascalheira;2026;Secretaria Municipal de Saude;Vigilância em Saude;856022
Ribeirão Cascalheira;2026;Secretaria Municipal de Saude;Assistência de Média e Alta Complexidade;3871834
Ribeirão Cascalheira;2026;Secretaria Municipal de Saude;Gestão de Saúde;2598198
Ribeirão Cascalheira;2026;Secretaria Municipal de Saude;Bloco da Atenção Basica;6262444
Ribeirão Cascalheira;2026;Secretaria Municipal de Infra Estrutura;Administração Geral;234077
Ribeirão Cascalheira;2026;Secretaria Municipal de Infra Estrutura;Urbanismo;2710876
Ribeirão Cascalheira;2026;Secretaria Municipal de Infra Estrutura;Estradas Vicinais;1222428
Ribeirão Cascalheira;2026;Secretaria Municipal de Infra Estrutura;Captação Tratamento e Distribuição de Água;593219
Ribeirão Cascalheira;2026;Secretaria Municipal de Infra Estrutura;Pavimentacão de Ruas, Avenidas e Vielas;549534
Ribeirão Cascalheira;2026;Secretaria Municipal de Infra Estrutura;Obras Públicas de Infra Estrutura Urbana e Rural;33000
Ribeirão Cascalheira;2026;Secretaria Municipal de Infra Estrutura;Veículos e Maquinários Pesados;1784120
Ribeirão Cascalheira;2026;Secretaria Municipal de Administração;Administração Geral;3225452
Ribeirão Cascalheira;2026;Secretaria Municipal de Administração;Regularização Fundiária;46743
Ribeirão Cascalheira;2026;Secretaria Municipal de Agricultura;Assistência Técnica Agrícola;603156
Ribeirão Cascalheira;2026;Secretaria Municipal de Agricultura;Feiras, Mercados e Matadouros;4543
Ribeirão Cascalheira;2026;Secretaria de Assistência Social;Atividades do Conselho Tutelar;131159
Ribeirão Cascalheira;2026;Secretaria de Assistência Social;Assistência Comunitária;952033
Ribeirão Cascalheira;2026;Secretaria de Assistência Social;Programa Criança Feliz;21640
Ribeirão Cascalheira;2026;Secretaria de Assistência Social;Prevenção e Enfrentamento a Violencia Contra a Mulher;465
Ribeirão Cascalheira;2026;Secretaria Municipal de Educação;Ensino Fundamental;8672121
Ribeirão Cascalheira;2026;Secretaria Municipal de Educação;Educação Infantil;5000190
Ribeirão Cascalheira;2026;Secretaria Municipal de Educação;Gestão Educacional;2281461
Ribeirão Cascalheira;2026;Secretaria Municipal de Educação;Merenda Escolar - Pnae;580122
Ribeirão Cascalheira;2026;Secretaria de Finanças;Gestão Financeira;2480031
Ribeirão Cascalheira;2026;Secretaria Municipal de Turismo;Promoção e Eventos Culturais;77088
Ribeirão Cascalheira;2026;Secretaria Municipal de Cultura, Desporto e Lazer;Desenvolvimento do Desporto Amador;409225
Ribeirão Cascalheira;2026;Secretaria Municipal de Cultura, Desporto e Lazer;Promoção e Eventos Culturais;128627
Ribeirão Cascalheira;2026;Secretaria Municipal de Cultura, Desporto e Lazer;Festivais e Eventos Culturais;545192
Ribeirão Cascalheira;2026;Secretaria Municipal de Transito;Trânsito Urbano;211106
Ribeirão Cascalheira;2026;Secretaria Municipal de Meio Ambiente;Administração Geral;357060
Ribeirão Cascalheira;2026;Secretaria Municipal de Meio Ambiente;Gestão dos Resíduos Sólidos;600
Ribeirão Cascalheira;2026;Secretaria Municipal de Meio Ambiente;Recuperação de Áreas Degradadas;267193
Ribeirão Cascalheira;2026;Fundo Mun Prev Social Serv Publico de Ribeirao Cas;Previdencia Social do Servidor Publico;465349
São Félix do Araguaia;2021;Secretaria Municipal de Financas;Administracao Geral;2114179
São Félix do Araguaia;2021;Secretaria Municipal de Financas;Operacoes Especiais;1661308
São Félix do Araguaia;2021;Secretaria Municipal de Saude;Vigilancia em Saude;590057
São Félix do Araguaia;2021;Secretaria Municipal de Saude;Atencao Basica em Saude;16247147
São Félix do Araguaia;2021;Secretaria Municipal de Saude;Gestao da Saude;17127
São Félix do Araguaia;2021;Secretaria Municipal de Saude;Assistencia de Media e Alta Complexidade;4378323
São Félix do Araguaia;2021;Secretaria Municipal de Educacao e Cultura;Ensino Fundamental;12707870
São Félix do Araguaia;2021;Secretaria Municipal de Educacao e Cultura;Apoio a Outras Modalidades de Ensino;188715
São Félix do Araguaia;2021;Secretaria Municipal de Educacao e Cultura;Educacao Infantil;1734726
São Félix do Araguaia;2021;Secretaria Municipal de Educacao e Cultura;Fortalecimento da Cultura;37364
São Félix do Araguaia;2021;Secretaria Municipal de Obras e Servicos Urbanos;Servicos Urbanos;2682756
São Félix do Araguaia;2021;Secretaria Municipal de Obras e Servicos Urbanos;Transporte Rodoviario;2378882
São Félix do Araguaia;2021;Secretaria Municipal de Obras e Servicos Urbanos;Manutenção de Rodovias;1209993
São Félix do Araguaia;2021;Secretaria Municipal de Obras e Servicos Urbanos;Apoio a Seguranca Publica;8297
São Félix do Araguaia;2021;Secretaria Municipal de Obras e Servicos Urbanos;Obras Publica e Infra-estrutura Urbana;11022726
São Félix do Araguaia;2021;Secretaria Municipal de Agricultura;Organizacao Agraria;2000
São Félix do Araguaia;2021;Secretaria Municipal de Agricultura;Apoio ao Desenvolvimento Agropecuario;903424
São Félix do Araguaia;2021;Secretaria Municipal de Agricultura;Fortaleciemtno da Agricultura Familiar;20945
São Félix do Araguaia;2021;Secretaria Municipal de Turismo e Meio Ambiente;Desenvolvimento do Turismo;317822
São Félix do Araguaia;2021;Secretaria Municipal de Turismo e Meio Ambiente;Administracao Geral;316387
São Félix do Araguaia;2021;Secretaria Municipal de Esportes e Lazer;Apoio a Desporto e ao Lazer;881660
São Félix do Araguaia;2021;Secretaria Municipal de Meio Ambiente;Protecao do Meio Ambiente;706608
São Félix do Araguaia;2021;Gabinete do Prefeito Municipal;Saneamento Basico;1365650
São Félix do Araguaia;2021;Gabinete do Prefeito Municipal;Administracao Geral;1269151
São Félix do Araguaia;2021;Camara Municipal de São Felix do Araguaia;Processo Legislativo;2617397
São Félix do Araguaia;2021;Secretaria Municipal de Admin, Planej.de Fazenda;Administracao Geral;6781661
São Félix do Araguaia;2021;Secretaria Munic.de Desenv.e Acao Social;Administracao Geral;651435
São Félix do Araguaia;2021;Secretaria Munic.de Desenv.e Acao Social;Assistencia a Crianca e ao Adolescente;359714
São Félix do Araguaia;2021;Secretaria Munic.de Desenv.e Acao Social;Assistencia Social;1781376
São Félix do Araguaia;2021;Ipasfa - Instituto de Previdencia de Sao Felix;Previdencia;2021625
São Félix do Araguaia;2022;Secretaria Municipal de Financas;Administracao Geral;3234851
São Félix do Araguaia;2022;Secretaria Municipal de Financas;Operacoes Especiais;2496362
São Félix do Araguaia;2022;Secretaria Municipal de Saude;Vigilancia em Saude;677964
São Félix do Araguaia;2022;Secretaria Municipal de Saude;Atencao Basica em Saude;17487250
São Félix do Araguaia;2022;Secretaria Municipal de Saude;Gestao da Saude;37034
São Félix do Araguaia;2022;Secretaria Municipal de Saude;Assistencia de Media e Alta Complexidade;7277684
São Félix do Araguaia;2022;Secretaria Municipal de Educacao e Cultura;Ensino Fundamental;18193855
São Félix do Araguaia;2022;Secretaria Municipal de Educacao e Cultura;Apoio a Outras Modalidades de Ensino;132139
São Félix do Araguaia;2022;Secretaria Municipal de Educacao e Cultura;Educacao Infantil;3986769
São Félix do Araguaia;2022;Secretaria Municipal de Educacao e Cultura;Fortalecimento da Cultura;181391
São Félix do Araguaia;2022;Secretaria Municipal de Obras e Servicos Urbanos;Servicos Urbanos;3465886
São Félix do Araguaia;2022;Secretaria Municipal de Obras e Servicos Urbanos;Transporte Rodoviario;2652300
São Félix do Araguaia;2022;Secretaria Municipal de Obras e Servicos Urbanos;Administracao Geral;50000
São Félix do Araguaia;2022;Secretaria Municipal de Obras e Servicos Urbanos;Manutenção de Rodovias;2150059
São Félix do Araguaia;2022;Secretaria Municipal de Obras e Servicos Urbanos;Obras Publica e Infra-estrutura Urbana;24511975
São Félix do Araguaia;2022;Secretaria Municipal de Agricultura;Apoio ao Desenvolvimento Agropecuario;1101286
São Félix do Araguaia;2022;Secretaria Municipal de Agricultura;Fortaleciemtno da Agricultura Familiar;186584
São Félix do Araguaia;2022;Secretaria Municipal de Turismo e Meio Ambiente;Desenvolvimento do Turismo;637340
São Félix do Araguaia;2022;Secretaria Municipal de Turismo e Meio Ambiente;Administracao Geral;757838
São Félix do Araguaia;2022;Secretaria Municipal de Esportes e Lazer;Apoio a Desporto e ao Lazer;932183
São Félix do Araguaia;2022;Secretaria Municipal de Meio Ambiente;Protecao do Meio Ambiente;1133540
São Félix do Araguaia;2022;Gabinete do Prefeito Municipal;Saneamento Basico;1762467
São Félix do Araguaia;2022;Gabinete do Prefeito Municipal;Administracao Geral;2917014
São Félix do Araguaia;2022;Secretaria Municipal de Admin, Planej.de Fazenda;Administracao Geral;10592153
São Félix do Araguaia;2022;Secretaria Munic.de Desenv.e Acao Social;Administracao Geral;1418559
São Félix do Araguaia;2022;Secretaria Munic.de Desenv.e Acao Social;Assistencia a Crianca e ao Adolescente;293771
São Félix do Araguaia;2022;Secretaria Munic.de Desenv.e Acao Social;Assistencia Social;1984524
São Félix do Araguaia;2022;Ipasfa - Instituto de Previdencia de Sao Felix;Previdencia Social;2561388
São Félix do Araguaia;2022;1;Processo Legislativo;4147987
São Félix do Araguaia;2023;Secretaria Municipal de Financas;Administracao Geral;3298923
São Félix do Araguaia;2023;Secretaria Municipal de Financas;Operacoes Especiais;5745655
São Félix do Araguaia;2023;Secretaria Municipal de Saude;Vigilancia em Saude;1129629
São Félix do Araguaia;2023;Secretaria Municipal de Saude;Atencao Basica em Saude;19096605
São Félix do Araguaia;2023;Secretaria Municipal de Saude;Gestao da Saude;1720
São Félix do Araguaia;2023;Secretaria Municipal de Saude;Assistencia de Media e Alta Complexidade;8419734
São Félix do Araguaia;2023;Secretaria Municipal de Educacao e Cultura;Ensino Fundamental;24257115
São Félix do Araguaia;2023;Secretaria Municipal de Educacao e Cultura;Apoio a Outras Modalidades de Ensino;264279
São Félix do Araguaia;2023;Secretaria Municipal de Educacao e Cultura;Educacao Infantil;6099455
São Félix do Araguaia;2023;Secretaria Municipal de Educacao e Cultura;Fortalecimento da Cultura;174566
São Félix do Araguaia;2023;Secretaria Municipal de Educacao e Cultura;Gestao da Educacao;86715
São Félix do Araguaia;2023;Secretaria Municipal de Obras e Servicos Urbanos;Servicos Urbanos;2608883
São Félix do Araguaia;2023;Secretaria Municipal de Obras e Servicos Urbanos;Transporte Rodoviario;276179
São Félix do Araguaia;2023;Secretaria Municipal de Obras e Servicos Urbanos;Administracao Geral;300000
São Félix do Araguaia;2023;Secretaria Municipal de Obras e Servicos Urbanos;Manutenção de Rodovias;2108045
São Félix do Araguaia;2023;Secretaria Municipal de Obras e Servicos Urbanos;Apoio a Seguranca Publica;3650
São Félix do Araguaia;2023;Secretaria Municipal de Obras e Servicos Urbanos;Obras Publica e Infra-estrutura Urbana;32060049
São Félix do Araguaia;2023;Secretaria Municipal de Agricultura;Apoio ao Desenvolvimento Agropecuario;1193384
São Félix do Araguaia;2023;Secretaria Municipal de Agricultura;Fortaleciemtno da Agricultura Familiar;594976
São Félix do Araguaia;2023;Secretaria Municipal de Turismo e Meio Ambiente;Desenvolvimento do Turismo;880851
São Félix do Araguaia;2023;Secretaria Municipal de Turismo e Meio Ambiente;Administracao Geral;1615242
São Félix do Araguaia;2023;Secretaria Municipal de Esportes e Lazer;Apoio a Desporto e ao Lazer;1014421
São Félix do Araguaia;2023;Secretaria Municipal de Meio Ambiente;Protecao do Meio Ambiente;1217942
São Félix do Araguaia;2023;Gabinete do Prefeito Municipal;Saneamento Basico;1556965
São Félix do Araguaia;2023;Gabinete do Prefeito Municipal;Administracao Geral;2630647
São Félix do Araguaia;2023;Camara Municipal de Sao Felix do Araguaia;Processo Legislativo;4454786
São Félix do Araguaia;2023;Secretaria Municipal de Admin, Planej.de Fazenda;Administracao Geral;12217954
São Félix do Araguaia;2023;Secretaria Munic.de Desenv.e Acao Social;Administracao Geral;1457842
São Félix do Araguaia;2023;Secretaria Munic.de Desenv.e Acao Social;Assistencia a Crianca e ao Adolescente;336458
São Félix do Araguaia;2023;Secretaria Munic.de Desenv.e Acao Social;Assistencia Social;2924500
São Félix do Araguaia;2023;Ipasfa - Instituto de Previdencia de Sao Felix;Previdencia Social;3170955
São Félix do Araguaia;2024;Secretaria Municipal de Financas;Administracao Geral;4285336
São Félix do Araguaia;2024;Secretaria Municipal de Financas;Operacoes Especiais;8583202
São Félix do Araguaia;2024;Secretaria Municipal de Saude;Vigilancia em Saude;1015988
São Félix do Araguaia;2024;Secretaria Municipal de Saude;Atencao Basica em Saude;20378210
São Félix do Araguaia;2024;Secretaria Municipal de Saude;Assistencia de Media e Alta Complexidade;9150461
São Félix do Araguaia;2024;Secretaria Municipal de Educacao e Cultura;Ensino Fundamental;23561264
São Félix do Araguaia;2024;Secretaria Municipal de Educacao e Cultura;Apoio a Outras Modalidades de Ensino;245000
São Félix do Araguaia;2024;Secretaria Municipal de Educacao e Cultura;Educacao Infantil;7598553
São Félix do Araguaia;2024;Secretaria Municipal de Educacao e Cultura;Fortalecimento da Cultura;400884
São Félix do Araguaia;2024;Secretaria Municipal de Obras e Servicos Urbanos;Servicos Urbanos;2177885
São Félix do Araguaia;2024;Secretaria Municipal de Obras e Servicos Urbanos;Transporte Rodoviario;307130
São Félix do Araguaia;2024;Secretaria Municipal de Obras e Servicos Urbanos;Manutenção de Rodovias;2355558
São Félix do Araguaia;2024;Secretaria Municipal de Obras e Servicos Urbanos;Obras Publica e Infra-estrutura Urbana;43978388
São Félix do Araguaia;2024;Secretaria Municipal de Agricultura;Organizacao Agraria;33000
São Félix do Araguaia;2024;Secretaria Municipal de Agricultura;Apoio ao Desenvolvimento Agropecuario;1474550
São Félix do Araguaia;2024;Secretaria Municipal de Agricultura;Fortaleciemtno da Agricultura Familiar;79837
São Félix do Araguaia;2024;Secretaria Municipal de Turismo e Meio Ambiente;Desenvolvimento do Turismo;2414927
São Félix do Araguaia;2024;Secretaria Municipal de Turismo e Meio Ambiente;Administracao Geral;1245397
São Félix do Araguaia;2024;Secretaria Municipal de Esportes e Lazer;Apoio a Desporto e ao Lazer;1430553
São Félix do Araguaia;2024;Secretaria Municipal de Meio Ambiente;Protecao do Meio Ambiente;1300218
São Félix do Araguaia;2024;Gabinete do Prefeito Municipal;Saneamento Basico;2023997
São Félix do Araguaia;2024;Gabinete do Prefeito Municipal;Administracao Geral;2048409
São Félix do Araguaia;2024;Camara Municipal de Sao Felix do Araguaia;Processo Legislativo;4733103
São Félix do Araguaia;2024;Secretaria Municipal de Admin, Planej.de Fazenda;Administracao Geral;13468458
São Félix do Araguaia;2024;Secretaria Munic.de Desenv.e Acao Social;Administracao Geral;1823051
São Félix do Araguaia;2024;Secretaria Munic.de Desenv.e Acao Social;Operacoes Especiais;8960
São Félix do Araguaia;2024;Secretaria Munic.de Desenv.e Acao Social;Habitacao Popular;752834
São Félix do Araguaia;2024;Secretaria Munic.de Desenv.e Acao Social;Assistencia a Crianca e ao Adolescente;395031
São Félix do Araguaia;2024;Secretaria Munic.de Desenv.e Acao Social;Assistencia Social;2736411
São Félix do Araguaia;2024;Ipasfa - Instituto de Previdencia de Sao Felix;Previdencia Social;3730379
São Félix do Araguaia;2025;Secretaria Municipal de Saude;Vigilancia em Saude;174316
São Félix do Araguaia;2025;Secretaria Municipal de Saude;Atencao Basica em Saude;26782223
São Félix do Araguaia;2025;Secretaria Municipal de Saude;Gestao da Saude;476212
São Félix do Araguaia;2025;Secretaria Municipal de Saude;Assistencia de Media e Alta Complexidade;7062080
São Félix do Araguaia;2025;Secretaria Municipal de Educacao e Cultura;Ensino Fundamental;25300015
São Félix do Araguaia;2025;Secretaria Municipal de Educacao e Cultura;Apoio a Outras Modalidades de Ensino;386567
São Félix do Araguaia;2025;Secretaria Municipal de Educacao e Cultura;Educacao Infantil;5758307
São Félix do Araguaia;2025;Secretaria Municipal de Educacao e Cultura;Fortalecimento da Cultura;155321
São Félix do Araguaia;2025;Secretaria Municipal de Educacao e Cultura;Gestao da Educacao;9000
São Félix do Araguaia;2025;Secretaria Municipal de Obras e Servicos Urbanos;Servicos Urbanos;1569683
São Félix do Araguaia;2025;Secretaria Municipal de Obras e Servicos Urbanos;Transporte Rodoviario;3059698
São Félix do Araguaia;2025;Secretaria Municipal de Obras e Servicos Urbanos;Manutenção de Rodovias;1883130
São Félix do Araguaia;2025;Secretaria Municipal de Obras e Servicos Urbanos;Obras Publica e Infra-estrutura Urbana;24948678
São Félix do Araguaia;2025;Secretaria Municipal de Agricultura;Organizacao Agraria;13789
São Félix do Araguaia;2025;Secretaria Municipal de Agricultura;Apoio ao Desenvolvimento Agropecuario;2560970
São Félix do Araguaia;2025;Secretaria Municipal de Agricultura;Fortaleciemtno da Agricultura Familiar;39990
São Félix do Araguaia;2025;Secretaria Municipal de Finanças;Administracao Geral;3375582
São Félix do Araguaia;2025;Secretaria Municipal de Finanças;Operacoes Especiais;13979805
São Félix do Araguaia;2025;Secretaria Municipal de Turismo e Meio Ambiente;Desenvolvimento do Turismo;5405073
São Félix do Araguaia;2025;Secretaria Municipal de Turismo e Meio Ambiente;Administracao Geral;2790661
São Félix do Araguaia;2025;Secretaria Municipal de Esportes e Lazer;Apoio a Desporto e ao Lazer;2363013
São Félix do Araguaia;2025;Secretaria Municipal de Meio Ambiente;Protecao do Meio Ambiente;1729256
São Félix do Araguaia;2025;Gabinete do Prefeito Municipal;Saneamento Basico;3916914
São Félix do Araguaia;2025;Gabinete do Prefeito Municipal;Administracao Geral;2213076
São Félix do Araguaia;2025;Camara Municipal de Sao Felix do Araguaia;Processo Legislativo;5518123
São Félix do Araguaia;2025;Secretaria Municipal de Admin, Planej.de Fazenda;Administracao Geral;13422897
São Félix do Araguaia;2025;Secretaria Munic.de Desenv.e Acao Social;Administracao Geral;3770413
São Félix do Araguaia;2025;Secretaria Munic.de Desenv.e Acao Social;Habitacao Popular;1358805
São Félix do Araguaia;2025;Secretaria Munic.de Desenv.e Acao Social;Assistencia a Crianca e ao Adolescente;318892
São Félix do Araguaia;2025;Secretaria Munic.de Desenv.e Acao Social;Assistencia Social;2890970
São Félix do Araguaia;2025;Ipasfa - Instituto de Previdencia de Sao Felix;Processo Judiciario;4408475
São Félix do Araguaia;2026;Secretaria Municipal de Educacao e Cultura;Ensino Fundamental;4198319
São Félix do Araguaia;2026;Secretaria Municipal de Educacao e Cultura;Educacao Infantil;2594650
São Félix do Araguaia;2026;Secretaria Municipal de Educacao e Cultura;Gestao da Educacao;5689609
São Félix do Araguaia;2026;Secretaria Municipal de Agricultura;Fortaleciemtno da Agricultura Familiar;1193554
São Félix do Araguaia;2026;Secretaria Municipal de Finanças;Operações Especiais;5605772
São Félix do Araguaia;2026;Secretaria Municipal de Finanças;Administracao Geral;1390890
São Félix do Araguaia;2026;Secretaria Municipal de Obras e Serviços Urbanos;Saneamento Basico;5000
São Félix do Araguaia;2026;Secretaria Municipal de Obras e Serviços Urbanos;Servicos Urbanos;380108
São Félix do Araguaia;2026;Secretaria Municipal de Obras e Serviços Urbanos;Transporte Rodoviario;877471
São Félix do Araguaia;2026;Secretaria Municipal de Obras e Serviços Urbanos;Obras Publica e Infra-estrutura Urbana;6775740
São Félix do Araguaia;2026;Secretaria Municipal de Obras e Serviços Urbanos;Manutencao de Rodovias;269534
São Félix do Araguaia;2026;Secretaria Municipal de Esportes e Lazer;Apoio a Desporto e ao Lazer;1581285
São Félix do Araguaia;2026;Secretaria Municipal de Turismo;Desenvolvimento do Turismo;553360
São Félix do Araguaia;2026;Secretaria Municipal de Turismo;Administracao Geral;1029726
São Félix do Araguaia;2026;Secretaria Municipal de Turismo;Fortalecimento da Cultura;661556
São Félix do Araguaia;2026;Secretaria Municipal de Meio Ambiente;Protecao do Meio Ambiente;881358
São Félix do Araguaia;2026;Gabinete do Prefeito Municipal;Saneamento Basico;1289361
São Félix do Araguaia;2026;Gabinete do Prefeito Municipal;Administracao Geral;1230511
São Félix do Araguaia;2026;Camara Municipal de Sao Felix do Araguaia;Processo Legislativo;3722111
São Félix do Araguaia;2026;Secretaria Municipal de Admin, Planej.de Fazenda;Administracao Geral;6507060
São Félix do Araguaia;2026;Ipasfa - Instituto de Previdencia de Sao Felix;Previdencia Social;2859771
São Félix do Araguaia;2026;Secretaria Municipal de Sáude;Vigilancia em Saude;25624
São Félix do Araguaia;2026;Secretaria Municipal de Sáude;Atencao Basica em Saude;11856905
São Félix do Araguaia;2026;Secretaria Municipal de Sáude;Gestao da Saude;190404
São Félix do Araguaia;2026;Secretaria Municipal de Sáude;Assistencia de Media e Alta Complexidade;4984462
São Félix do Araguaia;2026;Secretaria Municipal de Desenv. Assistência Social;Assistencia a Crianca e ao Adolescente;87964
São Félix do Araguaia;2026;Secretaria Municipal de Desenv. Assistência Social;Assistencia Social;3006127
