municipio;exercicio;orgao;fonte;liquidado
Água Boa;2021;Gabinete do Prefeito;Recursos Ordinários;2268246
Água Boa;2021;Camara Municipal;Recursos Ordinários;3095000
Água Boa;2021;Secretaria de Saúde;Receitas de Impostos e de Transferência de Impostos - Saúde;18617232
Água Boa;2021;Secretaria de Saúde;Transferência de Recursos do Sistema Único de Saúde – SUS – Estado;13735789
Água Boa;2021;Secretaria de Saúde;Transferências Fundo a Fundo de Recursos do SUS provenientes do Governo Federal - Bloco de Manutenção das Ações e Serviços Públicos de Saúde;14126154
Água Boa;2021;Secretaria de Saúde;Transferências Fundo a Fundo de Recursos do SUS provenientes do Governo Federal - Bloco de Estruturação da Rede de Serviços Públicos de Saúde;669795
Água Boa;2021;Secretaria de Assistência Social;Transferência de Recursos do Fundo Nacional de Assistência Social – FNAS;360221
Água Boa;2021;Secretaria de Assistência Social;Recursos Ordinários;2547736
Água Boa;2021;Secretaria de Assistência Social;Transferência de recursos do Estado para ações de Assistência Social;64600
Água Boa;2021;Secretaria de Assistência Social;Demais Recursos Vinculados Destinados Assistência Social;44907
Água Boa;2021;Secretaria de Finanças;Alienação de Bens;34590
Água Boa;2021;Secretaria de Finanças;Recursos Ordinários;3859511
Água Boa;2021;Secretaria de Educação;Receitas de Impostos e de Transferência de Impostos - Educação;8222872
Água Boa;2021;Secretaria de Educação;Transferência de Recursos do Fundo Nacional do Desenvolvimento da Educação - FNDE;1533954
Água Boa;2021;Secretaria de Educação;Transferências do FUNDEB - (aplicação na remuneração dos profissionais do Magistério em efetivo exercício na Educação Básica);16159870
Água Boa;2021;Secretaria de Educação;Transferências do FUNDEB - (aplicação em outras despesas da Educação Básica);4777169
Água Boa;2021;Secretaria de Educação;Recursos provenientes do Fundo de Transporte e Habitação – FETHAB;325993
Água Boa;2021;Secretaria de Educação;Recursos Ordinários;789258
Água Boa;2021;Secretaria de Educação;Transferências de Convênios ou Contratos de Repasse - Educação;465261
Água Boa;2021;Secretaria de Administracáo;Recursos Ordinários;527945
Água Boa;2021;Secretaria de Infraestrutura;Recursos Ordinários;910521
Água Boa;2021;Fundo Municipal de Previdência dos Servidores de Água Boa - Água Previ;Recursos do Regime Próprio de Previdência (RPPS);5774249
Água Boa;2021;Fundo Municipal de Previdência dos Servidores de Água Boa - Água Previ;Recursos da Taxa de Administração;228200
Água Boa;2021;Secretaria Municipal de Cidade e Meio Ambiente;Contribuição para o Custeio dos Serviços de Iluminação Pública - COSIP;1830702
Água Boa;2021;Secretaria Municipal de Cidade e Meio Ambiente;Alienação de Bens;27163
Água Boa;2021;Secretaria Municipal de Cidade e Meio Ambiente;Recursos Ordinários;2176477
Água Boa;2021;Secretaria Municipal de Cidade e Meio Ambiente;Outras Transferências de Convênios ou Contratos de Repasse da União (não relacionados à educação/saúde/assistência social);632200
Água Boa;2021;Secretaria de Planejamento e Finanças;Alienação de Bens;64229
Água Boa;2021;Secretaria de Planejamento e Finanças;Recursos Ordinários;1382119
Água Boa;2021;Secretaria de Desenvolvimento Industria Comércio e Turismo;Alienação de Bens;181418
Água Boa;2021;Secretaria de Desenvolvimento Industria Comércio e Turismo;Recursos Ordinários;3586067
Água Boa;2021;Secretaria de Administracáo e Planejamento;Recursos Ordinários;5885712
Água Boa;2021;Secretaria de Administracáo e Planejamento;Outras Transferências de Convênios ou Contratos de Repasse da União (não relacionados à educação/saúde/assistência social);4783
Água Boa;2021;Secretaria de Infraestrutura e Meio Ambiente;Contribuição de Intervenção do Domínio Econômico - CIDE;197
Água Boa;2021;Secretaria de Infraestrutura e Meio Ambiente;Contribuição para o Custeio dos Serviços de Iluminação Pública - COSIP;1526249
Água Boa;2021;Secretaria de Infraestrutura e Meio Ambiente;Recursos provenientes do Fundo de Transporte e Habitação – FETHAB;2122517
Água Boa;2021;Secretaria de Infraestrutura e Meio Ambiente;Recursos Ordinários;17403975
Água Boa;2021;Secretaria de Infraestrutura e Meio Ambiente;Outras Transferências de Convênios ou Contratos de Repasse da União (não relacionados à educação/saúde/assistência social);4568233
Água Boa;2021;Secretaria de Esporte, Cultura, Lazer e Eventos;Recursos Ordinários;2539141
Água Boa;2021;Secretaria de Esporte, Cultura, Lazer e Eventos;Demais Recursos Vinculados (não relacionados à Educação/ Saúde/ Assist. Social);123200
Água Boa;2021;Secretaria de Esporte, Cultura, Lazer e Eventos;Outras Transferências de Convênios ou Contratos de Repasse do Estado (não relacionados à educação/saúde/assistência social);175217
Água Boa;2022;Gabinete do Prefeito;Recursos não Vinculados de Impostos;3072133
Água Boa;2022;Camara Municipal;Recursos não Vinculados de Impostos;3863000
Água Boa;2022;Secretaria de Saúde;Recursos não Vinculados de Impostos;22147664
Água Boa;2022;Secretaria de Saúde;Transferências Fundo a Fundo de Recursos do SUS provenientes do Governo Federal - Bloco  de Manutenção das Ações e Serviços Públicos de Saúde;16467807
Água Boa;2022;Secretaria de Saúde;Transferências Fundo a Fundo de Recursos do SUS provenientes do Governo Federal - Bloco  de Estruturação da Rede de Serviços Públicos de Saúde;207700
Água Boa;2022;Secretaria de Saúde;Transferências Fundo a Fundo de Recursos do SUS provenientes do Governo Federal - Bloco de Manutenção das Ações e Serviços Públicos de Saúde - Recursos destinados ao  enfrentamento da COVID-19 no bojo da ação 21C0.;102670
Água Boa;2022;Secretaria de Saúde;Transferências Fundo a Fundo de Recursos do SUS provenientes do Governo Estadual;24478612
Água Boa;2022;Secretaria de Saúde;Outras Transferências de Convênios ou Instrumentos Congêneres da União;436482
Água Boa;2022;Secretaria de Assistência Social;Recursos não Vinculados de Impostos;4272772
Água Boa;2022;Secretaria de Assistência Social;Transferência de Recursos do Fundo Nacional de Assistência Social - FNAS;336789
Água Boa;2022;Secretaria de Assistência Social;Transferência de Recursos dos Fundos Estaduais de Assistência Social;89574
Água Boa;2022;Secretaria de Assistência Social;Outros Recursos Vinculados à Assistência Social;273103
Água Boa;2022;Secretaria de Finanças;Recursos não Vinculados de Impostos;8366840
Água Boa;2022;Secretaria de Educação;Recursos Vinculados a Fundos;332217
Água Boa;2022;Secretaria de Educação;Recursos não Vinculados de Impostos;18633771
Água Boa;2022;Secretaria de Educação;Transferências do FUNDEB Impostos e Transferências de Impostos;29285542
Água Boa;2022;Secretaria de Educação;Outras Transferências de Recursos do FNDE;1417137
Água Boa;2022;Secretaria de Educação;Outros Recursos Vinculados à Educação;700555
Água Boa;2022;Fundo Municipal de Previdência dos Servidores de Água Boa - Água Previ;Recursos Vinculados ao RPPS - Fundo em Capitalização (Plano Previdenciário);8574142
Água Boa;2022;Fundo Municipal de Previdência dos Servidores de Água Boa - Água Previ;Recursos Vinculados ao RPPS - Taxa de Administração;334819
Água Boa;2022;Secretaria de Desenvolvimento Industria Comércio e Turismo;Recursos de Alienação de Bens/Ativos - Administração Direta;182915
Água Boa;2022;Secretaria de Desenvolvimento Industria Comércio e Turismo;Recursos não Vinculados de Impostos;4931241
Água Boa;2022;Secretaria de Desenvolvimento Industria Comércio e Turismo;Outras Transferências de Convênios ou Instrumentos Congêneres da União;29596
Água Boa;2022;Secretaria de Desenvolvimento Industria Comércio e Turismo;Outras Transferências de Convênios ou Instrumentos Congêneres dos Estados;418929
Água Boa;2022;Secretaria de Administracáo e Planejamento;Recursos de Alienação de Bens/Ativos - Administração Direta;2273247
Água Boa;2022;Secretaria de Administracáo e Planejamento;Recursos não Vinculados de Impostos;6241319
Água Boa;2022;Secretaria de Administracáo e Planejamento;Demais Transferências Obrigatórias não Decorrentes de Repartições de Receitas;1100954
Água Boa;2022;Secretaria de Infraestrutura e Meio Ambiente;Recursos da Contribuição de Intervenção no Domínio Econômico - CIDE;502
Água Boa;2022;Secretaria de Infraestrutura e Meio Ambiente;Recursos da Contribuição para o Custeio do Serviço de Iluminação Pública - COSIP;3360927
Água Boa;2022;Secretaria de Infraestrutura e Meio Ambiente;Recursos de Operações de Crédito;1244300
Água Boa;2022;Secretaria de Infraestrutura e Meio Ambiente;Recursos de Alienação de Bens/Ativos - Administração Direta;2798095
Água Boa;2022;Secretaria de Infraestrutura e Meio Ambiente;Recursos Vinculados a Fundos;1376376
Água Boa;2022;Secretaria de Infraestrutura e Meio Ambiente;Recursos não Vinculados de Impostos;46816841
Água Boa;2022;Secretaria de Infraestrutura e Meio Ambiente;Outras Transferências de Convênios ou Instrumentos Congêneres da União;272852
Água Boa;2022;Secretaria de Infraestrutura e Meio Ambiente;Outras Transferências de Convênios ou Instrumentos Congêneres dos Estados;317918
Água Boa;2022;Secretaria de Infraestrutura e Meio Ambiente;Demais Transferências Obrigatórias não Decorrentes de Repartições de Receitas;1563280
Água Boa;2022;Secretaria de Infraestrutura e Meio Ambiente;Transferências da União Referentes a Compensações Financeiras pela Exploração de Recursos Naturais;228683
Água Boa;2022;Secretaria de Esporte, Cultura, Lazer e Eventos;Outros Recursos Vinculados;314491
Água Boa;2022;Secretaria de Esporte, Cultura, Lazer e Eventos;Recursos não Vinculados de Impostos;6738548
Água Boa;2022;Secretaria de Esporte, Cultura, Lazer e Eventos;Outras Transferências de Convênios ou Instrumentos Congêneres dos Estados;26338
Água Boa;2022;Secretaria de Esporte, Cultura, Lazer e Eventos;Demais Transferências Obrigatórias não Decorrentes de Repartições de Receitas;2116
Água Boa;2023;Gabinete do Prefeito;Recursos não Vinculados de Impostos;3158479
Água Boa;2023;Camara Municipal;Recursos não Vinculados de Impostos;4673000
Água Boa;2023;Secretaria de Saúde;Recursos de Alienação de Bens/Ativos - Administração Direta;138364
Água Boa;2023;Secretaria de Saúde;Recursos não Vinculados de Impostos;31048824
Água Boa;2023;Secretaria de Saúde;Recursos não vinculados da compensação de impostos;1240613
Água Boa;2023;Secretaria de Saúde;Transferências Fundo a Fundo de Recursos do SUS provenientes do Governo Federal - Bloco  de Manutenção das Ações e Serviços Públicos de Saúde;16629764
Água Boa;2023;Secretaria de Saúde;Transferências Fundo a Fundo de Recursos do SUS provenientes do Governo Federal - Bloco  de Estruturação da Rede de Serviços Públicos de Saúde;168395
Água Boa;2023;Secretaria de Saúde;Transferências Fundo a Fundo de Recursos do SUS provenientes do Governo Federal - Bloco de Manutenção das Ações e Serviços Públicos de Saúde - Recursos destinados ao  enfrentamento da COVID-19 no bojo da ação 21C0.;787818
Água Boa;2023;Secretaria de Saúde;Transferências Fundo a Fundo de Recursos do SUS provenientes do Governo Estadual;28443633
Água Boa;2023;Secretaria de Assistência Social;Recursos não Vinculados de Impostos;4626635
Água Boa;2023;Secretaria de Assistência Social;Transferência de Recursos do Fundo Nacional de Assistência Social - FNAS;549957
Água Boa;2023;Secretaria de Assistência Social;Transferência de Recursos dos Fundos Estaduais de Assistência Social;270156
Água Boa;2023;Secretaria de Assistência Social;Outros Recursos Vinculados à Assistência Social;7688
Água Boa;2023;Secretaria de Assistência Social;Transferências da União - inciso I do art. 5º da Lei Complementar 173/2020;5102
Água Boa;2023;Secretaria de Assistência Social;Demais Transferências Obrigatórias não Decorrentes de Repartições de Receitas;176842
Água Boa;2023;Secretaria de Assistência Social;Transferências da União Referentes a Compensações Financeiras pela Exploração de Recursos Naturais;99837
Água Boa;2023;Secretaria de Finanças;Recursos não Vinculados de Impostos;11278671
Água Boa;2023;Secretaria de Finanças;Outras Transferências de Convênios ou Instrumentos Congêneres da União;85
Água Boa;2023;Secretaria de Finanças;Demais Transferências Obrigatórias não Decorrentes de Repartições de Receitas;106749
Água Boa;2023;Secretaria de Finanças;Auxílio Financeiro Outorga Crédito Tributário ICMS - Art. 5º, Inciso V, EC nº 123/2022;5298
Água Boa;2023;Secretaria de Finanças;Transferências da União Referentes a Compensações Financeiras pela Exploração de Recursos Naturais;10728
Água Boa;2023;Secretaria de Esporte, Cultura e Lazer;Transferências Destinadas ao Setor Cultural - LC nº 195/2022 - Art. 5º Audiovisual;172966
Água Boa;2023;Secretaria de Esporte, Cultura e Lazer;Transferências Destinadas ao Setor cultural - LC nº 195/2022 - Art. 8º Demais Setores da Cultura;70066
Água Boa;2023;Secretaria de Esporte, Cultura e Lazer;Outros Recursos Vinculados;175138
Água Boa;2023;Secretaria de Esporte, Cultura e Lazer;Recursos não Vinculados de Impostos;6952656
Água Boa;2023;Secretaria de Esporte, Cultura e Lazer;Outras Transferências de Convênios ou Instrumentos Congêneres dos Estados;330659
Água Boa;2023;Secretaria de Esporte, Cultura e Lazer;Demais Transferências Obrigatórias não Decorrentes de Repartições de Receitas;265468
Água Boa;2023;Secretaria de Educação;Recursos de Alienação de Bens/Ativos - Administração Direta;297228
Água Boa;2023;Secretaria de Educação;Recursos Vinculados a Fundos;429030
Água Boa;2023;Secretaria de Educação;Recursos não Vinculados de Impostos;28589240
Água Boa;2023;Secretaria de Educação;Transferências do FUNDEB Impostos e Transferências de Impostos;31798537
Água Boa;2023;Secretaria de Educação;Transferências do FUNDEB Complementação da União VAAR;74468
Água Boa;2023;Secretaria de Educação;Outras Transferências de Recursos do FNDE;3031260
Água Boa;2023;Secretaria de Educação;Transferências do Estado referentes a Convênios e Instrumentos Congêneres vinculados à Educação;110214
Água Boa;2023;Secretaria de Educação;Outras Transferências de Convênios e Instrumentos Congêneres vinculados à Educação;143763
Água Boa;2023;Secretaria de Educação;Outros Recursos Vinculados à Educação;962103
Água Boa;2023;Secretaria de Educação;Auxílio Financeiro Outorga Crédito Tributário ICMS - Art. 5º, Inciso V, EC nº 123/2022;31290
Água Boa;2023;Secretaria de Educação;Transferências da União Referentes a Compensações Financeiras pela Exploração de Recursos Naturais;195159
Água Boa;2023;Fundo Municipal de Previdência dos Servidores de Água Boa - Água Previ;Recursos Vinculados ao RPPS - Fundo em Capitalização (Plano Previdenciário);10096270
Água Boa;2023;Fundo Municipal de Previdência dos Servidores de Água Boa - Água Previ;Recursos Vinculados ao RPPS - Taxa de Administração;316359
Água Boa;2023;Secretaria de Infraestrutura e Meio Ambiente;Recursos da Contribuição de Intervenção no Domínio Econômico - CIDE;105
Água Boa;2023;Secretaria de Infraestrutura e Meio Ambiente;Recursos da Contribuição para o Custeio do Serviço de Iluminação Pública - COSIP;4443565
Água Boa;2023;Secretaria de Infraestrutura e Meio Ambiente;Recursos de Operações de Crédito;4819920
Água Boa;2023;Secretaria de Infraestrutura e Meio Ambiente;Recursos de Alienação de Bens/Ativos - Administração Direta;123008
Água Boa;2023;Secretaria de Infraestrutura e Meio Ambiente;Recursos Vinculados a Fundos;4616355
Água Boa;2023;Secretaria de Infraestrutura e Meio Ambiente;Outros Recursos Vinculados;1000000
Água Boa;2023;Secretaria de Infraestrutura e Meio Ambiente;Recursos não Vinculados de Impostos;31667706
Água Boa;2023;Secretaria de Infraestrutura e Meio Ambiente;Outras Transferências de Convênios ou Instrumentos Congêneres da União;922436
Água Boa;2023;Secretaria de Infraestrutura e Meio Ambiente;Outras Transferências de Convênios ou Instrumentos Congêneres dos Estados;9336355
Água Boa;2023;Secretaria de Infraestrutura e Meio Ambiente;Demais Transferências Obrigatórias não Decorrentes de Repartições de Receitas;1165821
Água Boa;2023;Secretaria de Infraestrutura e Meio Ambiente;Auxílio Financeiro Outorga Crédito Tributário ICMS - Art. 5º, Inciso V, EC nº 123/2022;154008
Água Boa;2023;Secretaria de Infraestrutura e Meio Ambiente;Transferências da União Referentes a Compensações Financeiras pela Exploração de Recursos Naturais;493901
Água Boa;2023;Secretaria de Desenvolvimento Econômico, Agricultura e Turismo;Recursos de Operações de Crédito;60830
Água Boa;2023;Secretaria de Desenvolvimento Econômico, Agricultura e Turismo;Recursos de Alienação de Bens/Ativos - Administração Direta;307198
Água Boa;2023;Secretaria de Desenvolvimento Econômico, Agricultura e Turismo;Recursos não Vinculados de Impostos;4173261
Água Boa;2023;Secretaria de Desenvolvimento Econômico, Agricultura e Turismo;Outras Transferências de Convênios ou Instrumentos Congêneres dos Estados;459623
Água Boa;2023;Secretaria de Desenvolvimento Econômico, Agricultura e Turismo;Auxílio Financeiro Outorga Crédito Tributário ICMS - Art. 5º, Inciso V, EC nº 123/2022;21599
Água Boa;2023;Secretaria de Administracão e Planejamento;Recursos não Vinculados de Impostos;7333697
Água Boa;2023;Secretaria de Administracão e Planejamento;Outras Transferências de Convênios ou Instrumentos Congêneres dos Estados;175112
Água Boa;2023;Secretaria de Administracão e Planejamento;Demais Transferências Obrigatórias não Decorrentes de Repartições de Receitas;297311
Água Boa;2023;Secretaria de Administracão e Planejamento;Auxílio Financeiro Outorga Crédito Tributário ICMS - Art. 5º, Inciso V, EC nº 123/2022;97231
Água Boa;2023;Secretaria de Administracão e Planejamento;Transferências da União Referentes a Compensações Financeiras pela Exploração de Recursos Naturais;143241
Água Boa;2024;Gabinete do Prefeito;Outras vinculações de transferências;45868
Água Boa;2024;Gabinete do Prefeito;Recursos não Vinculados de Impostos;2658558
Água Boa;2024;Gabinete do Prefeito;Demais Transferências Obrigatórias não Decorrentes de Repartições de Receitas;26953
Água Boa;2024;Camara Municipal;Recursos não Vinculados de Impostos;4982492
Água Boa;2024;Secretaria de Saúde;Recursos não Vinculados de Impostos;29927952
Água Boa;2024;Secretaria de Saúde;Transferências Fundo a Fundo de Recursos do SUS provenientes do Governo Federal - Bloco  de Manutenção das Ações e Serviços Públicos de Saúde;21078148
Água Boa;2024;Secretaria de Saúde;Transferências Fundo a Fundo de Recursos do SUS provenientes do Governo Federal - Bloco  de Estruturação da Rede de Serviços Públicos de Saúde;348611
Água Boa;2024;Secretaria de Saúde;Transferências Fundo a Fundo de Recursos do SUS provenientes do Governo Estadual;40052886
Água Boa;2024;Secretaria de Saúde;Demais Transferências Obrigatórias não Decorrentes de Repartições de Receitas;468466
Água Boa;2024;Secretaria de Assistência Social;Outros Recursos Vinculados;51080
Água Boa;2024;Secretaria de Assistência Social;Recursos não Vinculados de Impostos;5122463
Água Boa;2024;Secretaria de Assistência Social;Transferência de Recursos do Fundo Nacional de Assistência Social - FNAS;506967
Água Boa;2024;Secretaria de Assistência Social;Transferência de Recursos dos Fundos Estaduais de Assistência Social;265122
Água Boa;2024;Secretaria de Assistência Social;Demais Transferências Obrigatórias não Decorrentes de Repartições de Receitas;73131
Água Boa;2024;Secretaria de Finanças;Outras vinculações de transferências;30937
Água Boa;2024;Secretaria de Finanças;Recursos não Vinculados de Impostos;14678167
Água Boa;2024;Secretaria de Finanças;Outras Transferências de Recursos do FNDE;0
Água Boa;2024;Secretaria de Finanças;Transferências Fundo a Fundo de Recursos do SUS provenientes do Governo Estadual;12
Água Boa;2024;Secretaria de Finanças;Transferência de Recursos dos Fundos Estaduais de Assistência Social;228
Água Boa;2024;Secretaria de Finanças;Demais Transferências Obrigatórias não Decorrentes de Repartições de Receitas;125519
Água Boa;2024;Secretaria de Esporte, Cultura e Lazer;Recursos não Vinculados de Impostos;7645154
Água Boa;2024;Secretaria de Esporte, Cultura e Lazer;Outras Transferências de Convênios ou Instrumentos Congêneres dos Estados;343656
Água Boa;2024;Secretaria de Esporte, Cultura e Lazer;Demais Transferências Obrigatórias não Decorrentes de Repartições de Receitas;128592
Água Boa;2024;Secretaria de Esporte, Cultura e Lazer;Transferências da Política Nacional Aldir Blanc de Fomento à Cultura - Lei nº 14.399/2022;218226
Água Boa;2024;Secretaria de Educação;Recursos de Alienação de Bens/Ativos - Administração Direta;1887399
Água Boa;2024;Secretaria de Educação;Recursos Vinculados a Fundos;246666
Água Boa;2024;Secretaria de Educação;Recursos não Vinculados de Impostos;27479561
Água Boa;2024;Secretaria de Educação;Transferências do FUNDEB Impostos e Transferências de Impostos;32792170
Água Boa;2024;Secretaria de Educação;Transferências do FUNDEB Complementação da União VAAR;406346
Água Boa;2024;Secretaria de Educação;Outras Transferências de Recursos do FNDE;3448739
Água Boa;2024;Secretaria de Educação;Transferências do Estado referentes a Convênios e Instrumentos Congêneres vinculados à Educação;5276843
Água Boa;2024;Secretaria de Educação;Outras Transferências de Convênios e Instrumentos Congêneres vinculados à Educação;52278
Água Boa;2024;Secretaria de Educação;Outros Recursos Vinculados à Educação;741852
Água Boa;2024;Secretaria de Educação;Demais Transferências Obrigatórias não Decorrentes de Repartições de Receitas;52156
Água Boa;2024;Fundo Municipal de Previdência dos Servidores de Água Boa - Água Previ;Recursos Vinculados ao RPPS - Fundo em Capitalização (Plano Previdenciário);12420807
Água Boa;2024;Fundo Municipal de Previdência dos Servidores de Água Boa - Água Previ;Recursos Vinculados ao RPPS - Taxa de Administração;378738
Água Boa;2024;Secretaria de Infraestrutura e Meio Ambiente;Recursos da Contribuição de Intervenção no Domínio Econômico - CIDE;806
Água Boa;2024;Secretaria de Infraestrutura e Meio Ambiente;Recursos da Contribuição para o Custeio do Serviço de Iluminação Pública - COSIP;4672459
Água Boa;2024;Secretaria de Infraestrutura e Meio Ambiente;Recursos de Operações de Crédito;7033417
Água Boa;2024;Secretaria de Infraestrutura e Meio Ambiente;Recursos Vinculados a Fundos;2746753
Água Boa;2024;Secretaria de Infraestrutura e Meio Ambiente;Recursos não Vinculados de Impostos;34607213
Água Boa;2024;Secretaria de Infraestrutura e Meio Ambiente;Outras Transferências de Convênios ou Instrumentos Congêneres da União;1937665
Água Boa;2024;Secretaria de Infraestrutura e Meio Ambiente;Outras Transferências de Convênios ou Instrumentos Congêneres dos Estados;8387990
Água Boa;2024;Secretaria de Infraestrutura e Meio Ambiente;Demais Transferências Obrigatórias não Decorrentes de Repartições de Receitas;333285
Água Boa;2024;Secretaria de Desenvolvimento Econômico, Agricultura e Turismo;Recursos de Operações de Crédito;6387822
Água Boa;2024;Secretaria de Desenvolvimento Econômico, Agricultura e Turismo;Recursos não Vinculados de Impostos;4653127
Água Boa;2024;Secretaria de Desenvolvimento Econômico, Agricultura e Turismo;Outras Transferências de Convênios ou Instrumentos Congêneres da União;500242
Água Boa;2024;Secretaria de Desenvolvimento Econômico, Agricultura e Turismo;Outras Transferências de Convênios ou Instrumentos Congêneres dos Estados;502809
Água Boa;2024;Secretaria de Desenvolvimento Econômico, Agricultura e Turismo;Demais Transferências Obrigatórias não Decorrentes de Repartições de Receitas;114398
Água Boa;2024;Secretaria de Administracão e Planejamento;Recursos não Vinculados de Impostos;7621043
Água Boa;2024;Secretaria de Administracão e Planejamento;Demais Transferências Obrigatórias não Decorrentes de Repartições de Receitas;100015
Água Boa;2025;Gabinete do Prefeito;Recursos não Vinculados de Impostos;3980225
Água Boa;2025;Gabinete do Prefeito;Demais Transferências Obrigatórias não Decorrentes de Repartições de Receitas;48034
Água Boa;2025;Gabinete do Prefeito;Auxílio Financeiro Outorga Crédito Tributário ICMS - Art. 5º, Inciso V, EC nº 123/2022;1670
Água Boa;2025;Gabinete do Prefeito;Transferências da União Referentes a Compensações Financeiras pela Exploração de Recursos Naturais;27091
Água Boa;2025;Camara Municipal;Recursos não Vinculados de Impostos;5323508
Água Boa;2025;Secretaria de Saúde;Recursos não Vinculados de Impostos;34044622
Água Boa;2025;Secretaria de Saúde;Transferências Fundo a Fundo de Recursos do SUS provenientes do Governo Federal - Bloco  de Manutenção das Ações e Serviços Públicos de Saúde;26005619
Água Boa;2025;Secretaria de Saúde;Transferências Fundo a Fundo de Recursos do SUS provenientes do Governo Federal - Bloco  de Estruturação da Rede de Serviços Públicos de Saúde;433948
Água Boa;2025;Secretaria de Saúde;Transferências Fundo a Fundo de Recursos do SUS provenientes do Governo Estadual;40260026
Água Boa;2025;Secretaria de Assistência Social;Recursos não Vinculados de Impostos;7454041
Água Boa;2025;Secretaria de Assistência Social;Transferência de Recursos do Fundo Nacional de Assistência Social - FNAS;441785
Água Boa;2025;Secretaria de Assistência Social;Transferência de Recursos dos Fundos Estaduais de Assistência Social;123956
Água Boa;2025;Secretaria de Assistência Social;Demais Transferências Obrigatórias não Decorrentes de Repartições de Receitas;7529
Água Boa;2025;Secretaria de Assistência Social;Transferências da União Referentes a Compensações Financeiras pela Exploração de Recursos Naturais;49543
Água Boa;2025;Secretaria de Finanças;Recursos Vinculados a Fundos;404
Água Boa;2025;Secretaria de Finanças;Recursos não Vinculados de Impostos;18794833
Água Boa;2025;Secretaria de Finanças;Demais Transferências Obrigatórias não Decorrentes de Repartições de Receitas;628735
Água Boa;2025;Secretaria de Finanças;Auxílio Financeiro Outorga Crédito Tributário ICMS - Art. 5º, Inciso V, EC nº 123/2022;9780
Água Boa;2025;Secretaria de Esporte, Cultura e Lazer;Transferências Destinadas ao Setor Cultural - LC nº 195/2022 - Art. 5º Audiovisual;5617
Água Boa;2025;Secretaria de Esporte, Cultura e Lazer;Transferências Destinadas ao Setor cultural - LC nº 195/2022 - Art. 8º Demais Setores da Cultura;2275
Água Boa;2025;Secretaria de Esporte, Cultura e Lazer;Recursos não Vinculados de Impostos;9235922
Água Boa;2025;Secretaria de Esporte, Cultura e Lazer;Outras Transferências de Convênios ou Instrumentos Congêneres dos Estados;179950
Água Boa;2025;Secretaria de Esporte, Cultura e Lazer;Demais Transferências Obrigatórias não Decorrentes de Repartições de Receitas;168645
Água Boa;2025;Secretaria de Esporte, Cultura e Lazer;Auxílio Financeiro Outorga Crédito Tributário ICMS - Art. 5º, Inciso V, EC nº 123/2022;2440
Água Boa;2025;Secretaria de Educação;Recursos Vinculados a Fundos;17211
Água Boa;2025;Secretaria de Educação;Recursos não Vinculados de Impostos;26366823
Água Boa;2025;Secretaria de Educação;Transferências do FUNDEB Impostos e Transferências de Impostos;38870420
Água Boa;2025;Secretaria de Educação;Transferências do FUNDEB Complementação da União VAAR;2016937
Água Boa;2025;Secretaria de Educação;Transferência do Salário Educação;1581878
Água Boa;2025;Secretaria de Educação;Transferências de Recursos do FNDE referentes ao Programa Dinheiro Direto na Escola (PDDE);1658
Água Boa;2025;Secretaria de Educação;Transferências de Recursos do FNDE referentes ao Programa Nacional de Alimentação Escolar (PNAE);705955
Água Boa;2025;Secretaria de Educação;Transferências de Recursos do FNDE Referentes ao Programa Nacional de Apoio ao Transporte Escolar (PNATE);169890
Água Boa;2025;Secretaria de Educação;Outras Transferências de Recursos do FNDE;44284
Água Boa;2025;Secretaria de Educação;Transferências do Estado referentes a Convênios e Instrumentos Congêneres vinculados à Educação;410881
Água Boa;2025;Secretaria de Educação;Outros Recursos Vinculados à Educação;2637890
Água Boa;2025;Fundo Municipal de Previdência dos Servidores de Água Boa - Água Previ;Recursos Vinculados ao RPPS - Fundo em Capitalização (Plano Previdenciário);13948791
Água Boa;2025;Fundo Municipal de Previdência dos Servidores de Água Boa - Água Previ;Recursos Vinculados ao RPPS - Taxa de Administração;468365
Água Boa;2025;Secretaria de Infraestrutura e Meio Ambiente;Recursos da Contribuição de Intervenção no Domínio Econômico - CIDE;55834
Água Boa;2025;Secretaria de Infraestrutura e Meio Ambiente;Recursos da Contribuição para o Custeio do Serviço de Iluminação Pública - COSIP;4408235
Água Boa;2025;Secretaria de Infraestrutura e Meio Ambiente;Recursos de Operações de Crédito;150204
Água Boa;2025;Secretaria de Infraestrutura e Meio Ambiente;Recursos Vinculados a Fundos;1966895
Água Boa;2025;Secretaria de Infraestrutura e Meio Ambiente;Recursos não Vinculados de Impostos;46136159
Água Boa;2025;Secretaria de Infraestrutura e Meio Ambiente;Outras Transferências de Convênios ou Instrumentos Congêneres da União;567977
Água Boa;2025;Secretaria de Infraestrutura e Meio Ambiente;Outras Transferências de Convênios ou Instrumentos Congêneres dos Estados;5692736
Água Boa;2025;Secretaria de Infraestrutura e Meio Ambiente;Demais Transferências Obrigatórias não Decorrentes de Repartições de Receitas;584843
Água Boa;2025;Secretaria de Infraestrutura e Meio Ambiente;Auxílio Financeiro Outorga Crédito Tributário ICMS - Art. 5º, Inciso V, EC nº 123/2022;3917
Água Boa;2025;Secretaria de Desenvolvimento Econômico, Agricultura e Turismo;Recursos de Operações de Crédito;4551068
Água Boa;2025;Secretaria de Desenvolvimento Econômico, Agricultura e Turismo;Recursos não Vinculados de Impostos;5404357
Água Boa;2025;Secretaria de Desenvolvimento Econômico, Agricultura e Turismo;Outras Transferências de Convênios ou Instrumentos Congêneres dos Estados;96493
Água Boa;2025;Secretaria de Desenvolvimento Econômico, Agricultura e Turismo;Demais Transferências Obrigatórias não Decorrentes de Repartições de Receitas;5730
Água Boa;2025;Secretaria de Desenvolvimento Econômico, Agricultura e Turismo;Transferências da União Referentes a Compensações Financeiras pela Exploração de Recursos Naturais;13578
Água Boa;2025;Secretaria de Administracão e Planejamento;Outros Recursos Vinculados;419387
Água Boa;2025;Secretaria de Administracão e Planejamento;Recursos não Vinculados de Impostos;5883289
Água Boa;2025;Secretaria de Administracão e Planejamento;Transferências da União Referentes a Compensações Financeiras pela Exploração de Recursos Naturais;21448
Água Boa;2025;Secretaria de Planejamento, Obras e Engenharia;Recursos não Vinculados de Impostos;2338364
Água Boa;2025;Secretaria de Planejamento, Obras e Engenharia;Demais Transferências Obrigatórias não Decorrentes de Repartições de Receitas;150945
Água Boa;2025;Secretaria de Planejamento, Obras e Engenharia;Transferências da União Referentes a Compensações Financeiras pela Exploração de Recursos Naturais;11804
Água Boa;2026;Gabinete do Prefeito;Recursos não Vinculados de Impostos;2486876
Água Boa;2026;Gabinete do Prefeito;Outros Recursos não Vinculados;207221
Água Boa;2026;Camara Municipal;Recursos não Vinculados de Impostos;3344990
Água Boa;2026;Secretaria de Saúde;Recursos não Vinculados de Impostos;19948590
Água Boa;2026;Secretaria de Saúde;Transferências Fundo a Fundo de Recursos do SUS provenientes do Governo Federal - Bloco  de Manutenção das Ações e Serviços Públicos de Saúde;15997744
Água Boa;2026;Secretaria de Saúde;Transferências Fundo a Fundo de Recursos do SUS provenientes do Governo Federal - Bloco  de Estruturação da Rede de Serviços Públicos de Saúde;17140
Água Boa;2026;Secretaria de Saúde;Transferências provenientes do Governo Federal destinadas ao vencimento dos agentes comunitários de saúde e dos agentes de combate às endemias;1647268
Água Boa;2026;Secretaria de Saúde;Transferências Fundo a Fundo de Recursos do SUS provenientes do Governo Estadual;30419368
Água Boa;2026;Secretaria de Saúde;Outros Recursos Vinculados à Saúde;419493
Água Boa;2026;Secretaria de Finanças;Recursos da Contribuição de Intervenção no Domínio Econômico - CIDE;674
Água Boa;2026;Secretaria de Finanças;Recursos de Operações de Crédito;207317
Água Boa;2026;Secretaria de Finanças;Recursos Vinculados a Fundos;66
Água Boa;2026;Secretaria de Finanças;Recursos não Vinculados de Impostos;10391476
Água Boa;2026;Secretaria de Finanças;Outros Recursos não Vinculados;402030
Água Boa;2026;Secretaria de Finanças;Recursos não vinculados da compensação de impostos;541104
Água Boa;2026;Secretaria de Finanças;Transferência do Salário Educação;55
Água Boa;2026;Secretaria de Finanças;Outras Transferências de Recursos do FNDE;0
Água Boa;2026;Secretaria de Finanças;Demais Transferências Obrigatórias não Decorrentes de Repartições de Receitas;16461
Água Boa;2026;Secretaria de Esporte, Cultura e Lazer;Recursos não Vinculados de Impostos;6611381
Água Boa;2026;Secretaria de Esporte, Cultura e Lazer;Outras Transferências de Convênios ou Instrumentos Congêneres dos Estados;123
Água Boa;2026;Secretaria de Esporte, Cultura e Lazer;Demais Transferências Obrigatórias não Decorrentes de Repartições de Receitas;140000
Água Boa;2026;Secretaria de Educação;Recursos não Vinculados de Impostos;15349869
Água Boa;2026;Secretaria de Educação;Transferências do FUNDEB Impostos e Transferências de Impostos;25904253
Água Boa;2026;Secretaria de Educação;Transferências do FUNDEB Complementação da União VAAR;1246282
Água Boa;2026;Secretaria de Educação;Transferência do Salário Educação;1154345
Água Boa;2026;Secretaria de Educação;Transferências de Recursos do FNDE referentes ao Programa Nacional de Alimentação Escolar (PNAE);162784
Água Boa;2026;Secretaria de Educação;Transferências de Recursos do FNDE Referentes ao Programa Nacional de Apoio ao Transporte Escolar (PNATE);19820
Água Boa;2026;Secretaria de Educação;Outras Transferências de Recursos do FNDE;486884
Água Boa;2026;Secretaria de Educação;Transferências do Governo Federal referentes a Convênios e Instrumentos Congêneres vinculados à Educação;1646781
Água Boa;2026;Secretaria de Educação;Transferências do Estado referentes a Convênios e Instrumentos Congêneres vinculados à Educação;1558419
Água Boa;2026;Secretaria de Educação;Outras Transferências de Convênios e Instrumentos Congêneres vinculados à Educação;43699
Água Boa;2026;Secretaria de Educação;Outros Recursos Vinculados à Educação;420601
Água Boa;2026;Fundo Municipal de Previdência dos Servidores de Água Boa - Água Previ;Recursos Vinculados ao RPPS - Fundo em Capitalização (Plano Previdenciário);10028754
Água Boa;2026;Fundo Municipal de Previdência dos Servidores de Água Boa - Água Previ;Recursos Vinculados ao RPPS - Taxa de Administração;335594
Água Boa;2026;Secretaria de Administracão;Outros Recursos Vinculados;58426
Água Boa;2026;Secretaria de Administracão;Recursos não Vinculados de Impostos;3908132
Água Boa;2026;Secretaria de Administracão;Outros Recursos não Vinculados;73926
Água Boa;2026;Secretaria de Administracão;Outras Transferências de Convênios ou Instrumentos Congêneres dos Estados;801468
Água Boa;2026;Secretaria de Administracão;Demais Transferências Obrigatórias não Decorrentes de Repartições de Receitas;121616
Água Boa;2026;Secretaria de Infraestrutura e Meio Ambiente;Recursos da Contribuição para o Custeio do Serviço de Iluminação Pública - COSIP;2209348
Água Boa;2026;Secretaria de Infraestrutura e Meio Ambiente;Recursos de Alienação de Bens/Ativos - Administração Direta;353903
Água Boa;2026;Secretaria de Infraestrutura e Meio Ambiente;Recursos Vinculados a Fundos;175830
Água Boa;2026;Secretaria de Infraestrutura e Meio Ambiente;Outros Recursos Vinculados;2079
Água Boa;2026;Secretaria de Infraestrutura e Meio Ambiente;Recursos não Vinculados de Impostos;25121563
Água Boa;2026;Secretaria de Infraestrutura e Meio Ambiente;Outros Recursos não Vinculados;1039665
Água Boa;2026;Secretaria de Infraestrutura e Meio Ambiente;Outras Transferências de Convênios ou Instrumentos Congêneres da União;444057
Água Boa;2026;Secretaria de Infraestrutura e Meio Ambiente;Outras Transferências de Convênios ou Instrumentos Congêneres dos Estados;5789679
Água Boa;2026;Secretaria de Infraestrutura e Meio Ambiente;Demais Transferências Obrigatórias não Decorrentes de Repartições de Receitas;34400
Água Boa;2026;Secretaria de Planejamento, Obras e Engenharia;Recursos não Vinculados de Impostos;1950737
Água Boa;2026;Secretaria de Planejamento, Obras e Engenharia;Outros Recursos não Vinculados;109589
Água Boa;2026;Secretaria de Assistência Social e Cidadania;Recursos não Vinculados de Impostos;4632257
Água Boa;2026;Secretaria de Assistência Social e Cidadania;Outros Recursos não Vinculados;13679
Água Boa;2026;Secretaria de Assistência Social e Cidadania;Recursos não vinculados da compensação de impostos;18239
Água Boa;2026;Secretaria de Assistência Social e Cidadania;Transferência de Recursos do Fundo Nacional de Assistência Social - FNAS;212444
Água Boa;2026;Secretaria de Assistência Social e Cidadania;Transferência de Recursos dos Fundos Estaduais de Assistência Social;109364
Água Boa;2026;Secretaria de Assistência Social e Cidadania;Transferências de Convênios e Instrumentos Congêneres vinculados à Assistência Social;2141204
Água Boa;2026;Secretaria de Assistência Social e Cidadania;Outros Recursos Vinculados à Assistência Social;17095
Água Boa;2026;Secretaria de Desenvolvimento Econômico, Agricultura, Turismo e Inovação;Recursos não Vinculados de Impostos;4681400
Água Boa;2026;Secretaria de Desenvolvimento Econômico, Agricultura, Turismo e Inovação;Outros Recursos não Vinculados;90748
Água Boa;2026;Secretaria de Desenvolvimento Econômico, Agricultura, Turismo e Inovação;Outras Transferências de Convênios ou Instrumentos Congêneres da União;80270
Água Boa;2026;Secretaria de Desenvolvimento Econômico, Agricultura, Turismo e Inovação;Outras Transferências de Convênios ou Instrumentos Congêneres dos Estados;1663
Água Boa;2026;Secretaria de Desenvolvimento Econômico, Agricultura, Turismo e Inovação;Transferência Especial da União;225000
Alto Araguaia;2021;Gabinete do Prefeito;Recursos Ordinários;2037362
Alto Araguaia;2021;Camara Municipal;Recursos Ordinários;3746138
Alto Araguaia;2021;Secretaria de Administração;Recursos Ordinários;6530570
Alto Araguaia;2021;Secretaria de Administração;Demais Recursos Vinculados (não relacionados à Educação/ Saúde/ Assist. Social);22022
Alto Araguaia;2021;Secretaria de Administração;Transferências de Convênios ou Contratos de Repasse - Saúde;34884
Alto Araguaia;2021;Secretaria de Administração;Outras Transferências de Convênios ou Contratos de Repasse do Estado (não relacionados à educação/saúde/assistência social);5432
Alto Araguaia;2021;Secretaria de Administração;Outras Transferências de Convênios ou Contratos de Repasse da União (não relacionados à educação/saúde/assistência social);818113
Alto Araguaia;2021;Secretaria de Saúde;Receitas de Impostos e de Transferência de Impostos - Saúde;18332792
Alto Araguaia;2021;Secretaria de Saúde;Recursos Ordinários;1367872
Alto Araguaia;2021;Secretaria de Saúde;Transferência de Recursos do Sistema Único de Saúde – SUS – Estado;1049869
Alto Araguaia;2021;Secretaria de Saúde;Demais Recursos Vinculados Destinados à Saúde;151320
Alto Araguaia;2021;Secretaria de Saúde;Transferências Fundo a Fundo de Recursos do SUS provenientes do Governo Federal - Bloco de Manutenção das Ações e Serviços Públicos de Saúde;5662925
Alto Araguaia;2021;Secretaria de Saúde;Transferências Fundo a Fundo de Recursos do SUS provenientes do Governo Federal - Bloco de Estruturação da Rede de Serviços Públicos de Saúde;49062
Alto Araguaia;2021;Secretaria de Educação;Receitas de Impostos e de Transferência de Impostos - Educação;6181942
Alto Araguaia;2021;Secretaria de Educação;Transferência de Recursos do Fundo Nacional do Desenvolvimento da Educação - FNDE;901131
Alto Araguaia;2021;Secretaria de Educação;Transferências do FUNDEB - (aplicação na remuneração dos profissionais do Magistério em efetivo exercício na Educação Básica);8208782
Alto Araguaia;2021;Secretaria de Educação;Transferências do FUNDEB - (aplicação em outras despesas da Educação Básica);2113116
Alto Araguaia;2021;Secretaria de Educação;Recursos provenientes do Fundo de Transporte e Habitação – FETHAB;504279
Alto Araguaia;2021;Secretaria de Educação;Recursos Ordinários;1229620
Alto Araguaia;2021;Secretaria de Educação;Demais Recursos Vinculados Destinados à Educação;268650
Alto Araguaia;2021;Secretaria de Educação;Transferências de Convênios ou Contratos de Repasse - Educação;547705
Alto Araguaia;2021;Fundo de Previdência Municipal;Recursos do Regime Próprio de Previdência (RPPS);6658690
Alto Araguaia;2021;Secretaria de Obras;Recursos provenientes do Fundo de Transporte e Habitação – FETHAB;1467445
Alto Araguaia;2021;Secretaria de Obras;Alienação de Bens;169992
Alto Araguaia;2021;Secretaria de Obras;Recursos Ordinários;1737460
Alto Araguaia;2021;Secretaria de Infra-estrutura e Serviços Urbanos;Contribuição de Intervenção do Domínio Econômico - CIDE;39275
Alto Araguaia;2021;Secretaria de Infra-estrutura e Serviços Urbanos;Contribuição para o Custeio dos Serviços de Iluminação Pública - COSIP;1204211
Alto Araguaia;2021;Secretaria de Infra-estrutura e Serviços Urbanos;Operações de Crédito Internas;1712389
Alto Araguaia;2021;Secretaria de Infra-estrutura e Serviços Urbanos;Recursos Ordinários;10497204
Alto Araguaia;2021;Secretaria de Finanças e Planejamento;Contribuição de Intervenção do Domínio Econômico - CIDE;253
Alto Araguaia;2021;Secretaria de Finanças e Planejamento;Recursos Ordinários;4085654
Alto Araguaia;2021;Secretaria de Cultura, Esporte, Lazer e Turismo;Recursos Ordinários;800902
Alto Araguaia;2021;Secretaria de Assistência e Desenvolvimento Social;Transferências de Convênios – Assistência Social;67278
Alto Araguaia;2021;Secretaria de Assistência e Desenvolvimento Social;Transferência de Recursos do Fundo Nacional de Assistência Social – FNAS;212484
Alto Araguaia;2021;Secretaria de Assistência e Desenvolvimento Social;Recursos Ordinários;5866571
Alto Araguaia;2021;Secretaria de Assistência e Desenvolvimento Social;Transferência de recursos do Estado para ações de Assistência Social;29643
Alto Araguaia;2021;Secretaria de Assistência e Desenvolvimento Social;Demais Recursos Vinculados Destinados Assistência Social;2100
Alto Araguaia;2021;Secretaria de Indústria, Comércio e Serviços;Recursos Ordinários;64570
Alto Araguaia;2021;Secretaria de Transporte e Frotas;Recursos provenientes do Fundo de Transporte e Habitação – FETHAB;80452
Alto Araguaia;2021;Secretaria de Transporte e Frotas;Recursos Ordinários;2009868
Alto Araguaia;2021;Secretaria de Transporte e Frotas;Outras Transferências de Convênios ou Contratos de Repasse da União (não relacionados à educação/saúde/assistência social);659000
Alto Araguaia;2021;Secretaria de Meio Ambiente e Desenv. Urbano;Recursos Ordinários;232134
Alto Araguaia;2021;Secretaria de Agricultura,pecuária e Abastecimento;Recursos Ordinários;784033
Alto Araguaia;2021;Secretaria de Agricultura,pecuária e Abastecimento;Outras Transferências de Convênios ou Contratos de Repasse do Estado (não relacionados à educação/saúde/assistência social);17966
Alto Araguaia;2022;Gabinete do Prefeito;Recursos não Vinculados de Impostos;2446477
Alto Araguaia;2022;Camara Municipal;Recursos não Vinculados de Impostos;4480716
Alto Araguaia;2022;Secretaria de Administração;Recursos de Alienação de Bens/Ativos - Administração Direta;45053
Alto Araguaia;2022;Secretaria de Administração;Recursos não Vinculados de Impostos;6704882
Alto Araguaia;2022;Secretaria de Administração;Outros Recursos Vinculados à Educação;1812
Alto Araguaia;2022;Secretaria de Administração;Transferências de Convênios e Instrumentos Congêneres vinculados à Assistência Social;40313
Alto Araguaia;2022;Secretaria de Administração;Outras Transferências de Convênios ou Instrumentos Congêneres da União;441794
Alto Araguaia;2022;Secretaria de Administração;Outras Transferências de Convênios ou Instrumentos Congêneres dos Estados;214067
Alto Araguaia;2022;Secretaria de Saúde;Recursos não Vinculados de Impostos;24809906
Alto Araguaia;2022;Secretaria de Saúde;Transferências Fundo a Fundo de Recursos do SUS provenientes do Governo Federal - Bloco  de Manutenção das Ações e Serviços Públicos de Saúde;6163230
Alto Araguaia;2022;Secretaria de Saúde;Transferências Fundo a Fundo de Recursos do SUS provenientes do Governo Federal - Bloco  de Estruturação da Rede de Serviços Públicos de Saúde;248501
Alto Araguaia;2022;Secretaria de Saúde;Transferências Fundo a Fundo de Recursos do SUS provenientes do Governo Federal - Bloco de Manutenção das Ações e Serviços Públicos de Saúde - Recursos destinados ao  enfrentamento da COVID-19 no bojo da ação 21C0.;977982
Alto Araguaia;2022;Secretaria de Saúde;Transferências Fundo a Fundo de Recursos do SUS provenientes do Governo Estadual;1026343
Alto Araguaia;2022;Secretaria de Saúde;Outros Recursos Vinculados à Saúde;1301419
Alto Araguaia;2022;Secretaria de Saúde;Transferências da União - inciso I do art. 5º da Lei Complementar 173/2020;140013
Alto Araguaia;2022;Secretaria de Educação;Recursos Vinculados a Fundos;651517
Alto Araguaia;2022;Secretaria de Educação;Recursos não Vinculados de Impostos;11781520
Alto Araguaia;2022;Secretaria de Educação;Transferências do FUNDEB Impostos e Transferências de Impostos;13373252
Alto Araguaia;2022;Secretaria de Educação;Transferência do Salário Educação;497883
Alto Araguaia;2022;Secretaria de Educação;Transferências de Recursos do FNDE referentes ao Programa Nacional de Alimentação Escolar (PNAE);164668
Alto Araguaia;2022;Secretaria de Educação;Transferências de Recursos do FNDE Referentes ao Programa Nacional de Apoio ao Transporte Escolar (PNATE);57110
Alto Araguaia;2022;Secretaria de Educação;Outras Transferências de Recursos do FNDE;113468
Alto Araguaia;2022;Secretaria de Educação;Transferências do Estado referentes a Convênios e Instrumentos Congêneres vinculados à Educação;1481262
Alto Araguaia;2022;Secretaria de Educação;Outros Recursos Vinculados à Educação;515994
Alto Araguaia;2022;Fundo de Previdência Municipal;Recursos Vinculados ao RPPS - Fundo em Capitalização (Plano Previdenciário);9024830
Alto Araguaia;2022;Secretaria de Obras;Recursos Vinculados a Fundos;971697
Alto Araguaia;2022;Secretaria de Obras;Recursos não Vinculados de Impostos;5801197
Alto Araguaia;2022;Secretaria de Infra-estrutura e Serviços Urbanos;Recursos da Contribuição para o Custeio do Serviço de Iluminação Pública - COSIP;1443024
Alto Araguaia;2022;Secretaria de Infra-estrutura e Serviços Urbanos;Recursos de Operações de Crédito;10215699
Alto Araguaia;2022;Secretaria de Infra-estrutura e Serviços Urbanos;Recursos Vinculados a Fundos;855259
Alto Araguaia;2022;Secretaria de Infra-estrutura e Serviços Urbanos;Recursos não Vinculados de Impostos;8827813
Alto Araguaia;2022;Secretaria de Infra-estrutura e Serviços Urbanos;Demais Transferências Obrigatórias não Decorrentes de Repartições de Receitas;829047
Alto Araguaia;2022;Secretaria de Finanças e Planejamento;Recursos da Contribuição de Intervenção no Domínio Econômico - CIDE;402
Alto Araguaia;2022;Secretaria de Finanças e Planejamento;Recursos não Vinculados de Impostos;5266287
Alto Araguaia;2022;Secretaria de Finanças e Planejamento;Demais Transferências Obrigatórias não Decorrentes de Repartições de Receitas;572722
Alto Araguaia;2022;Secretaria de Finanças e Planejamento;Auxílio Financeiro Outorga Crédito Tributário ICMS - Art. 5º, Inciso V, EC nº 123/2022;4220
Alto Araguaia;2022;Secretaria de Cultura, Esporte, Lazer e Turismo;Outros Recursos Vinculados;6418
Alto Araguaia;2022;Secretaria de Cultura, Esporte, Lazer e Turismo;Recursos não Vinculados de Impostos;1720038
Alto Araguaia;2022;Secretaria de Cultura, Esporte, Lazer e Turismo;Outras Transferências de Convênios ou Instrumentos Congêneres dos Estados;666000
Alto Araguaia;2022;Secretaria de Assistência e Desenvolvimento Social;Recursos não Vinculados de Impostos;7270777
Alto Araguaia;2022;Secretaria de Assistência e Desenvolvimento Social;Transferência de Recursos do Fundo Nacional de Assistência Social - FNAS;352395
Alto Araguaia;2022;Secretaria de Assistência e Desenvolvimento Social;Transferência de Recursos dos Fundos Estaduais de Assistência Social;26178
Alto Araguaia;2022;Secretaria de Assistência e Desenvolvimento Social;Outras Transferências de Convênios ou Instrumentos Congêneres dos Estados;416518
Alto Araguaia;2022;Secretaria de Indústria, Comércio e Serviços;Recursos não Vinculados de Impostos;125965
Alto Araguaia;2022;Secretaria de Transporte e Frotas;Recursos Vinculados a Fundos;189293
Alto Araguaia;2022;Secretaria de Transporte e Frotas;Recursos não Vinculados de Impostos;1535899
Alto Araguaia;2022;Secretaria de Transporte e Frotas;Outras Transferências de Convênios ou Instrumentos Congêneres da União;845750
Alto Araguaia;2022;Secretaria de Meio Ambiente e Desenv. Urbano;Recursos não Vinculados de Impostos;159405
Alto Araguaia;2022;Secretaria de Agricultura,pecuária e Abastecimento;Recursos não Vinculados de Impostos;786274
Alto Araguaia;2023;Gabinete do Prefeito;Recursos não Vinculados de Impostos;2700935
Alto Araguaia;2023;Camara Municipal;Recursos não Vinculados de Impostos;5714097
Alto Araguaia;2023;Secretaria de Administração;Outros Recursos Vinculados;27287
Alto Araguaia;2023;Secretaria de Administração;Recursos não Vinculados de Impostos;6335451
Alto Araguaia;2023;Secretaria de Administração;Outras Transferências de Recursos do FNDE;4188
Alto Araguaia;2023;Secretaria de Administração;Outros Recursos Vinculados à Educação;52770
Alto Araguaia;2023;Secretaria de Administração;Outras Transferências de Convênios ou Instrumentos Congêneres da União;44459
Alto Araguaia;2023;Secretaria de Administração;Outras Transferências de Convênios ou Instrumentos Congêneres dos Estados;4125
Alto Araguaia;2023;Secretaria de Saúde;Recursos não Vinculados de Impostos;21055758
Alto Araguaia;2023;Secretaria de Saúde;Transferências Fundo a Fundo de Recursos do SUS provenientes do Governo Federal - Bloco  de Manutenção das Ações e Serviços Públicos de Saúde;10495936
Alto Araguaia;2023;Secretaria de Saúde;Transferências Fundo a Fundo de Recursos do SUS provenientes do Governo Federal - Bloco  de Estruturação da Rede de Serviços Públicos de Saúde;335348
Alto Araguaia;2023;Secretaria de Saúde;Assistência financeira da União destinada à complementação ao pagamento dos pisos salariais para profissionais da enfermagem;173108
Alto Araguaia;2023;Secretaria de Saúde;Transferências Fundo a Fundo de Recursos do SUS provenientes do Governo Federal - Bloco de Manutenção das Ações e Serviços Públicos de Saúde - Recursos destinados ao  enfrentamento da COVID-19 no bojo da ação 21C0.;477692
Alto Araguaia;2023;Secretaria de Saúde;Transferências Fundo a Fundo de Recursos do SUS provenientes do Governo Estadual;9866619
Alto Araguaia;2023;Secretaria de Saúde;Outros Recursos Vinculados à Saúde;1524496
Alto Araguaia;2023;Secretaria de Saúde;Outras Transferências de Convênios ou Instrumentos Congêneres dos Municípios;1201436
Alto Araguaia;2023;Secretaria de Saúde;Transferências da União - inciso I do art. 5º da Lei Complementar 173/2020;61158
Alto Araguaia;2023;Secretaria de Saúde;Demais Transferências Obrigatórias não Decorrentes de Repartições de Receitas;230197
Alto Araguaia;2023;Secretaria de Educação;Recursos de Alienação de Bens/Ativos - Administração Direta;126709
Alto Araguaia;2023;Secretaria de Educação;Recursos Vinculados a Fundos;437673
Alto Araguaia;2023;Secretaria de Educação;Recursos não Vinculados de Impostos;13354374
Alto Araguaia;2023;Secretaria de Educação;Transferências do FUNDEB Impostos e Transferências de Impostos;12200952
Alto Araguaia;2023;Secretaria de Educação;Transferência do Salário Educação;555924
Alto Araguaia;2023;Secretaria de Educação;Transferências de Recursos do FNDE referentes ao Programa Nacional de Alimentação Escolar (PNAE);214458
Alto Araguaia;2023;Secretaria de Educação;Transferências de Recursos do FNDE Referentes ao Programa Nacional de Apoio ao Transporte Escolar (PNATE);49462
Alto Araguaia;2023;Secretaria de Educação;Transferências do Estado referentes a Convênios e Instrumentos Congêneres vinculados à Educação;6794678
Alto Araguaia;2023;Secretaria de Educação;Demais Transferências Obrigatórias não Decorrentes de Repartições de Receitas;578476
Alto Araguaia;2023;Secretaria de Obras;Recursos da Contribuição de Intervenção no Domínio Econômico - CIDE;65383
Alto Araguaia;2023;Secretaria de Obras;Recursos Vinculados a Fundos;1204249
Alto Araguaia;2023;Secretaria de Obras;Recursos não Vinculados de Impostos;1725991
Alto Araguaia;2023;Secretaria de Obras;Outras Transferências de Convênios ou Instrumentos Congêneres dos Estados;1827922
Alto Araguaia;2023;Secretaria de Obras;Auxílio Financeiro Outorga Crédito Tributário ICMS - Art. 5º, Inciso V, EC nº 123/2022;13409
Alto Araguaia;2023;Secretaria de Infra-estrutura e Serviços Urbanos;Recursos da Contribuição para o Custeio do Serviço de Iluminação Pública - COSIP;1538155
Alto Araguaia;2023;Secretaria de Infra-estrutura e Serviços Urbanos;Recursos de Operações de Crédito;6687402
Alto Araguaia;2023;Secretaria de Infra-estrutura e Serviços Urbanos;Recursos de Alienação de Bens/Ativos - Administração Direta;900154
Alto Araguaia;2023;Secretaria de Infra-estrutura e Serviços Urbanos;Recursos não Vinculados de Impostos;11408089
Alto Araguaia;2023;Secretaria de Infra-estrutura e Serviços Urbanos;Outras Transferências de Convênios ou Instrumentos Congêneres dos Estados;1992571
Alto Araguaia;2023;Secretaria de Infra-estrutura e Serviços Urbanos;Demais Transferências Obrigatórias não Decorrentes de Repartições de Receitas;415163
Alto Araguaia;2023;Secretaria de Infra-estrutura e Serviços Urbanos;Transferências da União Referentes a Compensações Financeiras pela Exploração de Recursos Naturais;1257302
Alto Araguaia;2023;Secretaria de Finanças e Planejamento;Recursos da Contribuição de Intervenção no Domínio Econômico - CIDE;84
Alto Araguaia;2023;Secretaria de Finanças e Planejamento;Recursos não Vinculados de Impostos;7613672
Alto Araguaia;2023;Secretaria de Finanças e Planejamento;Demais Transferências Obrigatórias não Decorrentes de Repartições de Receitas;12071
Alto Araguaia;2023;Secretaria de Finanças e Planejamento;Auxílio Financeiro Outorga Crédito Tributário ICMS - Art. 5º, Inciso V, EC nº 123/2022;320000
Alto Araguaia;2023;Secretaria de Cultura, Esporte, Lazer e Turismo;Transferências Destinadas ao Setor Cultural - LC nº 195/2022 - Art. 5º Audiovisual;132464
Alto Araguaia;2023;Secretaria de Cultura, Esporte, Lazer e Turismo;Transferências Destinadas ao Setor cultural - LC nº 195/2022 - Art. 8º Demais Setores da Cultura;53681
Alto Araguaia;2023;Secretaria de Cultura, Esporte, Lazer e Turismo;Recursos não Vinculados de Impostos;1511728
Alto Araguaia;2023;Secretaria de Cultura, Esporte, Lazer e Turismo;Outras Transferências de Convênios ou Instrumentos Congêneres dos Estados;1082964
Alto Araguaia;2023;Secretaria de Assistência e Desenvolvimento Social;Recursos não Vinculados de Impostos;7260387
Alto Araguaia;2023;Secretaria de Assistência e Desenvolvimento Social;Transferência de Recursos do Fundo Nacional de Assistência Social - FNAS;520246
Alto Araguaia;2023;Secretaria de Assistência e Desenvolvimento Social;Transferência de Recursos dos Fundos Estaduais de Assistência Social;131166
Alto Araguaia;2023;Secretaria de Assistência e Desenvolvimento Social;Outras Transferências de Convênios ou Instrumentos Congêneres dos Estados;4267746
Alto Araguaia;2023;Secretaria de Indústria, Comércio e Serviços;Recursos não Vinculados de Impostos;145832
Alto Araguaia;2023;Secretaria de Transporte e Frotas;Recursos Vinculados a Fundos;1216337
Alto Araguaia;2023;Secretaria de Transporte e Frotas;Recursos não Vinculados de Impostos;1432120
Alto Araguaia;2023;Previmar - Fundo Municipal de Previdencia Social dos Servidores de Alto Araguaia;Recursos Vinculados ao RPPS - Fundo em Capitalização (Plano Previdenciário);10381560
Alto Araguaia;2023;Previmar - Fundo Municipal de Previdencia Social dos Servidores de Alto Araguaia;Recursos Vinculados ao RPPS - Taxa de Administração;440063
Alto Araguaia;2023;Secretaria de Meio Ambiente e Desenv. Urbano;Recursos não Vinculados de Impostos;68006
Alto Araguaia;2023;Secretaria de Agricultura,pecuária e Abastecimento;Recursos não Vinculados de Impostos;735274
Alto Araguaia;2023;Secretaria de Agricultura,pecuária e Abastecimento;Outras Transferências de Convênios ou Instrumentos Congêneres da União;827000
Alto Araguaia;2024;Gabinete do Prefeito;Recursos não Vinculados de Impostos;2804361
Alto Araguaia;2024;Camara Municipal;Recursos não Vinculados de Impostos;6143731
Alto Araguaia;2024;Secretaria de Administração;Recursos não Vinculados de Impostos;7461862
Alto Araguaia;2024;Secretaria de Administração;Outras Transferências de Convênios ou Instrumentos Congêneres dos Estados;780
Alto Araguaia;2024;Secretaria de Administração;Transferência Especial da União;923021
Alto Araguaia;2024;Secretaria de Saúde;Recursos de Alienação de Bens/Ativos - Administração Direta;240683
Alto Araguaia;2024;Secretaria de Saúde;Recursos não Vinculados de Impostos;27857679
Alto Araguaia;2024;Secretaria de Saúde;Transferências Fundo a Fundo de Recursos do SUS provenientes do Governo Federal - Bloco  de Manutenção das Ações e Serviços Públicos de Saúde;4558167
Alto Araguaia;2024;Secretaria de Saúde;Assistência financeira da União destinada à complementação ao pagamento dos pisos salariais para profissionais da enfermagem;78202
Alto Araguaia;2024;Secretaria de Saúde;Transferências provenientes do Governo Federal destinadas ao vencimento dos agentes comunitários de saúde e dos agentes de combate às endemias;949063
Alto Araguaia;2024;Secretaria de Saúde;Transferências Fundo a Fundo de Recursos do SUS provenientes do Governo Estadual;12663182
Alto Araguaia;2024;Secretaria de Saúde;Outras Transferências de Convênios ou Instrumentos Congêneres dos Municípios;1016600
Alto Araguaia;2024;Secretaria de Saúde;Transferência Especial da União;2679582
Alto Araguaia;2024;Secretaria de Educação;Recursos da Contribuição para o Custeio do Serviço de Iluminação Pública - COSIP;2850
Alto Araguaia;2024;Secretaria de Educação;Recursos Vinculados a Fundos;389138
Alto Araguaia;2024;Secretaria de Educação;Recursos não Vinculados de Impostos;14058732
Alto Araguaia;2024;Secretaria de Educação;Transferências do FUNDEB Impostos e Transferências de Impostos;13639954
Alto Araguaia;2024;Secretaria de Educação;Transferência do Salário Educação;732613
Alto Araguaia;2024;Secretaria de Educação;Transferências de Recursos do FNDE referentes ao Programa Dinheiro Direto na Escola (PDDE);2978
Alto Araguaia;2024;Secretaria de Educação;Transferências de Recursos do FNDE referentes ao Programa Nacional de Alimentação Escolar (PNAE);231292
Alto Araguaia;2024;Secretaria de Educação;Transferências de Recursos do FNDE Referentes ao Programa Nacional de Apoio ao Transporte Escolar (PNATE);49350
Alto Araguaia;2024;Secretaria de Educação;Outras Transferências de Recursos do FNDE;2578
Alto Araguaia;2024;Secretaria de Educação;Transferências do Estado referentes a Convênios e Instrumentos Congêneres vinculados à Educação;8291651
Alto Araguaia;2024;Secretaria de Educação;Transferência Especial da União;1422175
Alto Araguaia;2024;Secretaria de Educação;Demais Transferências Obrigatórias não Decorrentes de Repartições de Receitas;585387
Alto Araguaia;2024;Secretaria de Educação;Transferências da União Referentes às participações na exploração de Petróleo e Gás Natural destinadas ao FEP - Lei 9.478/1997;187497
Alto Araguaia;2024;Secretaria de Obras;Recursos da Contribuição de Intervenção no Domínio Econômico - CIDE;43040
Alto Araguaia;2024;Secretaria de Obras;Recursos Vinculados a Fundos;847613
Alto Araguaia;2024;Secretaria de Obras;Recursos não Vinculados de Impostos;2435634
Alto Araguaia;2024;Secretaria de Obras;Outras Transferências de Convênios ou Instrumentos Congêneres dos Estados;1066981
Alto Araguaia;2024;Secretaria de Obras;Transferência Especial da União;560288
Alto Araguaia;2024;Secretaria de Obras;Transferências da União Referentes às participações na exploração de Petróleo e Gás Natural destinadas ao FEP - Lei 9.478/1997;70333
Alto Araguaia;2024;Secretaria de Infra-estrutura e Serviços Urbanos;Recursos da Contribuição para o Custeio do Serviço de Iluminação Pública - COSIP;1372544
Alto Araguaia;2024;Secretaria de Infra-estrutura e Serviços Urbanos;Recursos de Operações de Crédito;656122
Alto Araguaia;2024;Secretaria de Infra-estrutura e Serviços Urbanos;Recursos Vinculados a Fundos;139935
Alto Araguaia;2024;Secretaria de Infra-estrutura e Serviços Urbanos;Recursos não Vinculados de Impostos;10085629
Alto Araguaia;2024;Secretaria de Infra-estrutura e Serviços Urbanos;Outras Transferências de Convênios ou Instrumentos Congêneres dos Estados;2195975
Alto Araguaia;2024;Secretaria de Infra-estrutura e Serviços Urbanos;Transferência Especial da União;2655862
Alto Araguaia;2024;Secretaria de Infra-estrutura e Serviços Urbanos;Transferências da União Referentes às participações na exploração de Petróleo e Gás Natural destinadas ao FEP - Lei 9.478/1997;114404
Alto Araguaia;2024;Secretaria de Finanças e Planejamento;Recursos da Contribuição de Intervenção no Domínio Econômico - CIDE;596
Alto Araguaia;2024;Secretaria de Finanças e Planejamento;Recursos de Alienação de Bens/Ativos - Administração Direta;284283
Alto Araguaia;2024;Secretaria de Finanças e Planejamento;Recursos não Vinculados de Impostos;12292350
Alto Araguaia;2024;Secretaria de Finanças e Planejamento;Transferência Especial da União;1390969
Alto Araguaia;2024;Secretaria de Finanças e Planejamento;Demais Transferências Obrigatórias não Decorrentes de Repartições de Receitas;11541
Alto Araguaia;2024;Secretaria de Finanças e Planejamento;Transferências da União Referentes às participações na exploração de Petróleo e Gás Natural destinadas ao FEP - Lei 9.478/1997;5132
Alto Araguaia;2024;Secretaria de Cultura, Esporte, Lazer e Turismo;Transferências Destinadas ao Setor Cultural - LC nº 195/2022 - Art. 5º Audiovisual;5729
Alto Araguaia;2024;Secretaria de Cultura, Esporte, Lazer e Turismo;Transferências Destinadas ao Setor cultural - LC nº 195/2022 - Art. 8º Demais Setores da Cultura;120422
Alto Araguaia;2024;Secretaria de Cultura, Esporte, Lazer e Turismo;Recursos não Vinculados de Impostos;1615190
Alto Araguaia;2024;Secretaria de Cultura, Esporte, Lazer e Turismo;Outras Transferências de Convênios ou Instrumentos Congêneres dos Estados;599762
Alto Araguaia;2024;Secretaria de Cultura, Esporte, Lazer e Turismo;Transferência Especial da União;121212
Alto Araguaia;2024;Secretaria de Assistência e Desenvolvimento Social;Recursos não Vinculados de Impostos;7603945
Alto Araguaia;2024;Secretaria de Assistência e Desenvolvimento Social;Transferência de Recursos do Fundo Nacional de Assistência Social - FNAS;386410
Alto Araguaia;2024;Secretaria de Assistência e Desenvolvimento Social;Transferência de Recursos dos Fundos Estaduais de Assistência Social;700231
Alto Araguaia;2024;Secretaria de Assistência e Desenvolvimento Social;Outras Transferências de Convênios ou Instrumentos Congêneres dos Estados;907095
Alto Araguaia;2024;Secretaria de Assistência e Desenvolvimento Social;Transferência Especial da União;1164462
Alto Araguaia;2024;Secretaria de Indústria, Comércio e Serviços;Recursos não Vinculados de Impostos;190836
Alto Araguaia;2024;Secretaria de Transporte e Frotas;Recursos Vinculados a Fundos;1275978
Alto Araguaia;2024;Secretaria de Transporte e Frotas;Recursos não Vinculados de Impostos;1667846
Alto Araguaia;2024;Secretaria de Transporte e Frotas;Transferência Especial da União;112207
Alto Araguaia;2024;Previmar - Fundo Municipal de Previdencia Social dos Servidores de Alto Araguaia;Recursos Vinculados ao RPPS - Fundo em Capitalização (Plano Previdenciário);11240332
Alto Araguaia;2024;Previmar - Fundo Municipal de Previdencia Social dos Servidores de Alto Araguaia;Recursos Vinculados ao RPPS - Taxa de Administração;507080
Alto Araguaia;2024;Secretaria de Meio Ambiente e Desenv. Urbano;Recursos não Vinculados de Impostos;96339
Alto Araguaia;2024;Secretaria de Agricultura,pecuária e Abastecimento;Recursos não Vinculados de Impostos;589476
Alto Araguaia;2024;Secretaria de Agricultura,pecuária e Abastecimento;Transferência Especial da União;30177
Alto Araguaia;2025;Gabinete do Prefeito;Recursos não Vinculados de Impostos;2836704
Alto Araguaia;2025;Camara Municipal;Recursos não Vinculados de Impostos;6225954
Alto Araguaia;2025;Secretaria de Administração;Recursos não Vinculados de Impostos;7364954
Alto Araguaia;2025;Secretaria de Saúde;Recursos não Vinculados de Impostos;23724877
Alto Araguaia;2025;Secretaria de Saúde;Transferências Fundo a Fundo de Recursos do SUS provenientes do Governo Federal - Bloco  de Manutenção das Ações e Serviços Públicos de Saúde;5670559
Alto Araguaia;2025;Secretaria de Saúde;Transferências Fundo a Fundo de Recursos do SUS provenientes do Governo Federal - Bloco  de Estruturação da Rede de Serviços Públicos de Saúde;710799
Alto Araguaia;2025;Secretaria de Saúde;Assistência financeira da União destinada à complementação ao pagamento dos pisos salariais para profissionais da enfermagem;12439
Alto Araguaia;2025;Secretaria de Saúde;Transferências Fundo a Fundo de Recursos do SUS provenientes do Governo Federal - Bloco de Estruturação da Rede de Serviços Públicos de Saúde - Recursos destinados ao enfrentamento da COVID-19 no bojo da ação 21C0.;27157
Alto Araguaia;2025;Secretaria de Saúde;Transferências provenientes do Governo Federal destinadas ao vencimento dos agentes comunitários de saúde e dos agentes de combate às endemias;1121885
Alto Araguaia;2025;Secretaria de Saúde;Transferências Fundo a Fundo de Recursos do SUS provenientes do Governo Estadual;12337637
Alto Araguaia;2025;Secretaria de Saúde;Outros Recursos Vinculados à Saúde;37638
Alto Araguaia;2025;Secretaria de Saúde;Outras Transferências de Convênios ou Instrumentos Congêneres dos Municípios;864009
Alto Araguaia;2025;Secretaria de Saúde;Demais Transferências Obrigatórias não Decorrentes de Repartições de Receitas;517027
Alto Araguaia;2025;Secretaria de Saúde;Transferências da União Referentes às participações na exploração de Petróleo e Gás Natural destinadas ao FEP - Lei 9.478/1997;189138
Alto Araguaia;2025;Secretaria de Educação;Recursos Vinculados a Fundos;64940
Alto Araguaia;2025;Secretaria de Educação;Recursos não Vinculados de Impostos;14424616
Alto Araguaia;2025;Secretaria de Educação;Recursos não vinculados da compensação de impostos;211362
Alto Araguaia;2025;Secretaria de Educação;Transferências do FUNDEB Impostos e Transferências de Impostos;14937482
Alto Araguaia;2025;Secretaria de Educação;Transferência do Salário Educação;862844
Alto Araguaia;2025;Secretaria de Educação;Transferências de Recursos do FNDE referentes ao Programa Nacional de Alimentação Escolar (PNAE);220886
Alto Araguaia;2025;Secretaria de Educação;Transferências de Recursos do FNDE Referentes ao Programa Nacional de Apoio ao Transporte Escolar (PNATE);41064
Alto Araguaia;2025;Secretaria de Educação;Transferências do Estado referentes a Convênios e Instrumentos Congêneres vinculados à Educação;4549533
Alto Araguaia;2025;Secretaria de Educação;Outras Transferências de Convênios ou Instrumentos Congêneres dos Estados;596490
Alto Araguaia;2025;Secretaria de Educação;Demais Transferências Obrigatórias não Decorrentes de Repartições de Receitas;217703
Alto Araguaia;2025;Secretaria de Educação;Transferências da Política Nacional Aldir Blanc de Fomento à Cultura - Lei nº 14.399/2022;30000
Alto Araguaia;2025;Secretaria de Educação;Transferências da União Referentes às participações na exploração de Petróleo e Gás Natural destinadas ao FEP - Lei 9.478/1997;171457
Alto Araguaia;2025;Secretaria de Obras;Recursos Vinculados a Fundos;302913
Alto Araguaia;2025;Secretaria de Obras;Recursos não Vinculados de Impostos;1986108
Alto Araguaia;2025;Secretaria de Infra-estrutura e Serviços Urbanos;Recursos da Contribuição de Intervenção no Domínio Econômico - CIDE;12100
Alto Araguaia;2025;Secretaria de Infra-estrutura e Serviços Urbanos;Recursos da Contribuição para o Custeio do Serviço de Iluminação Pública - COSIP;1703687
Alto Araguaia;2025;Secretaria de Infra-estrutura e Serviços Urbanos;Recursos Vinculados a Fundos;526071
Alto Araguaia;2025;Secretaria de Infra-estrutura e Serviços Urbanos;Recursos não Vinculados de Impostos;6891194
Alto Araguaia;2025;Secretaria de Infra-estrutura e Serviços Urbanos;Transferências do Estado referentes a Convênios e Instrumentos Congêneres vinculados à Educação;227557
Alto Araguaia;2025;Secretaria de Infra-estrutura e Serviços Urbanos;Transferência Especial da União;37881
Alto Araguaia;2025;Secretaria de Infra-estrutura e Serviços Urbanos;Demais Transferências Obrigatórias não Decorrentes de Repartições de Receitas;64977
Alto Araguaia;2025;Secretaria de Finanças e Planejamento;Recursos da Contribuição de Intervenção no Domínio Econômico - CIDE;564
Alto Araguaia;2025;Secretaria de Finanças e Planejamento;Recursos não Vinculados de Impostos;10013321
Alto Araguaia;2025;Secretaria de Finanças e Planejamento;Demais Transferências Obrigatórias não Decorrentes de Repartições de Receitas;9411
Alto Araguaia;2025;Secretaria de Finanças e Planejamento;Transferências da União Referentes às participações na exploração de Petróleo e Gás Natural destinadas ao FEP - Lei 9.478/1997;5330
Alto Araguaia;2025;Secretaria de Cultura, Esporte, Lazer e Turismo;Recursos não Vinculados de Impostos;1358989
Alto Araguaia;2025;Secretaria de Cultura, Esporte, Lazer e Turismo;Outras Transferências de Convênios ou Instrumentos Congêneres dos Estados;145043
Alto Araguaia;2025;Secretaria de Cultura, Esporte, Lazer e Turismo;Demais Transferências Obrigatórias não Decorrentes de Repartições de Receitas;4028
Alto Araguaia;2025;Secretaria de Assistência e Desenvolvimento Social;Recursos não Vinculados de Impostos;6618314
Alto Araguaia;2025;Secretaria de Assistência e Desenvolvimento Social;Transferência de Recursos do Fundo Nacional de Assistência Social - FNAS;219907
Alto Araguaia;2025;Secretaria de Assistência e Desenvolvimento Social;Transferência de Recursos dos Fundos Estaduais de Assistência Social;175122
Alto Araguaia;2025;Secretaria de Assistência e Desenvolvimento Social;Outras Transferências de Convênios ou Instrumentos Congêneres dos Estados;193045
Alto Araguaia;2025;Secretaria de Assistência e Desenvolvimento Social;Demais Transferências Obrigatórias não Decorrentes de Repartições de Receitas;94305
Alto Araguaia;2025;Secretaria de Indústria, Comércio e Serviços;Recursos não Vinculados de Impostos;309310
Alto Araguaia;2025;Secretaria de Transporte e Frotas;Recursos da Contribuição de Intervenção no Domínio Econômico - CIDE;33306
Alto Araguaia;2025;Secretaria de Transporte e Frotas;Recursos Vinculados a Fundos;512081
Alto Araguaia;2025;Secretaria de Transporte e Frotas;Recursos não Vinculados de Impostos;1543922
Alto Araguaia;2025;Secretaria de Transporte e Frotas;Demais Transferências Obrigatórias não Decorrentes de Repartições de Receitas;9913
Alto Araguaia;2025;Previmar - Fundo Municipal de Previdencia Social dos Servidores de Alto Araguaia;Recursos Vinculados ao RPPS - Fundo em Capitalização (Plano Previdenciário);13015950
Alto Araguaia;2025;Previmar - Fundo Municipal de Previdencia Social dos Servidores de Alto Araguaia;Recursos Vinculados ao RPPS - Taxa de Administração;795633
Alto Araguaia;2025;Secretaria de Meio Ambiente e Desenv. Urbano;Recursos não Vinculados de Impostos;166255
Alto Araguaia;2025;Secretaria de Agricultura,pecuária e Abastecimento;Recursos não Vinculados de Impostos;455789
Alto Araguaia;2025;Secretaria de Agricultura,pecuária e Abastecimento;Demais Transferências Obrigatórias não Decorrentes de Repartições de Receitas;9678
Alto Araguaia;2026;Gabinete do Prefeito;Recursos não Vinculados de Impostos;1817794
Alto Araguaia;2026;Camara Municipal;Recursos não Vinculados de Impostos;3550962
Alto Araguaia;2026;Secretaria de Administração;Recursos de Alienação de Bens/Ativos - Administração Direta;29422
Alto Araguaia;2026;Secretaria de Administração;Recursos não Vinculados de Impostos;3265881
Alto Araguaia;2026;Secretaria de Administração;Outras Transferências de Convênios ou Instrumentos Congêneres dos Estados;93608
Alto Araguaia;2026;Secretaria de Administração;Demais Transferências Obrigatórias não Decorrentes de Repartições de Receitas;426
Alto Araguaia;2026;Secretaria de Saúde;Recursos não Vinculados de Impostos;12861671
Alto Araguaia;2026;Secretaria de Saúde;Transferências Fundo a Fundo de Recursos do SUS provenientes do Governo Federal - Bloco  de Manutenção das Ações e Serviços Públicos de Saúde;3469845
Alto Araguaia;2026;Secretaria de Saúde;Transferências Fundo a Fundo de Recursos do SUS provenientes do Governo Federal - Bloco  de Estruturação da Rede de Serviços Públicos de Saúde;270704
Alto Araguaia;2026;Secretaria de Saúde;Transferências provenientes do Governo Federal destinadas ao vencimento dos agentes comunitários de saúde e dos agentes de combate às endemias;576127
Alto Araguaia;2026;Secretaria de Saúde;Transferências Fundo a Fundo de Recursos do SUS provenientes do Governo Estadual;4145483
Alto Araguaia;2026;Secretaria de Saúde;Outras Transferências de Convênios ou Instrumentos Congêneres dos Municípios;876668
Alto Araguaia;2026;Secretaria de Saúde;Demais Transferências Obrigatórias não Decorrentes de Repartições de Receitas;133212
Alto Araguaia;2026;Secretaria de Saúde;Transferências da União Referentes às participações na exploração de Petróleo e Gás Natural destinadas ao FEP - Lei 9.478/1997;73428
Alto Araguaia;2026;Secretaria de Educação e Cultura;Recursos de Alienação de Bens/Ativos - Administração Direta;6241
Alto Araguaia;2026;Secretaria de Educação e Cultura;Recursos não Vinculados de Impostos;8287321
Alto Araguaia;2026;Secretaria de Educação e Cultura;Recursos não vinculados da compensação de impostos;95105
Alto Araguaia;2026;Secretaria de Educação e Cultura;Transferências do FUNDEB Impostos e Transferências de Impostos;8010406
Alto Araguaia;2026;Secretaria de Educação e Cultura;Transferência do Salário Educação;475964
Alto Araguaia;2026;Secretaria de Educação e Cultura;Transferências de Recursos do FNDE referentes ao Programa Nacional de Alimentação Escolar (PNAE);116320
Alto Araguaia;2026;Secretaria de Educação e Cultura;Transferências de Recursos do FNDE Referentes ao Programa Nacional de Apoio ao Transporte Escolar (PNATE);23430
Alto Araguaia;2026;Secretaria de Educação e Cultura;Outras Transferências de Recursos do FNDE;294861
Alto Araguaia;2026;Secretaria de Educação e Cultura;Transferências do Estado referentes a Convênios e Instrumentos Congêneres vinculados à Educação;910888
Alto Araguaia;2026;Secretaria de Educação e Cultura;Outras Transferências de Convênios ou Instrumentos Congêneres dos Estados;38613
Alto Araguaia;2026;Secretaria de Educação e Cultura;Demais Transferências Obrigatórias não Decorrentes de Repartições de Receitas;90902
Alto Araguaia;2026;Secretaria de Educação e Cultura;Transferências da Política Nacional Aldir Blanc de Fomento à Cultura - Lei nº 14.399/2022;38748
Alto Araguaia;2026;Secretaria de Educação e Cultura;Transferências da União Referentes às participações na exploração de Petróleo e Gás Natural destinadas ao FEP - Lei 9.478/1997;60566
Alto Araguaia;2026;Secretaria de Obras;Recursos de Alienação de Bens/Ativos - Administração Direta;1275
Alto Araguaia;2026;Secretaria de Obras;Recursos não Vinculados de Impostos;1130086
Alto Araguaia;2026;Secretaria de Obras;Demais Transferências Obrigatórias não Decorrentes de Repartições de Receitas;135499
Alto Araguaia;2026;Secretaria de Obras;Transferências da União Referentes às participações na exploração de Petróleo e Gás Natural destinadas ao FEP - Lei 9.478/1997;35848
Alto Araguaia;2026;Secretaria de Infra-estrutura e Serviços Urbanos;Recursos da Contribuição de Intervenção no Domínio Econômico - CIDE;54524
Alto Araguaia;2026;Secretaria de Infra-estrutura e Serviços Urbanos;Recursos da Contribuição para o Custeio do Serviço de Iluminação Pública - COSIP;688347
Alto Araguaia;2026;Secretaria de Infra-estrutura e Serviços Urbanos;Recursos de Alienação de Bens/Ativos - Administração Direta;40191
Alto Araguaia;2026;Secretaria de Infra-estrutura e Serviços Urbanos;Recursos Vinculados a Fundos;479491
Alto Araguaia;2026;Secretaria de Infra-estrutura e Serviços Urbanos;Recursos não Vinculados de Impostos;4669051
Alto Araguaia;2026;Secretaria de Infra-estrutura e Serviços Urbanos;Transferência Especial da União;124760
Alto Araguaia;2026;Secretaria de Infra-estrutura e Serviços Urbanos;Demais Transferências Obrigatórias não Decorrentes de Repartições de Receitas;59631
Alto Araguaia;2026;Secretaria de Infra-estrutura e Serviços Urbanos;Transferências da União Referentes às participações na exploração de Petróleo e Gás Natural destinadas ao FEP - Lei 9.478/1997;209358
Alto Araguaia;2026;Secretaria de Finanças e Planejamento;Recursos da Contribuição de Intervenção no Domínio Econômico - CIDE;444
Alto Araguaia;2026;Secretaria de Finanças e Planejamento;Recursos de Alienação de Bens/Ativos - Administração Direta;1275
Alto Araguaia;2026;Secretaria de Finanças e Planejamento;Recursos não Vinculados de Impostos;7919202
Alto Araguaia;2026;Secretaria de Finanças e Planejamento;Demais Transferências Obrigatórias não Decorrentes de Repartições de Receitas;5245
Alto Araguaia;2026;Secretaria de Finanças e Planejamento;Transferências da União Referentes às participações na exploração de Petróleo e Gás Natural destinadas ao FEP - Lei 9.478/1997;3831
Alto Araguaia;2026;Secretaria de Assistência e Desenvolvimento Social;Recursos de Alienação de Bens/Ativos - Administração Direta;32124
Alto Araguaia;2026;Secretaria de Assistência e Desenvolvimento Social;Recursos não Vinculados de Impostos;3996532
Alto Araguaia;2026;Secretaria de Assistência e Desenvolvimento Social;Transferência de Recursos do Fundo Nacional de Assistência Social - FNAS;200673
Alto Araguaia;2026;Secretaria de Assistência e Desenvolvimento Social;Transferência de Recursos dos Fundos Estaduais de Assistência Social;26065
Alto Araguaia;2026;Secretaria de Assistência e Desenvolvimento Social;Transferência Especial da União;128000
Alto Araguaia;2026;Secretaria de Assistência e Desenvolvimento Social;Demais Transferências Obrigatórias não Decorrentes de Repartições de Receitas;7658
Alto Araguaia;2026;Secretaria de Assistência e Desenvolvimento Social;Transferências da União Referentes às participações na exploração de Petróleo e Gás Natural destinadas ao FEP - Lei 9.478/1997;6418
Alto Araguaia;2026;Secretaria de Transporte e Frotas;Recursos não Vinculados de Impostos;786502
Alto Araguaia;2026;Previmar - Fundo Municipal de Previdencia Social dos Servidores de Alto Araguaia;Recursos Vinculados ao RPPS - Fundo em Capitalização (Plano Previdenciário);7928404
Alto Araguaia;2026;Previmar - Fundo Municipal de Previdencia Social dos Servidores de Alto Araguaia;Recursos Vinculados ao RPPS - Taxa de Administração;470931
Alto Araguaia;2026;Secretaria de Meio Ambiente e Desenv. Urbano;Recursos não Vinculados de Impostos;26302
Alto Araguaia;2026;Secretaria de Agricultura,pecuária e Abastecimento;Recursos não Vinculados de Impostos;319102
Alto Araguaia;2026;Secretaria de Agricultura,pecuária e Abastecimento;Demais Transferências Obrigatórias não Decorrentes de Repartições de Receitas;17042
Alto Araguaia;2026;Secretaria de Agricultura,pecuária e Abastecimento;Transferências da União Referentes às participações na exploração de Petróleo e Gás Natural destinadas ao FEP - Lei 9.478/1997;1624
Alto Araguaia;2026;Secretaria de Esporte, Lazer e Turismo;Recursos não Vinculados de Impostos;752195
Alto Araguaia;2026;Secretaria de Esporte, Lazer e Turismo;Demais Transferências Obrigatórias não Decorrentes de Repartições de Receitas;24764
Alto Araguaia;2026;Secretaria de Indústria, Comércio e Serviços e Empregos;Recursos não Vinculados de Impostos;257820
Arenápolis;2021;Secretaria Municipal de Assistencia Social;Transferência de Recursos do Fundo Nacional de Assistência Social – FNAS;238654
Arenápolis;2021;Secretaria Municipal de Assistencia Social;Recursos Ordinários;783980
Arenápolis;2021;Secretaria Municipal de Assistencia Social;Outras Transferências de Convênios ou Contratos de Repasse da União (não relacionados à educação/saúde/assistência social);80000
Arenápolis;2021;Secretaria Municipal de Saude;Transferências Fundo a Fundo de Recursos do SUS provenientes dos Governos Municipais;1371957
Arenápolis;2021;Secretaria Municipal de Saude;Receitas de Impostos e de Transferência de Impostos - Saúde;5917382
Arenápolis;2021;Secretaria Municipal de Saude;Transferência de Recursos do Sistema Único de Saúde – SUS – Estado;6187011
Arenápolis;2021;Secretaria Municipal de Saude;Transferências Fundo a Fundo de Recursos do SUS provenientes do Governo Federal - Bloco de Manutenção das Ações e Serviços Públicos de Saúde;4396859
Arenápolis;2021;Secretaria Municipal de Saude;Transferências Fundo a Fundo de Recursos do SUS provenientes do Governo Federal - Bloco de Estruturação da Rede de Serviços Públicos de Saúde;134697
Arenápolis;2021;Secretaria Municipal de Governo;Recursos Ordinários;1199218
Arenápolis;2021;Secretaria Municipal de Gestao;Recursos Ordinários;3425303
Arenápolis;2021;Secretaria Municipal de Infraestrutura e Transportes;Contribuição para o Custeio dos Serviços de Iluminação Pública - COSIP;475751
Arenápolis;2021;Secretaria Municipal de Infraestrutura e Transportes;Recursos provenientes do Fundo de Transporte e Habitação – FETHAB;686085
Arenápolis;2021;Secretaria Municipal de Infraestrutura e Transportes;Recursos Ordinários;3287153
Arenápolis;2021;Secretaria Municipal de Infraestrutura e Transportes;Outras Transferências de Convênios ou Contratos de Repasse da União (não relacionados à educação/saúde/assistência social);1242924
Arenápolis;2021;Secr Mun. Desenvolvimento Economico e Agropecuario;Recursos Ordinários;361651
Arenápolis;2021;Secr Mun. Desenvolvimento Economico e Agropecuario;Outras Transferências de Convênios ou Contratos de Repasse da União (não relacionados à educação/saúde/assistência social);153246
Arenápolis;2021;Secr Mun de Educacao Cultura Desporto e Lazer;Receitas de Impostos e de Transferência de Impostos - Educação;1480845
Arenápolis;2021;Secr Mun de Educacao Cultura Desporto e Lazer;Transferência de Recursos do Fundo Nacional do Desenvolvimento da Educação - FNDE;494698
Arenápolis;2021;Secr Mun de Educacao Cultura Desporto e Lazer;Transferências do FUNDEB - (aplicação na remuneração dos profissionais do Magistério em efetivo exercício na Educação Básica);4454309
Arenápolis;2021;Secr Mun de Educacao Cultura Desporto e Lazer;Transferências do FUNDEB - (aplicação em outras despesas da Educação Básica);1111914
Arenápolis;2021;Secr Mun de Educacao Cultura Desporto e Lazer;Recursos provenientes do Fundo de Transporte e Habitação – FETHAB;98064
Arenápolis;2021;Secr Mun de Educacao Cultura Desporto e Lazer;Recursos Ordinários;81667
Arenápolis;2021;Secr Mun de Educacao Cultura Desporto e Lazer;Transferências de Convênios ou Contratos de Repasse - Educação;136845
Arenápolis;2021;Camara Municipal de Arenapolis;Recursos Ordinários;1122000
Arenápolis;2021;Secretaria Municipal de Representacao Instituciona;Recursos Ordinários;54578
Arenápolis;2022;Secretaria Municipal de Administracao;Outras vinculações de transferências;36460
Arenápolis;2022;Secretaria Municipal de Administracao;Recursos não Vinculados de Impostos;2055316
Arenápolis;2022;Secretaria Municipal de Assistencia Social;Recursos não Vinculados de Impostos;1292100
Arenápolis;2022;Secretaria Municipal de Assistencia Social;Transferência de Recursos do Fundo Nacional de Assistência Social - FNAS;350221
Arenápolis;2022;Secretaria Municipal de Assistencia Social;Outros Recursos Vinculados à Assistência Social;33737
Arenápolis;2022;Secretaria Municipal de Saude;Recursos não Vinculados de Impostos;6551305
Arenápolis;2022;Secretaria Municipal de Saude;Transferências Fundo a Fundo de Recursos do SUS provenientes do Governo Federal - Bloco  de Manutenção das Ações e Serviços Públicos de Saúde;4903057
Arenápolis;2022;Secretaria Municipal de Saude;Transferências Fundo a Fundo de Recursos do SUS provenientes do Governo Federal - Bloco  de Estruturação da Rede de Serviços Públicos de Saúde;318300
Arenápolis;2022;Secretaria Municipal de Saude;Transferências Fundo a Fundo de Recursos do SUS provenientes do Governo Federal - Bloco de Manutenção das Ações e Serviços Públicos de Saúde - Recursos destinados ao  enfrentamento da COVID-19 no bojo da ação 21C0.;323399
Arenápolis;2022;Secretaria Municipal de Saude;Transferências provenientes do Governo Federal destinadas ao vencimento dos agentes comunitários de saúde e dos agentes de combate às endemias;354836
Arenápolis;2022;Secretaria Municipal de Saude;Transferências Fundo a Fundo de Recursos do SUS provenientes do Governo Estadual;10395687
Arenápolis;2022;Secretaria Municipal de Saude;Transferências Fundo a Fundo de Recursos do SUS provenientes dos Governos Municipais;1863585
Arenápolis;2022;Secretaria Municipal de Fazenda;Recursos não Vinculados de Impostos;2110966
Arenápolis;2022;Camara Municipal de Vereadores de Arenapolis;Recursos não Vinculados de Impostos;1264107
Arenápolis;2022;Camara Municipal de Arenapolis;Recursos não Vinculados de Impostos;1454086
Arenápolis;2022;Secr Mun de Educacao e Cultura;Recursos Vinculados a Fundos;283272
Arenápolis;2022;Secr Mun de Educacao e Cultura;Recursos não Vinculados de Impostos;3150349
Arenápolis;2022;Secr Mun de Educacao e Cultura;Transferências do FUNDEB Impostos e Transferências de Impostos;7764103
Arenápolis;2022;Secr Mun de Educacao e Cultura;Transferências do FUNDEB Complementação da União VAAT;56909
Arenápolis;2022;Secr Mun de Educacao e Cultura;Transferência do Salário Educação;344300
Arenápolis;2022;Secr Mun de Educacao e Cultura;Transferências de Recursos do FNDE referentes ao Programa Nacional de Alimentação Escolar (PNAE);191963
Arenápolis;2022;Secr Mun de Educacao e Cultura;Transferências de Recursos do FNDE Referentes ao Programa Nacional de Apoio ao Transporte Escolar (PNATE);21606
Arenápolis;2022;Secr Mun de Educacao e Cultura;Outras Transferências de Recursos do FNDE;168713
Arenápolis;2022;Secr Mun de Educacao e Cultura;Transferências do Estado referentes a Convênios e Instrumentos Congêneres vinculados à Educação;463898
Arenápolis;2022;Secr Mun de Educacao e Cultura;Outras Transferências de Convênios ou Instrumentos Congêneres dos Estados;1977892
Arenápolis;2022;Secretaria Munic. Transporte Obras Serv. Publicos;Outras vinculações de transferências;96741
Arenápolis;2022;Secretaria Munic. Transporte Obras Serv. Publicos;Recursos da Contribuição para o Custeio do Serviço de Iluminação Pública - COSIP;822648
Arenápolis;2022;Secretaria Munic. Transporte Obras Serv. Publicos;Recursos Provenientes de Taxas, Contribuições e Preços Públicos;54989
Arenápolis;2022;Secretaria Munic. Transporte Obras Serv. Publicos;Recursos Vinculados a Fundos;793015
Arenápolis;2022;Secretaria Munic. Transporte Obras Serv. Publicos;Recursos não Vinculados de Impostos;4383383
Arenápolis;2022;Secretaria Munic. Transporte Obras Serv. Publicos;Outros Recursos não Vinculados;159191
Arenápolis;2022;Secretaria Munic. Transporte Obras Serv. Publicos;Outras Transferências de Convênios ou Instrumentos Congêneres dos Estados;2201807
Arenápolis;2022;Secretaria Munic. Transporte Obras Serv. Publicos;Transferências da União Referentes a Compensações Financeiras pela Exploração de Recursos Naturais;235885
Arenápolis;2022;Secretaria Munic. Agricultura e Meio Ambiente;Outras vinculações de transferências;17377
Arenápolis;2022;Secretaria Munic. Agricultura e Meio Ambiente;Recursos não Vinculados de Impostos;500464
Arenápolis;2022;Secretaria Munic. Agricultura e Meio Ambiente;Outras Transferências de Convênios ou Instrumentos Congêneres dos Estados;301167
Arenápolis;2022;Secretaria Munic. de Representacao Institucional;Recursos não Vinculados de Impostos;94211
Arenápolis;2022;Secretaria Munic. Desporto Lazer e Turismo;Recursos não Vinculados de Impostos;226592
Arenápolis;2023;Secretaria Municipal de Administracao;Outras vinculações de transferências;16000
Arenápolis;2023;Secretaria Municipal de Administracao;Recursos de Alienação de Bens/Ativos - Administração Direta;20400
Arenápolis;2023;Secretaria Municipal de Administracao;Recursos não Vinculados de Impostos;2846780
Arenápolis;2023;Secretaria Municipal de Administracao;Recursos não vinculados da compensação de impostos;59093
Arenápolis;2023;Secretaria Municipal de Administracao;Demais Transferências Obrigatórias não Decorrentes de Repartições de Receitas;54485
Arenápolis;2023;Secretaria Municipal de Assistencia Social;Recursos não Vinculados de Impostos;1338660
Arenápolis;2023;Secretaria Municipal de Assistencia Social;Recursos não vinculados da compensação de impostos;2355
Arenápolis;2023;Secretaria Municipal de Assistencia Social;Transferência de Recursos do Fundo Nacional de Assistência Social - FNAS;288416
Arenápolis;2023;Secretaria Municipal de Assistencia Social;Transferência de Recursos dos Fundos Estaduais de Assistência Social;29975
Arenápolis;2023;Secretaria Municipal de Assistencia Social;Outros Recursos Vinculados à Assistência Social;28112
Arenápolis;2023;Secretaria Municipal de Assistencia Social;Outras Transferências de Convênios ou Instrumentos Congêneres dos Estados;90000
Arenápolis;2023;Secretaria Municipal de Saude;Recursos não Vinculados de Impostos;8541560
Arenápolis;2023;Secretaria Municipal de Saude;Recursos não vinculados da compensação de impostos;9236
Arenápolis;2023;Secretaria Municipal de Saude;Transferências Fundo a Fundo de Recursos do SUS provenientes do Governo Federal - Bloco  de Manutenção das Ações e Serviços Públicos de Saúde;3803369
Arenápolis;2023;Secretaria Municipal de Saude;Transferências Fundo a Fundo de Recursos do SUS provenientes do Governo Federal - Bloco  de Estruturação da Rede de Serviços Públicos de Saúde;226050
Arenápolis;2023;Secretaria Municipal de Saude;Assistência financeira da União destinada à complementação ao pagamento dos pisos salariais para profissionais da enfermagem;266417
Arenápolis;2023;Secretaria Municipal de Saude;Transferências Fundo a Fundo de Recursos do SUS provenientes do Governo Federal - Bloco de Manutenção das Ações e Serviços Públicos de Saúde - Recursos destinados ao  enfrentamento da COVID-19 no bojo da ação 21C0.;42722
Arenápolis;2023;Secretaria Municipal de Saude;Transferências Fundo a Fundo de Recursos do SUS provenientes do Governo Federal - Bloco de Estruturação da Rede de Serviços Públicos de Saúde - Recursos destinados ao enfrentamento da COVID-19 no bojo da ação 21C0.;4519
Arenápolis;2023;Secretaria Municipal de Saude;Transferências provenientes do Governo Federal destinadas ao vencimento dos agentes comunitários de saúde e dos agentes de combate às endemias;941571
Arenápolis;2023;Secretaria Municipal de Saude;Transferências Fundo a Fundo de Recursos do SUS provenientes do Governo Estadual;6843281
Arenápolis;2023;Secretaria Municipal de Saude;Transferências Fundo a Fundo de Recursos do SUS provenientes dos Governos Municipais;369529
Arenápolis;2023;Secretaria Municipal de Saude;Demais Transferências Obrigatórias não Decorrentes de Repartições de Receitas;132736
Arenápolis;2023;Secretaria Municipal de Fazenda;Recursos não Vinculados de Impostos;2084117
Arenápolis;2023;Secretaria Municipal de Fazenda;Recursos não vinculados da compensação de impostos;2124
Arenápolis;2023;Camara Municipal de Vereadores de Arenapolis;Recursos não Vinculados de Impostos;1620559
Arenápolis;2023;Camara Municipal de Vereadores de Arenapolis;Demais Transferências Obrigatórias não Decorrentes de Repartições de Receitas;14467
Arenápolis;2023;Camara Municipal de Arenapolis;Recursos não Vinculados de Impostos;1729155
Arenápolis;2023;Secr Mun de Educacao e Cultura;Recursos Vinculados a Fundos;121194
Arenápolis;2023;Secr Mun de Educacao e Cultura;Recursos não Vinculados de Impostos;3748468
Arenápolis;2023;Secr Mun de Educacao e Cultura;Outros Recursos não Vinculados;257505
Arenápolis;2023;Secr Mun de Educacao e Cultura;Transferências do FUNDEB Impostos e Transferências de Impostos;9337105
Arenápolis;2023;Secr Mun de Educacao e Cultura;Transferências do FUNDEB Complementação da União VAAT;15535
Arenápolis;2023;Secr Mun de Educacao e Cultura;Transferência do Salário Educação;369427
Arenápolis;2023;Secr Mun de Educacao e Cultura;Transferências de Recursos do FNDE referentes ao Programa Nacional de Alimentação Escolar (PNAE);169882
Arenápolis;2023;Secr Mun de Educacao e Cultura;Transferências de Recursos do FNDE Referentes ao Programa Nacional de Apoio ao Transporte Escolar (PNATE);11832
Arenápolis;2023;Secr Mun de Educacao e Cultura;Outras Transferências de Recursos do FNDE;6326
Arenápolis;2023;Secr Mun de Educacao e Cultura;Transferências do Estado referentes a Convênios e Instrumentos Congêneres vinculados à Educação;309914
Arenápolis;2023;Secr Mun de Educacao e Cultura;Outras Transferências de Convênios ou Instrumentos Congêneres dos Estados;953000
Arenápolis;2023;Secr Mun de Educacao e Cultura;Demais Transferências Obrigatórias não Decorrentes de Repartições de Receitas;29359
Arenápolis;2023;Secretaria Munic. Transporte Obras Serv. Publicos;Outras vinculações de transferências;104329
Arenápolis;2023;Secretaria Munic. Transporte Obras Serv. Publicos;Recursos da Contribuição para o Custeio do Serviço de Iluminação Pública - COSIP;1053972
Arenápolis;2023;Secretaria Munic. Transporte Obras Serv. Publicos;Recursos de Alienação de Bens/Ativos - Administração Direta;145466
Arenápolis;2023;Secretaria Munic. Transporte Obras Serv. Publicos;Recursos Vinculados a Fundos;844499
Arenápolis;2023;Secretaria Munic. Transporte Obras Serv. Publicos;Recursos não Vinculados de Impostos;3825649
Arenápolis;2023;Secretaria Munic. Transporte Obras Serv. Publicos;Recursos não vinculados da compensação de impostos;102612
Arenápolis;2023;Secretaria Munic. Transporte Obras Serv. Publicos;Outras Transferências de Convênios ou Instrumentos Congêneres da União;554655
Arenápolis;2023;Secretaria Munic. Transporte Obras Serv. Publicos;Outras Transferências de Convênios ou Instrumentos Congêneres dos Estados;1162090
Arenápolis;2023;Secretaria Munic. Transporte Obras Serv. Publicos;Demais Transferências Obrigatórias não Decorrentes de Repartições de Receitas;119692
Arenápolis;2023;Secretaria Munic. Agricultura e Meio Ambiente;Recursos de Alienação de Bens/Ativos - Administração Direta;140000
Arenápolis;2023;Secretaria Munic. Agricultura e Meio Ambiente;Recursos não Vinculados de Impostos;518889
Arenápolis;2023;Secretaria Munic. Agricultura e Meio Ambiente;Recursos não vinculados da compensação de impostos;1524
Arenápolis;2023;Secretaria Munic. Agricultura e Meio Ambiente;Outras Transferências de Convênios ou Instrumentos Congêneres da União;77377
Arenápolis;2023;Secretaria Munic. Agricultura e Meio Ambiente;Outras Transferências de Convênios ou Instrumentos Congêneres dos Estados;6904
Arenápolis;2023;Secretaria Munic. Agricultura e Meio Ambiente;Demais Transferências Obrigatórias não Decorrentes de Repartições de Receitas;4429
Arenápolis;2023;Secretaria Munic. de Representacao Institucional;Recursos não Vinculados de Impostos;53704
Arenápolis;2023;Secretaria Municipal de Desporto, Lazer e Turismo;Recursos não Vinculados de Impostos;311794
Arenápolis;2023;Secretaria Municipal de Desporto, Lazer e Turismo;Outras Transferências de Convênios ou Instrumentos Congêneres dos Estados;550680
Arenápolis;2023;Secretaria Municipal de Desporto, Lazer e Turismo;Demais Transferências Obrigatórias não Decorrentes de Repartições de Receitas;8858
Arenápolis;2024;Gabinete do Prefeito;Recursos não Vinculados de Impostos;1802389
Arenápolis;2024;Secretaria Municipal de Administracao;Outras vinculações de transferências;20767
Arenápolis;2024;Secretaria Municipal de Administracao;Recursos de Alienação de Bens/Ativos - Administração Direta;22390
Arenápolis;2024;Secretaria Municipal de Administracao;Recursos não Vinculados de Impostos;2882781
Arenápolis;2024;Secretaria Municipal de Administracao;Recursos não vinculados da compensação de impostos;8550
Arenápolis;2024;Secretaria Municipal de Administracao;Transferências da União Referentes a Compensações Financeiras pela Exploração de Recursos Naturais;18098
Arenápolis;2024;Secretaria Municipal de Assistencia Social;Recursos não Vinculados de Impostos;1539132
Arenápolis;2024;Secretaria Municipal de Assistencia Social;Outros Recursos não Vinculados;10414
Arenápolis;2024;Secretaria Municipal de Assistencia Social;Transferências Fundo a Fundo de Recursos do SUS provenientes dos Governos Municipais;41738
Arenápolis;2024;Secretaria Municipal de Assistencia Social;Transferência de Recursos do Fundo Nacional de Assistência Social - FNAS;287824
Arenápolis;2024;Secretaria Municipal de Assistencia Social;Transferência de Recursos dos Fundos Estaduais de Assistência Social;22758
Arenápolis;2024;Secretaria Municipal de Assistencia Social;Outros Recursos Vinculados à Assistência Social;30280
Arenápolis;2024;Secretaria Municipal de Assistencia Social;Outras Transferências de Convênios ou Instrumentos Congêneres dos Estados;1423551
Arenápolis;2024;Secretaria Municipal de Saude;Recursos não Vinculados de Impostos;10433515
Arenápolis;2024;Secretaria Municipal de Saude;Outros Recursos não Vinculados;31025
Arenápolis;2024;Secretaria Municipal de Saude;Recursos não vinculados da compensação de impostos;3580
Arenápolis;2024;Secretaria Municipal de Saude;Transferências Fundo a Fundo de Recursos do SUS provenientes do Governo Federal - Bloco  de Manutenção das Ações e Serviços Públicos de Saúde;4147619
Arenápolis;2024;Secretaria Municipal de Saude;Transferências Fundo a Fundo de Recursos do SUS provenientes do Governo Federal - Bloco  de Estruturação da Rede de Serviços Públicos de Saúde;17000
Arenápolis;2024;Secretaria Municipal de Saude;Assistência financeira da União destinada à complementação ao pagamento dos pisos salariais para profissionais da enfermagem;499947
Arenápolis;2024;Secretaria Municipal de Saude;Transferências Fundo a Fundo de Recursos do SUS provenientes do Governo Federal - Bloco de Manutenção das Ações e Serviços Públicos de Saúde - Recursos destinados ao  enfrentamento da COVID-19 no bojo da ação 21C0.;66921
Arenápolis;2024;Secretaria Municipal de Saude;Transferências Fundo a Fundo de Recursos do SUS provenientes do Governo Federal - Bloco de Estruturação da Rede de Serviços Públicos de Saúde - Recursos destinados ao enfrentamento da COVID-19 no bojo da ação 21C0.;4519
Arenápolis;2024;Secretaria Municipal de Saude;Transferências provenientes do Governo Federal destinadas ao vencimento dos agentes comunitários de saúde e dos agentes de combate às endemias;975861
Arenápolis;2024;Secretaria Municipal de Saude;Transferências Fundo a Fundo de Recursos do SUS provenientes do Governo Estadual;6862147
Arenápolis;2024;Secretaria Municipal de Saude;Transferências Fundo a Fundo de Recursos do SUS provenientes dos Governos Municipais;479440
Arenápolis;2024;Secretaria Municipal de Fazenda;Outras vinculações de transferências;2808
Arenápolis;2024;Secretaria Municipal de Fazenda;Recursos da Contribuição de Intervenção no Domínio Econômico - CIDE;166
Arenápolis;2024;Secretaria Municipal de Fazenda;Recursos não Vinculados de Impostos;2504016
Arenápolis;2024;Secretaria Municipal de Fazenda;Outros Recursos não Vinculados;2852
Arenápolis;2024;Secretaria Municipal de Fazenda;Recursos não vinculados da compensação de impostos;2
Arenápolis;2024;Camara Municipal de Arenapolis;Recursos não Vinculados de Impostos;1973977
Arenápolis;2024;Secr Mun de Educacao e Cultura;Transferências Destinadas ao Setor Cultural - LC nº 195/2022 - Art. 5º Audiovisual;66337
Arenápolis;2024;Secr Mun de Educacao e Cultura;Transferências Destinadas ao Setor cultural - LC nº 195/2022 - Art. 8º Demais Setores da Cultura;26872
Arenápolis;2024;Secr Mun de Educacao e Cultura;Recursos Vinculados a Fundos;184701
Arenápolis;2024;Secr Mun de Educacao e Cultura;Recursos não Vinculados de Impostos;4850976
Arenápolis;2024;Secr Mun de Educacao e Cultura;Outros Recursos não Vinculados;139746
Arenápolis;2024;Secr Mun de Educacao e Cultura;Recursos não vinculados da compensação de impostos;26508
Arenápolis;2024;Secr Mun de Educacao e Cultura;Transferências do FUNDEB Impostos e Transferências de Impostos;9239692
Arenápolis;2024;Secr Mun de Educacao e Cultura;Transferências do FUNDEB Complementação da União VAAT;360594
Arenápolis;2024;Secr Mun de Educacao e Cultura;Transferência do Salário Educação;520020
Arenápolis;2024;Secr Mun de Educacao e Cultura;Transferências de Recursos do FNDE referentes ao Programa Nacional de Alimentação Escolar (PNAE);166205
Arenápolis;2024;Secr Mun de Educacao e Cultura;Transferências de Recursos do FNDE Referentes ao Programa Nacional de Apoio ao Transporte Escolar (PNATE);11030
Arenápolis;2024;Secr Mun de Educacao e Cultura;Outras Transferências de Recursos do FNDE;215
Arenápolis;2024;Secr Mun de Educacao e Cultura;Transferências do Estado referentes a Convênios e Instrumentos Congêneres vinculados à Educação;416807
Arenápolis;2024;Secr Mun de Educacao e Cultura;Outras Transferências de Convênios ou Instrumentos Congêneres dos Estados;2470140
Arenápolis;2024;Secr Mun de Educacao e Cultura;Transferência Especial da União;1012000
Arenápolis;2024;Secretaria Munic. Agricultura e Meio Ambiente;Recursos não Vinculados de Impostos;713103
Arenápolis;2024;Secretaria Munic. Agricultura e Meio Ambiente;Outros Recursos não Vinculados;13394
Arenápolis;2024;Secretaria Munic. Agricultura e Meio Ambiente;Outras Transferências de Convênios ou Instrumentos Congêneres da União;24987
Arenápolis;2024;Secretaria Municipal de Convenios, Licitacoes e Contratos;Recursos não Vinculados de Impostos;56452
Arenápolis;2024;Secretaria Munic. Transporte, Obras Serv. Publicos;Outras vinculações de transferências;70435
Arenápolis;2024;Secretaria Munic. Transporte, Obras Serv. Publicos;Recursos da Contribuição de Intervenção no Domínio Econômico - CIDE;36422
Arenápolis;2024;Secretaria Munic. Transporte, Obras Serv. Publicos;Recursos da Contribuição para o Custeio do Serviço de Iluminação Pública - COSIP;1182359
Arenápolis;2024;Secretaria Munic. Transporte, Obras Serv. Publicos;Recursos de Alienação de Bens/Ativos - Administração Direta;263615
Arenápolis;2024;Secretaria Munic. Transporte, Obras Serv. Publicos;Recursos Vinculados a Fundos;846818
Arenápolis;2024;Secretaria Munic. Transporte, Obras Serv. Publicos;Recursos não Vinculados de Impostos;4963241
Arenápolis;2024;Secretaria Munic. Transporte, Obras Serv. Publicos;Outros Recursos não Vinculados;311320
Arenápolis;2024;Secretaria Munic. Transporte, Obras Serv. Publicos;Recursos não vinculados da compensação de impostos;65295
Arenápolis;2024;Secretaria Munic. Transporte, Obras Serv. Publicos;Outras Transferências de Convênios ou Instrumentos Congêneres da União;153647
Arenápolis;2024;Secretaria Munic. Transporte, Obras Serv. Publicos;Outras Transferências de Convênios ou Instrumentos Congêneres dos Estados;304918
Arenápolis;2024;Secretaria Munic. Desporto, Lazer e Turismo;Recursos não Vinculados de Impostos;415469
Arenápolis;2024;Secretaria Munic. Desporto, Lazer e Turismo;Outras Transferências de Convênios ou Instrumentos Congêneres dos Estados;207873
Arenápolis;2025;Gabinete do Prefeito;Recursos não Vinculados de Impostos;2598603
Arenápolis;2025;Gabinete do Prefeito;Outros Recursos não Vinculados;82526
Arenápolis;2025;Gabinete do Prefeito;Recursos não vinculados da compensação de impostos;49136
Arenápolis;2025;Secretaria Municipal de Administracao;Outras vinculações de transferências;68218
Arenápolis;2025;Secretaria Municipal de Administracao;Recursos de Alienação de Bens/Ativos - Administração Direta;4486
Arenápolis;2025;Secretaria Municipal de Administracao;Recursos não Vinculados de Impostos;4109524
Arenápolis;2025;Secretaria Municipal de Administracao;Recursos não vinculados da compensação de impostos;23597
Arenápolis;2025;Secretaria Municipal de Administracao;Transferências da União Referentes a Compensações Financeiras pela Exploração de Recursos Naturais;10758
Arenápolis;2025;Secretaria Municipal de Assistencia Social;Outras vinculações de transferências;27131
Arenápolis;2025;Secretaria Municipal de Assistencia Social;Recursos não Vinculados de Impostos;1843030
Arenápolis;2025;Secretaria Municipal de Assistencia Social;Outros Recursos não Vinculados;94578
Arenápolis;2025;Secretaria Municipal de Assistencia Social;Recursos não vinculados da compensação de impostos;4999
Arenápolis;2025;Secretaria Municipal de Assistencia Social;Transferência de Recursos do Fundo Nacional de Assistência Social - FNAS;267469
Arenápolis;2025;Secretaria Municipal de Assistencia Social;Transferência de Recursos dos Fundos Estaduais de Assistência Social;55907
Arenápolis;2025;Secretaria Municipal de Assistencia Social;Outros Recursos Vinculados à Assistência Social;70335
Arenápolis;2025;Secretaria Municipal de Saude;Recursos não Vinculados de Impostos;12135533
Arenápolis;2025;Secretaria Municipal de Saude;Outros Recursos não Vinculados;17449
Arenápolis;2025;Secretaria Municipal de Saude;Transferências Fundo a Fundo de Recursos do SUS provenientes do Governo Federal - Bloco  de Manutenção das Ações e Serviços Públicos de Saúde;3975320
Arenápolis;2025;Secretaria Municipal de Saude;Transferências Fundo a Fundo de Recursos do SUS provenientes do Governo Federal - Bloco  de Estruturação da Rede de Serviços Públicos de Saúde;27740
Arenápolis;2025;Secretaria Municipal de Saude;Assistência financeira da União destinada à complementação ao pagamento dos pisos salariais para profissionais da enfermagem;413072
Arenápolis;2025;Secretaria Municipal de Saude;Transferências provenientes do Governo Federal destinadas ao vencimento dos agentes comunitários de saúde e dos agentes de combate às endemias;1029176
Arenápolis;2025;Secretaria Municipal de Saude;Transferências Fundo a Fundo de Recursos do SUS provenientes do Governo Estadual;7630596
Arenápolis;2025;Secretaria Municipal de Saude;Transferências Fundo a Fundo de Recursos do SUS provenientes dos Governos Municipais;885425
Arenápolis;2025;Secretaria Municipal de Saude;Transferência Especial da União;930292
Arenápolis;2025;Secretaria Municipal de Saude;Transferência Especial dos Estados;2484542
Arenápolis;2025;Secretaria Municipal de Educacao;Recursos Vinculados a Fundos;5623
Arenápolis;2025;Secretaria Municipal de Educacao;Recursos não Vinculados de Impostos;5745931
Arenápolis;2025;Secretaria Municipal de Educacao;Transferências do FUNDEB Impostos e Transferências de Impostos;11193048
Arenápolis;2025;Secretaria Municipal de Educacao;Transferências do FUNDEB Complementação da União VAAT;184584
Arenápolis;2025;Secretaria Municipal de Educacao;Transferências do FUNDEB Complementação da União VAAR;472020
Arenápolis;2025;Secretaria Municipal de Educacao;Transferência do Salário Educação;791092
Arenápolis;2025;Secretaria Municipal de Educacao;Transferências de Recursos do FNDE referentes ao Programa Nacional de Alimentação Escolar (PNAE);135446
Arenápolis;2025;Secretaria Municipal de Educacao;Transferências de Recursos do FNDE Referentes ao Programa Nacional de Apoio ao Transporte Escolar (PNATE);14601
Arenápolis;2025;Secretaria Municipal de Educacao;Outras Transferências de Recursos do FNDE;203277
Arenápolis;2025;Secretaria Municipal de Educacao;Transferências do Estado referentes a Convênios e Instrumentos Congêneres vinculados à Educação;2319
Arenápolis;2025;Secretaria Municipal de Educacao;Transferências de Recursos dos Estados para programas de educação;343663
Arenápolis;2025;Secretaria Municipal de Educacao;Outras Transferências de Convênios ou Instrumentos Congêneres dos Estados;49586
Arenápolis;2025;Secretaria Municipal de Educacao;Transferência Especial da União;194383
Arenápolis;2025;Secretaria Municipal de Fazenda;Outras vinculações de transferências;3313
Arenápolis;2025;Secretaria Municipal de Fazenda;Recursos da Contribuição de Intervenção no Domínio Econômico - CIDE;363
Arenápolis;2025;Secretaria Municipal de Fazenda;Recursos não Vinculados de Impostos;2353573
Arenápolis;2025;Secretaria Municipal de Fazenda;Outros Recursos não Vinculados;3554
Arenápolis;2025;Secretaria Municipal de Fazenda;Recursos não vinculados da compensação de impostos;4687
Arenápolis;2025;Camara Municipal de Arenapolis;Recursos não Vinculados de Impostos;2590363
Arenápolis;2025;Secretaria Munic. Agricultura e Meio Ambiente;Outras vinculações de transferências;30000
Arenápolis;2025;Secretaria Munic. Agricultura e Meio Ambiente;Recursos de Alienação de Bens/Ativos - Administração Direta;33000
Arenápolis;2025;Secretaria Munic. Agricultura e Meio Ambiente;Recursos não Vinculados de Impostos;1123401
Arenápolis;2025;Secretaria Municipal de Esporte, Cultura, Lazer e Turismo;Recursos não Vinculados de Impostos;1927237
Arenápolis;2025;Secretaria Municipal de Esporte, Cultura, Lazer e Turismo;Outras Transferências de Convênios ou Instrumentos Congêneres da União;21408
Arenápolis;2025;Secretaria Municipal de Esporte, Cultura, Lazer e Turismo;Outras Transferências de Convênios ou Instrumentos Congêneres dos Estados;2731430
Arenápolis;2025;Secretaria Municipal de Convenios, Licitacoes e Contratos;Recursos não Vinculados de Impostos;239263
Arenápolis;2025;Secretaria Munic. Transporte, Obras Serv. Publicos;Outras vinculações de transferências;267379
Arenápolis;2025;Secretaria Munic. Transporte, Obras Serv. Publicos;Recursos da Contribuição de Intervenção no Domínio Econômico - CIDE;35982
Arenápolis;2025;Secretaria Munic. Transporte, Obras Serv. Publicos;Recursos da Contribuição para o Custeio do Serviço de Iluminação Pública - COSIP;1385956
Arenápolis;2025;Secretaria Munic. Transporte, Obras Serv. Publicos;Recursos de Operações de Crédito;1111657
Arenápolis;2025;Secretaria Munic. Transporte, Obras Serv. Publicos;Recursos Vinculados a Fundos;414616
Arenápolis;2025;Secretaria Munic. Transporte, Obras Serv. Publicos;Recursos não Vinculados de Impostos;5567438
Arenápolis;2025;Secretaria Munic. Transporte, Obras Serv. Publicos;Outros Recursos não Vinculados;420713
Arenápolis;2025;Secretaria Munic. Transporte, Obras Serv. Publicos;Recursos não vinculados da compensação de impostos;22413
Arenápolis;2025;Secretaria Munic. Transporte, Obras Serv. Publicos;Outras Transferências de Convênios ou Instrumentos Congêneres dos Estados;2458272
Arenápolis;2026;Gabinete do Prefeito;Recursos não Vinculados de Impostos;1210911
Arenápolis;2026;Gabinete do Prefeito;Outros Recursos não Vinculados;38159
Arenápolis;2026;Secretaria Municipal de Administracao;Outras vinculações de transferências;4350
Arenápolis;2026;Secretaria Municipal de Administracao;Recursos não Vinculados de Impostos;2030319
Arenápolis;2026;Secretaria Municipal de Administracao;Outros Recursos não Vinculados;125967
Arenápolis;2026;Secretaria Municipal de Assistencia Social;Recursos não Vinculados de Impostos;1116407
Arenápolis;2026;Secretaria Municipal de Assistencia Social;Outros Recursos não Vinculados;59052
Arenápolis;2026;Secretaria Municipal de Assistencia Social;Transferência de Recursos do Fundo Nacional de Assistência Social - FNAS;148187
Arenápolis;2026;Secretaria Municipal de Assistencia Social;Transferência de Recursos dos Fundos Estaduais de Assistência Social;92205
Arenápolis;2026;Secretaria Municipal de Assistencia Social;Outros Recursos Vinculados à Assistência Social;4545
Arenápolis;2026;Secretaria Municipal de Saude;Recursos não Vinculados de Impostos;8099458
Arenápolis;2026;Secretaria Municipal de Saude;Outros Recursos não Vinculados;13997
Arenápolis;2026;Secretaria Municipal de Saude;Transferências Fundo a Fundo de Recursos do SUS provenientes do Governo Federal - Bloco  de Manutenção das Ações e Serviços Públicos de Saúde;1998949
Arenápolis;2026;Secretaria Municipal de Saude;Transferências Fundo a Fundo de Recursos do SUS provenientes do Governo Federal - Bloco  de Estruturação da Rede de Serviços Públicos de Saúde;345167
Arenápolis;2026;Secretaria Municipal de Saude;Assistência financeira da União destinada à complementação ao pagamento dos pisos salariais para profissionais da enfermagem;162272
Arenápolis;2026;Secretaria Municipal de Saude;Transferências provenientes do Governo Federal destinadas ao vencimento dos agentes comunitários de saúde e dos agentes de combate às endemias;674498
Arenápolis;2026;Secretaria Municipal de Saude;Transferências Fundo a Fundo de Recursos do SUS provenientes do Governo Estadual;7449514
Arenápolis;2026;Secretaria Municipal de Saude;Transferências Fundo a Fundo de Recursos do SUS provenientes dos Governos Municipais;406566
Arenápolis;2026;Secretaria Municipal de Saude;Transferência Especial da União;280111
Arenápolis;2026;Secretaria Municipal de Saude;Demais Transferências Obrigatórias não Decorrentes de Repartições de Receitas;191
Arenápolis;2026;Secretaria Municipal de Fazenda;Outras vinculações de transferências;1992
Arenápolis;2026;Secretaria Municipal de Fazenda;Recursos da Contribuição de Intervenção no Domínio Econômico - CIDE;285
Arenápolis;2026;Secretaria Municipal de Fazenda;Recursos não Vinculados de Impostos;2437436
Arenápolis;2026;Secretaria Municipal de Fazenda;Outros Recursos não Vinculados;2554
Arenápolis;2026;Secretaria Municipal de Fazenda;Transferência da União Referente à Compensação Financeira de Recursos Minerais;70
Arenápolis;2026;Camara Municipal de Arenapolis;Recursos não Vinculados de Impostos;1908173
Arenápolis;2026;Secr Mun de Educacao e Cultura;Recursos não Vinculados de Impostos;3929577
Arenápolis;2026;Secr Mun de Educacao e Cultura;Transferências do FUNDEB Impostos e Transferências de Impostos;8026196
Arenápolis;2026;Secr Mun de Educacao e Cultura;Transferências do FUNDEB Complementação da União VAAT;290
Arenápolis;2026;Secr Mun de Educacao e Cultura;Transferências do FUNDEB Complementação da União VAAR;118446
Arenápolis;2026;Secr Mun de Educacao e Cultura;Transferência do Salário Educação;453583
Arenápolis;2026;Secr Mun de Educacao e Cultura;Transferências de Recursos do FNDE referentes ao Programa Nacional de Alimentação Escolar (PNAE);137962
Arenápolis;2026;Secr Mun de Educacao e Cultura;Transferências de Recursos do FNDE Referentes ao Programa Nacional de Apoio ao Transporte Escolar (PNATE);6902
Arenápolis;2026;Secr Mun de Educacao e Cultura;Transferências de Recursos dos Estados para programas de educação;167099
Arenápolis;2026;Secretaria Munic. Agricultura e Meio Ambiente;Recursos não Vinculados de Impostos;669555
Arenápolis;2026;Secretaria Munic. Agricultura e Meio Ambiente;Outros Recursos não Vinculados;36662
Arenápolis;2026;Secretaria Munic. Agricultura e Meio Ambiente;Outras Transferências de Convênios ou Instrumentos Congêneres dos Estados;29760
Arenápolis;2026;Secretaria Munic. Transporte, Obras Serv. Publicos;Outras vinculações de transferências;53766
Arenápolis;2026;Secretaria Munic. Transporte, Obras Serv. Publicos;Recursos da Contribuição de Intervenção no Domínio Econômico - CIDE;19275
Arenápolis;2026;Secretaria Munic. Transporte, Obras Serv. Publicos;Recursos da Contribuição para o Custeio do Serviço de Iluminação Pública - COSIP;784545
Arenápolis;2026;Secretaria Munic. Transporte, Obras Serv. Publicos;Recursos de Operações de Crédito;78828
Arenápolis;2026;Secretaria Munic. Transporte, Obras Serv. Publicos;Recursos Vinculados a Fundos;107483
Arenápolis;2026;Secretaria Munic. Transporte, Obras Serv. Publicos;Recursos não Vinculados de Impostos;4244440
Arenápolis;2026;Secretaria Munic. Transporte, Obras Serv. Publicos;Outros Recursos não Vinculados;390255
Arenápolis;2026;Secretaria Munic. Transporte, Obras Serv. Publicos;Recursos não vinculados da compensação de impostos;13276
Arenápolis;2026;Secretaria Munic. Transporte, Obras Serv. Publicos;Outras Transferências de Convênios ou Instrumentos Congêneres dos Estados;609976
Arenápolis;2026;Secretaria Munic. Transporte, Obras Serv. Publicos;Transferência da União Referente à Compensação Financeira de Recursos Minerais;6000
Arenápolis;2026;Secretaria Munic. Desporto, Lazer e Turismo;Recursos não Vinculados de Impostos;1994746
Arenápolis;2026;Secretaria Munic. Desporto, Lazer e Turismo;Outras Transferências de Convênios ou Instrumentos Congêneres dos Estados;1529217
Arenápolis;2026;Secretaria Munic. Convenios, Licitacoes e Contratos;Recursos não Vinculados de Impostos;156077
Canarana;2021;Camara Municipal;Recursos Ordinários;3298968
Canarana;2021;Secretaria Municipal de Educação e Cultura;Receitas de Impostos e de Transferência de Impostos - Educação;12675131
Canarana;2021;Secretaria Municipal de Educação e Cultura;Transferência de Recursos do Fundo Nacional do Desenvolvimento da Educação - FNDE;1231252
Canarana;2021;Secretaria Municipal de Educação e Cultura;Transferências do FUNDEB - (aplicação na remuneração dos profissionais do Magistério em efetivo exercício na Educação Básica);12207105
Canarana;2021;Secretaria Municipal de Educação e Cultura;Transferências do FUNDEB - (aplicação em outras despesas da Educação Básica);4400653
Canarana;2021;Secretaria Municipal de Educação e Cultura;Recursos provenientes do Fundo de Transporte e Habitação – FETHAB;437960
Canarana;2021;Secretaria Municipal de Educação e Cultura;Recursos Ordinários;676579
Canarana;2021;Secretaria Municipal de Educação e Cultura;Transferências de Convênios ou Contratos de Repasse - Educação;1469789
Canarana;2021;Secretaria Municipal de Educação e Cultura;Outras Transferências de Convênios ou Contratos de Repasse da União (não relacionados à educação/saúde/assistência social);170000
Canarana;2021;Secretaria Municipal de Finanças;Recursos Ordinários;5394061
Canarana;2021;Secretaria Municipal de Saúde e Saneamento;Receitas de Impostos e de Transferência de Impostos - Saúde;26201616
Canarana;2021;Secretaria Municipal de Saúde e Saneamento;Recursos Ordinários;59361
Canarana;2021;Secretaria Municipal de Saúde e Saneamento;Transferência de Recursos do Sistema Único de Saúde – SUS – Estado;1224736
Canarana;2021;Secretaria Municipal de Saúde e Saneamento;Demais Recursos Vinculados Destinados à Saúde;138623
Canarana;2021;Secretaria Municipal de Saúde e Saneamento;Outras Transferências de Convênios ou Contratos de Repasse da União (não relacionados à educação/saúde/assistência social);644666
Canarana;2021;Secretaria Municipal de Saúde e Saneamento;Transferências Fundo a Fundo de Recursos do SUS provenientes do Governo Federal - Bloco de Manutenção das Ações e Serviços Públicos de Saúde;9683555
Canarana;2021;Secretaria Municipal de Saúde e Saneamento;Transferências Fundo a Fundo de Recursos do SUS provenientes do Governo Federal - Bloco de Estruturação da Rede de Serviços Públicos de Saúde;637034
Canarana;2021;Secretaria Municipal de Esportes e Lazer;Recursos Ordinários;1663831
Canarana;2021;Secretaria Mun. de Assistência Social;Transferência de Recursos do Fundo Nacional de Assistência Social – FNAS;452503
Canarana;2021;Secretaria Mun. de Assistência Social;Recursos Ordinários;3832389
Canarana;2021;Secretaria Mun. de Assistência Social;Transferência de recursos do Estado para ações de Assistência Social;35048
Canarana;2021;Secretaria Mun. de Assistência Social;Demais Recursos Vinculados Destinados Assistência Social;85325
Canarana;2021;Secretaria Mun. Desenvol. Sócioeconômico e Turisti;Recursos Ordinários;587243
Canarana;2021;Secretaria Mun. de Administração e Serviços Gerais;Recursos Ordinários;4452717
Canarana;2021;Secretaria Municipal de Obras, Estradas e Rodagens;Contribuição para o Custeio dos Serviços de Iluminação Pública - COSIP;2748892
Canarana;2021;Secretaria Municipal de Obras, Estradas e Rodagens;Recursos provenientes do Fundo de Transporte e Habitação – FETHAB;2621438
Canarana;2021;Secretaria Municipal de Obras, Estradas e Rodagens;Operações de Crédito Internas;2318673
Canarana;2021;Secretaria Municipal de Obras, Estradas e Rodagens;Recursos Ordinários;26933768
Canarana;2021;Secretaria Municipal de Obras, Estradas e Rodagens;Outras Transferências de Convênios ou Contratos de Repasse do Estado (não relacionados à educação/saúde/assistência social);3136532
Canarana;2021;Secretaria Municipal de Obras, Estradas e Rodagens;Outras Transferências de Convênios ou Contratos de Repasse da União (não relacionados à educação/saúde/assistência social);1682004
Canarana;2021;Secretaria Mun. de Agricultura e Meio Ambeinte;Recursos Ordinários;2167403
Canarana;2021;Secretaria de Gestão Governamental;Recursos Ordinários;2563550
Canarana;2021;Prevican-fundo Mun. Prev. Serv. Canarana;Recursos do Regime Próprio de Previdência (RPPS);5487564
Canarana;2021;Prevican-fundo Mun. Prev. Serv. Canarana;Recursos da Taxa de Administração;372751
Canarana;2022;Camara Municipal;Recursos não Vinculados de Impostos;4075044
Canarana;2022;Secretaria Municipal de Educação e Cultura;Recursos Vinculados a Fundos;373958
Canarana;2022;Secretaria Municipal de Educação e Cultura;Recursos não Vinculados de Impostos;21199221
Canarana;2022;Secretaria Municipal de Educação e Cultura;Transferências do FUNDEB Impostos e Transferências de Impostos;18701677
Canarana;2022;Secretaria Municipal de Educação e Cultura;Transferência do Salário Educação;907180
Canarana;2022;Secretaria Municipal de Educação e Cultura;Transferências de Recursos do FNDE referentes ao Programa Nacional de Alimentação Escolar (PNAE);291074
Canarana;2022;Secretaria Municipal de Educação e Cultura;Transferências de Recursos do FNDE Referentes ao Programa Nacional de Apoio ao Transporte Escolar (PNATE);126944
Canarana;2022;Secretaria Municipal de Educação e Cultura;Transferências do Governo Federal referentes a Convênios e Instrumentos Congêneres vinculados à Educação;11916
Canarana;2022;Secretaria Municipal de Educação e Cultura;Transferências do Estado referentes a Convênios e Instrumentos Congêneres vinculados à Educação;1284601
Canarana;2022;Secretaria Municipal de Educação e Cultura;Outras Transferências de Convênios ou Instrumentos Congêneres dos Estados;733517
Canarana;2022;Secretaria Municipal de Educação e Cultura;Transferências da União Referentes a Compensações Financeiras pela Exploração de Recursos Naturais;80313
Canarana;2022;Secretaria Municipal de Finanças;Recursos não Vinculados de Impostos;6641633
Canarana;2022;Secretaria Municipal de Finanças;Transferências da União Referentes a Compensações Financeiras pela Exploração de Recursos Naturais;80914
Canarana;2022;Secretaria Municipal de Saúde e Saneamento;Recursos não Vinculados de Impostos;31764100
Canarana;2022;Secretaria Municipal de Saúde e Saneamento;Transferências Fundo a Fundo de Recursos do SUS provenientes do Governo Federal - Bloco  de Manutenção das Ações e Serviços Públicos de Saúde;12937417
Canarana;2022;Secretaria Municipal de Saúde e Saneamento;Transferências Fundo a Fundo de Recursos do SUS provenientes do Governo Federal - Bloco  de Estruturação da Rede de Serviços Públicos de Saúde;174851
Canarana;2022;Secretaria Municipal de Saúde e Saneamento;Transferências Fundo a Fundo de Recursos do SUS provenientes do Governo Federal - Bloco de Manutenção das Ações e Serviços Públicos de Saúde - Recursos destinados ao  enfrentamento da COVID-19 no bojo da ação 21C0.;28139
Canarana;2022;Secretaria Municipal de Saúde e Saneamento;Transferências provenientes do Governo Federal destinadas ao vencimento dos agentes comunitários de saúde e dos agentes de combate às endemias;709645
Canarana;2022;Secretaria Municipal de Saúde e Saneamento;Transferências Fundo a Fundo de Recursos do SUS provenientes do Governo Estadual;2970380
Canarana;2022;Secretaria Municipal de Saúde e Saneamento;Transferências do Governo Federal referentes a Convênios e Instrumentos Congêneres vinculados à Saúde;284900
Canarana;2022;Secretaria Municipal de Saúde e Saneamento;Outras Transferências de Convênios ou Instrumentos Congêneres da União;932453
Canarana;2022;Secretaria Municipal de Saúde e Saneamento;Transferências da União Referentes a Compensações Financeiras pela Exploração de Recursos Naturais;459361
Canarana;2022;Secretaria Mun. de Assistência Social;Recursos não Vinculados de Impostos;5998141
Canarana;2022;Secretaria Mun. de Assistência Social;Transferência de Recursos do Fundo Nacional de Assistência Social - FNAS;217880
Canarana;2022;Secretaria Mun. de Assistência Social;Transferência de Recursos dos Fundos Estaduais de Assistência Social;5755
Canarana;2022;Secretaria Mun. de Assistência Social;Outros Recursos Vinculados à Assistência Social;6362
Canarana;2022;Secretaria Mun. de Assistência Social;Outras Transferências de Convênios ou Instrumentos Congêneres dos Estados;2850
Canarana;2022;Secretaria Mun. de Assistência Social;Transferências da União Referentes a Compensações Financeiras pela Exploração de Recursos Naturais;36282
Canarana;2022;Secretaria Mun. Desenvol. Sócioeconômico e Turisti;Recursos não Vinculados de Impostos;1941589
Canarana;2022;Secretaria Mun. Desenvol. Sócioeconômico e Turisti;Outras Transferências de Convênios ou Instrumentos Congêneres dos Estados;819
Canarana;2022;Secretaria Mun. de Administração e Serviços Gerais;Recursos não Vinculados de Impostos;5121170
Canarana;2022;Secretaria Municipal de Obras, Estradas e Rodagens;Recursos da Contribuição de Intervenção no Domínio Econômico - CIDE;73025
Canarana;2022;Secretaria Municipal de Obras, Estradas e Rodagens;Recursos da Contribuição para o Custeio do Serviço de Iluminação Pública - COSIP;2114735
Canarana;2022;Secretaria Municipal de Obras, Estradas e Rodagens;Recursos Vinculados a Fundos;2565625
Canarana;2022;Secretaria Municipal de Obras, Estradas e Rodagens;Recursos não Vinculados de Impostos;27080141
Canarana;2022;Secretaria Municipal de Obras, Estradas e Rodagens;Outras Transferências de Convênios ou Instrumentos Congêneres da União;819373
Canarana;2022;Secretaria Municipal de Obras, Estradas e Rodagens;Outras Transferências de Convênios ou Instrumentos Congêneres dos Estados;3092320
Canarana;2022;Secretaria Municipal de Obras, Estradas e Rodagens;Transferências da União Referentes a Compensações Financeiras pela Exploração de Recursos Naturais;68068
Canarana;2022;Secretaria Mun. de Agricultura e Meio Ambeinte;Recursos não Vinculados de Impostos;3237772
Canarana;2022;Secretaria de Gestão Governamental;Recursos não Vinculados de Impostos;3546696
Canarana;2022;Secretaria de Gestão Governamental;Transferências da União Referentes a Compensações Financeiras pela Exploração de Recursos Naturais;44824
Canarana;2022;Prevican-fundo Mun. Prev. Serv. Canarana;Recursos Vinculados ao RPPS - Fundo em Capitalização (Plano Previdenciário);6895868
Canarana;2022;Prevican-fundo Mun. Prev. Serv. Canarana;Recursos Vinculados ao RPPS - Taxa de Administração;471081
Canarana;2022;Secretaria Municipal de Juventude Esportes e Lazer;Recursos não Vinculados de Impostos;4306231
Canarana;2022;Secretaria Municipal de Juventude Esportes e Lazer;Outras Transferências de Convênios ou Instrumentos Congêneres dos Estados;80325
Canarana;2022;Secretaria Municipal de Juventude Esportes e Lazer;Transferências da União Referentes a Compensações Financeiras pela Exploração de Recursos Naturais;18050
Canarana;2023;Camara Municipal;Recursos não Vinculados de Impostos;4737437
Canarana;2023;Secretaria Municipal de Educação e Cultura;Recursos Vinculados a Fundos;243248
Canarana;2023;Secretaria Municipal de Educação e Cultura;Recursos não Vinculados de Impostos;29801011
Canarana;2023;Secretaria Municipal de Educação e Cultura;Transferências do FUNDEB Impostos e Transferências de Impostos;23266324
Canarana;2023;Secretaria Municipal de Educação e Cultura;Transferência do Salário Educação;949069
Canarana;2023;Secretaria Municipal de Educação e Cultura;Transferências de Recursos do FNDE referentes ao Programa Nacional de Alimentação Escolar (PNAE);424769
Canarana;2023;Secretaria Municipal de Educação e Cultura;Transferências de Recursos do FNDE Referentes ao Programa Nacional de Apoio ao Transporte Escolar (PNATE);150680
Canarana;2023;Secretaria Municipal de Educação e Cultura;Transferências do Estado referentes a Convênios e Instrumentos Congêneres vinculados à Educação;758631
Canarana;2023;Secretaria Municipal de Educação e Cultura;Outras Transferências de Convênios ou Instrumentos Congêneres dos Estados;56821
Canarana;2023;Secretaria Municipal de Finanças;Recursos não Vinculados de Impostos;16216502
Canarana;2023;Secretaria Municipal de Saúde e Saneamento;Recursos não Vinculados de Impostos;38635683
Canarana;2023;Secretaria Municipal de Saúde e Saneamento;Transferências Fundo a Fundo de Recursos do SUS provenientes do Governo Federal - Bloco  de Manutenção das Ações e Serviços Públicos de Saúde;9695884
Canarana;2023;Secretaria Municipal de Saúde e Saneamento;Transferências Fundo a Fundo de Recursos do SUS provenientes do Governo Federal - Bloco  de Estruturação da Rede de Serviços Públicos de Saúde;7692
Canarana;2023;Secretaria Municipal de Saúde e Saneamento;Transferências provenientes do Governo Federal destinadas ao vencimento dos agentes comunitários de saúde e dos agentes de combate às endemias;2024453
Canarana;2023;Secretaria Municipal de Saúde e Saneamento;Transferências Fundo a Fundo de Recursos do SUS provenientes do Governo Estadual;2208341
Canarana;2023;Secretaria Municipal de Saúde e Saneamento;Transferências do Governo Federal referentes a Convênios e Instrumentos Congêneres vinculados à Saúde;662747
Canarana;2023;Secretaria Municipal de Saúde e Saneamento;Outras Transferências de Convênios ou Instrumentos Congêneres da União;149309
Canarana;2023;Secretaria Municipal de Esportes e Lazer;Recursos não Vinculados de Impostos;3249450
Canarana;2023;Secretaria Municipal de Esportes e Lazer;Outras Transferências de Convênios ou Instrumentos Congêneres da União;22
Canarana;2023;Secretaria Municipal de Esportes e Lazer;Outras Transferências de Convênios ou Instrumentos Congêneres dos Estados;504807
Canarana;2023;Secretaria Mun. de Assistência Social;Recursos não Vinculados de Impostos;6428455
Canarana;2023;Secretaria Mun. de Assistência Social;Transferência de Recursos do Fundo Nacional de Assistência Social - FNAS;262040
Canarana;2023;Secretaria Mun. de Assistência Social;Transferência de Recursos dos Fundos Estaduais de Assistência Social;21494
Canarana;2023;Secretaria Mun. de Assistência Social;Outros Recursos Vinculados à Assistência Social;43401
Canarana;2023;Secretaria Mun. de Assistência Social;Outras Transferências de Convênios ou Instrumentos Congêneres dos Estados;15210
Canarana;2023;Secretaria Mun. Desenvol. Sócioeconômico e Turisti;Recursos não Vinculados de Impostos;1975670
Canarana;2023;Secretaria Mun. Desenvol. Sócioeconômico e Turisti;Outras Transferências de Convênios ou Instrumentos Congêneres dos Estados;278537
Canarana;2023;Secretaria Mun. de Administração e Serviços Gerais;Recursos não Vinculados de Impostos;6225969
Canarana;2023;Secretaria Municipal de Obras, Estradas e Rodagens;Recursos da Contribuição de Intervenção no Domínio Econômico - CIDE;88
Canarana;2023;Secretaria Municipal de Obras, Estradas e Rodagens;Recursos da Contribuição para o Custeio do Serviço de Iluminação Pública - COSIP;2494035
Canarana;2023;Secretaria Municipal de Obras, Estradas e Rodagens;Recursos de Operações de Crédito;353058
Canarana;2023;Secretaria Municipal de Obras, Estradas e Rodagens;Recursos Vinculados a Fundos;3207018
Canarana;2023;Secretaria Municipal de Obras, Estradas e Rodagens;Recursos não Vinculados de Impostos;27003993
Canarana;2023;Secretaria Municipal de Obras, Estradas e Rodagens;Outras Transferências de Convênios ou Instrumentos Congêneres da União;16964689
Canarana;2023;Secretaria Municipal de Obras, Estradas e Rodagens;Outras Transferências de Convênios ou Instrumentos Congêneres dos Estados;13449903
Canarana;2023;Secretaria Mun. de Agricultura e Meio Ambeinte;Recursos não Vinculados de Impostos;2591075
Canarana;2023;Secretaria Mun. de Agricultura e Meio Ambeinte;Outras Transferências de Convênios ou Instrumentos Congêneres dos Estados;437693
Canarana;2023;Secretaria de Gestão Governamental;Recursos não Vinculados de Impostos;3710393
Canarana;2023;Prevican-fundo Mun. Prev. Serv. Canarana;Recursos Vinculados ao RPPS - Fundo em Capitalização (Plano Previdenciário);7308387
Canarana;2023;Prevican-fundo Mun. Prev. Serv. Canarana;Recursos Vinculados ao RPPS - Taxa de Administração;520829
Canarana;2024;Camara Municipal;Recursos não Vinculados de Impostos;5062879
Canarana;2024;Secretaria Municipal de Educação e Cultura;Transferências Destinadas ao Setor Cultural - LC nº 195/2022 - Art. 5º Audiovisual;107550
Canarana;2024;Secretaria Municipal de Educação e Cultura;Transferências Destinadas ao Setor cultural - LC nº 195/2022 - Art. 8º Demais Setores da Cultura;55378
Canarana;2024;Secretaria Municipal de Educação e Cultura;Recursos Vinculados a Fundos;388074
Canarana;2024;Secretaria Municipal de Educação e Cultura;Recursos não Vinculados de Impostos;30455235
Canarana;2024;Secretaria Municipal de Educação e Cultura;Transferências do FUNDEB Impostos e Transferências de Impostos;28383000
Canarana;2024;Secretaria Municipal de Educação e Cultura;Transferência do Salário Educação;1527039
Canarana;2024;Secretaria Municipal de Educação e Cultura;Transferências de Recursos do FNDE referentes ao Programa Nacional de Alimentação Escolar (PNAE);456352
Canarana;2024;Secretaria Municipal de Educação e Cultura;Transferências de Recursos do FNDE Referentes ao Programa Nacional de Apoio ao Transporte Escolar (PNATE);184575
Canarana;2024;Secretaria Municipal de Educação e Cultura;Outras Transferências de Recursos do FNDE;62764
Canarana;2024;Secretaria Municipal de Educação e Cultura;Transferências do Governo Federal referentes a Convênios e Instrumentos Congêneres vinculados à Educação;37
Canarana;2024;Secretaria Municipal de Educação e Cultura;Transferências do Estado referentes a Convênios e Instrumentos Congêneres vinculados à Educação;4962638
Canarana;2024;Secretaria Municipal de Educação e Cultura;Outras Transferências de Convênios ou Instrumentos Congêneres da União;37
Canarana;2024;Secretaria Municipal de Educação e Cultura;Outras Transferências de Convênios ou Instrumentos Congêneres dos Estados;62976
Canarana;2024;Secretaria Municipal de Finanças;Recursos de Alienação de Bens/Ativos - Administração Direta;3619
Canarana;2024;Secretaria Municipal de Finanças;Recursos não Vinculados de Impostos;15627993
Canarana;2024;Secretaria Municipal de Saúde e Saneamento;Recursos não Vinculados de Impostos;42511897
Canarana;2024;Secretaria Municipal de Saúde e Saneamento;Transferências Fundo a Fundo de Recursos do SUS provenientes do Governo Federal - Bloco  de Manutenção das Ações e Serviços Públicos de Saúde;8432329
Canarana;2024;Secretaria Municipal de Saúde e Saneamento;Assistência financeira da União destinada à complementação ao pagamento dos pisos salariais para profissionais da enfermagem;31462
Canarana;2024;Secretaria Municipal de Saúde e Saneamento;Transferências provenientes do Governo Federal destinadas ao vencimento dos agentes comunitários de saúde e dos agentes de combate às endemias;2198768
Canarana;2024;Secretaria Municipal de Saúde e Saneamento;Transferências Fundo a Fundo de Recursos do SUS provenientes do Governo Estadual;30086828
Canarana;2024;Secretaria Municipal de Saúde e Saneamento;Transferências do Governo Federal referentes a Convênios e Instrumentos Congêneres vinculados à Saúde;357943
Canarana;2024;Secretaria Municipal de Saúde e Saneamento;Outras Transferências de Convênios ou Instrumentos Congêneres da União;349638
Canarana;2024;Secretaria Municipal de Esportes e Lazer;Recursos não Vinculados de Impostos;5807636
Canarana;2024;Secretaria Municipal de Esportes e Lazer;Outras Transferências de Convênios ou Instrumentos Congêneres dos Estados;444350
Canarana;2024;Secretaria Mun. de Assistência Social;Recursos não Vinculados de Impostos;7437733
Canarana;2024;Secretaria Mun. de Assistência Social;Transferência de Recursos do Fundo Nacional de Assistência Social - FNAS;488887
Canarana;2024;Secretaria Mun. de Assistência Social;Transferência de Recursos dos Fundos Estaduais de Assistência Social;76308
Canarana;2024;Secretaria Mun. de Assistência Social;Outros Recursos Vinculados à Assistência Social;71638
Canarana;2024;Secretaria Mun. de Assistência Social;Outras Transferências de Convênios ou Instrumentos Congêneres da União;1000000
Canarana;2024;Secretaria Mun. de Assistência Social;Outras Transferências de Convênios ou Instrumentos Congêneres dos Estados;4942890
Canarana;2024;Secretaria Mun. Desenvol. Sócioeconômico e Turisti;Recursos não Vinculados de Impostos;4675341
Canarana;2024;Secretaria Mun. Desenvol. Sócioeconômico e Turisti;Outras Transferências de Convênios ou Instrumentos Congêneres dos Estados;601014
Canarana;2024;Secretaria Mun. de Administração e Serviços Gerais;Recursos não Vinculados de Impostos;7031266
Canarana;2024;Secretaria Municipal de Obras, Estradas e Rodagens;Recursos da Contribuição de Intervenção no Domínio Econômico - CIDE;84876
Canarana;2024;Secretaria Municipal de Obras, Estradas e Rodagens;Recursos da Contribuição para o Custeio do Serviço de Iluminação Pública - COSIP;3647246
Canarana;2024;Secretaria Municipal de Obras, Estradas e Rodagens;Recursos de Alienação de Bens/Ativos - Administração Direta;6192353
Canarana;2024;Secretaria Municipal de Obras, Estradas e Rodagens;Recursos Vinculados a Fundos;3153364
Canarana;2024;Secretaria Municipal de Obras, Estradas e Rodagens;Recursos não Vinculados de Impostos;23839694
Canarana;2024;Secretaria Municipal de Obras, Estradas e Rodagens;Outras Transferências de Convênios ou Instrumentos Congêneres da União;8839525
Canarana;2024;Secretaria Municipal de Obras, Estradas e Rodagens;Outras Transferências de Convênios ou Instrumentos Congêneres dos Estados;2753024
Canarana;2024;Secretaria Mun. de Agricultura e Meio Ambeinte;Recursos não Vinculados de Impostos;3127659
Canarana;2024;Secretaria Mun. de Agricultura e Meio Ambeinte;Outras Transferências de Convênios ou Instrumentos Congêneres da União;594900
Canarana;2024;Secretaria Mun. de Agricultura e Meio Ambeinte;Outras Transferências de Convênios ou Instrumentos Congêneres dos Estados;499435
Canarana;2024;Secretaria de Gestão Governamental;Recursos não Vinculados de Impostos;4610044
Canarana;2024;Prevican-fundo Mun. Prev. Serv. Canarana;Recursos Vinculados ao RPPS - Fundo em Capitalização (Plano Previdenciário);8528881
Canarana;2024;Prevican-fundo Mun. Prev. Serv. Canarana;Recursos Vinculados ao RPPS - Taxa de Administração;527683
Canarana;2025;Camara Municipal;Recursos não Vinculados de Impostos;6958755
Canarana;2025;Secretaria Municipal de Educação e Cultura;Recursos Vinculados a Fundos;55370
Canarana;2025;Secretaria Municipal de Educação e Cultura;Recursos não Vinculados de Impostos;23390953
Canarana;2025;Secretaria Municipal de Educação e Cultura;Transferências do FUNDEB Impostos e Transferências de Impostos;39634969
Canarana;2025;Secretaria Municipal de Educação e Cultura;Transferência do Salário Educação;1364952
Canarana;2025;Secretaria Municipal de Educação e Cultura;Transferências de Recursos do FNDE referentes ao Programa Nacional de Alimentação Escolar (PNAE);551439
Canarana;2025;Secretaria Municipal de Educação e Cultura;Transferências de Recursos do FNDE Referentes ao Programa Nacional de Apoio ao Transporte Escolar (PNATE);175288
Canarana;2025;Secretaria Municipal de Educação e Cultura;Transferências do Estado referentes a Convênios e Instrumentos Congêneres vinculados à Educação;4908286
Canarana;2025;Secretaria Municipal de Educação e Cultura;Outras Transferências de Convênios ou Instrumentos Congêneres dos Estados;800939
Canarana;2025;Secretaria Municipal de Educação e Cultura;Transferências da Política Nacional Aldir Blanc de Fomento à Cultura - Lei nº 14.399/2022;182675
Canarana;2025;Secretaria Municipal de Finanças;Recursos não Vinculados de Impostos;13764184
Canarana;2025;Secretaria Municipal de Saúde e Saneamento;Recursos não Vinculados de Impostos;44381544
Canarana;2025;Secretaria Municipal de Saúde e Saneamento;Transferências Fundo a Fundo de Recursos do SUS provenientes do Governo Federal - Bloco  de Manutenção das Ações e Serviços Públicos de Saúde;11433232
Canarana;2025;Secretaria Municipal de Saúde e Saneamento;Transferências Fundo a Fundo de Recursos do SUS provenientes do Governo Estadual;5353898
Canarana;2025;Secretaria Municipal de Saúde e Saneamento;Transferências do Governo Federal referentes a Convênios e Instrumentos Congêneres vinculados à Saúde;3069
Canarana;2025;Secretaria Municipal de Saúde e Saneamento;Outras Transferências de Convênios ou Instrumentos Congêneres da União;578687
Canarana;2025;Secretaria Municipal de Esportes e Lazer;Recursos não Vinculados de Impostos;3037914
Canarana;2025;Secretaria Municipal de Esportes e Lazer;Outras Transferências de Convênios ou Instrumentos Congêneres da União;149484
Canarana;2025;Secretaria Municipal de Esportes e Lazer;Outras Transferências de Convênios ou Instrumentos Congêneres dos Estados;359417
Canarana;2025;Secretaria Mun. de Assistência Social;Recursos não Vinculados de Impostos;5088675
Canarana;2025;Secretaria Mun. de Assistência Social;Transferência de Recursos do Fundo Nacional de Assistência Social - FNAS;271048
Canarana;2025;Secretaria Mun. de Assistência Social;Outros Recursos Vinculados à Assistência Social;46278
Canarana;2025;Secretaria Mun. Desenvol. Sócioeconômico e Turisti;Recursos não Vinculados de Impostos;1223935
Canarana;2025;Secretaria Mun. Desenvol. Sócioeconômico e Turisti;Outras Transferências de Convênios ou Instrumentos Congêneres dos Estados;27905
Canarana;2025;Secretaria Mun. de Administração e Serviços Gerais;Recursos não Vinculados de Impostos;6336462
Canarana;2025;Secretaria Municipal de Obras, Estradas e Rodagens;Recursos da Contribuição de Intervenção no Domínio Econômico - CIDE;84105
Canarana;2025;Secretaria Municipal de Obras, Estradas e Rodagens;Recursos da Contribuição para o Custeio do Serviço de Iluminação Pública - COSIP;2572309
Canarana;2025;Secretaria Municipal de Obras, Estradas e Rodagens;Recursos de Operações de Crédito;19000000
Canarana;2025;Secretaria Municipal de Obras, Estradas e Rodagens;Recursos de Alienação de Bens/Ativos - Administração Direta;250875
Canarana;2025;Secretaria Municipal de Obras, Estradas e Rodagens;Recursos Vinculados a Fundos;1662654
Canarana;2025;Secretaria Municipal de Obras, Estradas e Rodagens;Recursos não Vinculados de Impostos;33610450
Canarana;2025;Secretaria Municipal de Obras, Estradas e Rodagens;Outras Transferências de Convênios ou Instrumentos Congêneres da União;6274
Canarana;2025;Secretaria Municipal de Obras, Estradas e Rodagens;Outras Transferências de Convênios ou Instrumentos Congêneres dos Estados;1471721
Canarana;2025;Secretaria Mun. de Agricultura e Meio Ambeinte;Recursos não Vinculados de Impostos;3209349
Canarana;2025;Secretaria Mun. de Agricultura e Meio Ambeinte;Outras Transferências de Convênios ou Instrumentos Congêneres da União;214700
Canarana;2025;Secretaria de Gestão Governamental;Recursos não Vinculados de Impostos;4373284
Canarana;2025;Prevican-fundo Mun. Prev. Serv. Canarana;Recursos Vinculados ao RPPS - Fundo em Capitalização (Plano Previdenciário);9633876
Canarana;2025;Prevican-fundo Mun. Prev. Serv. Canarana;Recursos Vinculados ao RPPS - Taxa de Administração;830298
Canarana;2026;Câmara Municipal;Recursos não Vinculados de Impostos;5465613
Canarana;2026;Secretaria Municipal de Educação e Cultura;Recursos não Vinculados de Impostos;17211777
Canarana;2026;Secretaria Municipal de Educação e Cultura;Transferências do FUNDEB Impostos e Transferências de Impostos;28755891
Canarana;2026;Secretaria Municipal de Educação e Cultura;Transferência do Salário Educação;2611689
Canarana;2026;Secretaria Municipal de Educação e Cultura;Transferências de Recursos do FNDE referentes ao Programa Nacional de Alimentação Escolar (PNAE);408578
Canarana;2026;Secretaria Municipal de Educação e Cultura;Transferências de Recursos do FNDE Referentes ao Programa Nacional de Apoio ao Transporte Escolar (PNATE);97696
Canarana;2026;Secretaria Municipal de Educação e Cultura;Transferências do Governo Federal referentes a Convênios e Instrumentos Congêneres vinculados à Educação;970313
Canarana;2026;Secretaria Municipal de Educação e Cultura;Transferências do Estado referentes a Convênios e Instrumentos Congêneres vinculados à Educação;742749
Canarana;2026;Secretaria Municipal de Educação e Cultura;Transferências de Recursos dos Estados para programas de educação;324147
Canarana;2026;Secretaria Municipal de Educação e Cultura;Outras Transferências de Convênios ou Instrumentos Congêneres dos Estados;6167
Canarana;2026;Secretaria Municipal de Educação e Cultura;Transferências da Política Nacional Aldir Blanc de Fomento à Cultura - Lei nº 14.399/2022;93024
Canarana;2026;Secretaria Municipal de Finanças;Recursos não Vinculados de Impostos;12275482
Canarana;2026;Secretaria Municipal de Saúde e Saneamento;Recursos não Vinculados de Impostos;29460114
Canarana;2026;Secretaria Municipal de Saúde e Saneamento;Transferências Fundo a Fundo de Recursos do SUS provenientes do Governo Federal - Bloco  de Manutenção das Ações e Serviços Públicos de Saúde;9664585
Canarana;2026;Secretaria Municipal de Saúde e Saneamento;Transferências Fundo a Fundo de Recursos do SUS provenientes do Governo Federal - Bloco  de Estruturação da Rede de Serviços Públicos de Saúde;21440
Canarana;2026;Secretaria Municipal de Saúde e Saneamento;Transferências provenientes do Governo Federal destinadas ao vencimento dos agentes comunitários de saúde e dos agentes de combate às endemias;956583
Canarana;2026;Secretaria Municipal de Saúde e Saneamento;Transferências Fundo a Fundo de Recursos do SUS provenientes do Governo Estadual;13812614
Canarana;2026;Secretaria Municipal de Saúde e Saneamento;Transferências do Governo Federal referentes a Convênios e Instrumentos Congêneres vinculados à Saúde;304600
Canarana;2026;Secretaria Municipal de Saúde e Saneamento;Outras Transferências de Convênios ou Instrumentos Congêneres da União;24437
Canarana;2026;Secretaria Municipal de Esportes e Lazer;Recursos não Vinculados de Impostos;3634051
Canarana;2026;Secretaria Municipal de Esportes e Lazer;Outras Transferências de Convênios ou Instrumentos Congêneres dos Estados;474980
Canarana;2026;Secretaria Mun. de Assistência Social;Recursos de Alienação de Bens/Ativos - Administração Direta;1000000
Canarana;2026;Secretaria Mun. de Assistência Social;Recursos não Vinculados de Impostos;3925869
Canarana;2026;Secretaria Mun. de Assistência Social;Transferência de Recursos do Fundo Nacional de Assistência Social - FNAS;227530
Canarana;2026;Secretaria Mun. de Assistência Social;Transferência de Recursos dos Fundos Estaduais de Assistência Social;137216
Canarana;2026;Secretaria Mun. de Assistência Social;Outros Recursos Vinculados à Assistência Social;33549
Canarana;2026;Secretaria Mun. Desenvol. Sócioeconômico e Turisti;Recursos não Vinculados de Impostos;2514204
Canarana;2026;Secretaria Mun. de Administração e Serviços Gerais;Recursos não Vinculados de Impostos;4920951
Canarana;2026;Secretaria Municipal de Obras, Estradas e Rodagens;Recursos da Contribuição de Intervenção no Domínio Econômico - CIDE;593
Canarana;2026;Secretaria Municipal de Obras, Estradas e Rodagens;Recursos da Contribuição para o Custeio do Serviço de Iluminação Pública - COSIP;1715877
Canarana;2026;Secretaria Municipal de Obras, Estradas e Rodagens;Recursos de Operações de Crédito;216932
Canarana;2026;Secretaria Municipal de Obras, Estradas e Rodagens;Recursos Vinculados a Fundos;1002468
Canarana;2026;Secretaria Municipal de Obras, Estradas e Rodagens;Recursos não Vinculados de Impostos;18428907
Canarana;2026;Secretaria Municipal de Obras, Estradas e Rodagens;Outras Transferências de Convênios ou Instrumentos Congêneres da União;263185
Canarana;2026;Secretaria Municipal de Obras, Estradas e Rodagens;Outras Transferências de Convênios ou Instrumentos Congêneres dos Estados;134906
Canarana;2026;Secretaria Mun. de Agricultura e Meio Ambeinte;Recursos não Vinculados de Impostos;2503780
Canarana;2026;Secretaria de Gestão Governamental;Recursos não Vinculados de Impostos;4285143
Canarana;2026;Prevican-funco Mun.prev. Serv. Canarana;Recursos Vinculados ao RPPS - Fundo em Capitalização (Plano Previdenciário);6979228
Canarana;2026;Prevican-funco Mun.prev. Serv. Canarana;Recursos Vinculados ao RPPS - Taxa de Administração;568262
Ribeirão Cascalheira;2021;Gabinete do Prefeito;Recursos Ordinários;1636807
Ribeirão Cascalheira;2021;Camara Municipal;Recursos Ordinários;1531456
Ribeirão Cascalheira;2021;Secretaria Municipal de Assistencia Social;Transferência de Recursos do Fundo Nacional de Assistência Social – FNAS;334640
Ribeirão Cascalheira;2021;Secretaria Municipal de Assistencia Social;Recursos Ordinários;826745
Ribeirão Cascalheira;2021;Secretaria Municipal de Assistencia Social;Transferência de recursos do Estado para ações de Assistência Social;256
Ribeirão Cascalheira;2021;Secretaria Municipal de Saude;Receitas de Impostos e de Transferência de Impostos - Saúde;7264180
Ribeirão Cascalheira;2021;Secretaria Municipal de Saude;Recursos Ordinários;1181127
Ribeirão Cascalheira;2021;Secretaria Municipal de Saude;Transferência de Recursos do Sistema Único de Saúde – SUS – Estado;1665792
Ribeirão Cascalheira;2021;Secretaria Municipal de Saude;Demais Recursos Vinculados Destinados à Saúde;626
Ribeirão Cascalheira;2021;Secretaria Municipal de Saude;Transferências Fundo a Fundo de Recursos do SUS provenientes do Governo Federal - Bloco de Manutenção das Ações e Serviços Públicos de Saúde;2716852
Ribeirão Cascalheira;2021;Secretaria Municipal de Saude;Transferências Fundo a Fundo de Recursos do SUS provenientes do Governo Federal - Bloco de Estruturação da Rede de Serviços Públicos de Saúde;27062
Ribeirão Cascalheira;2021;Secretaria Municipal de Infra Estrutura;Recursos provenientes do Fundo de Transporte e Habitação – FETHAB;2564619
Ribeirão Cascalheira;2021;Secretaria Municipal de Infra Estrutura;Recursos Ordinários;5814645
Ribeirão Cascalheira;2021;Secretaria Municipal de Administração;Recursos Ordinários;4189797
Ribeirão Cascalheira;2021;Secretaria Municipal de Agricultura;Recursos Ordinários;750729
Ribeirão Cascalheira;2021;Secretaria Municipal de Agricultura;Outras Transferências de Convênios ou Contratos de Repasse da União (não relacionados à educação/saúde/assistência social);234834
Ribeirão Cascalheira;2021;Secretaria Municipal de Finanças;Recursos Ordinários;2963437
Ribeirão Cascalheira;2021;Secretaria Municipal de Educação;Receitas de Impostos e de Transferência de Impostos - Educação;1254730
Ribeirão Cascalheira;2021;Secretaria Municipal de Educação;Transferência de Recursos do Fundo Nacional do Desenvolvimento da Educação - FNDE;723629
Ribeirão Cascalheira;2021;Secretaria Municipal de Educação;Transferências do FUNDEB - (aplicação na remuneração dos profissionais do Magistério em efetivo exercício na Educação Básica);4248221
Ribeirão Cascalheira;2021;Secretaria Municipal de Educação;Transferências do FUNDEB - (aplicação em outras despesas da Educação Básica);3818916
Ribeirão Cascalheira;2021;Secretaria Municipal de Educação;Recursos provenientes do Fundo de Transporte e Habitação – FETHAB;148011
Ribeirão Cascalheira;2021;Secretaria Municipal de Educação;Recursos Ordinários;1028255
Ribeirão Cascalheira;2021;Secretaria Municipal de Cultura, Desporto e Lazer;Recursos Ordinários;242097
Ribeirão Cascalheira;2021;Secretaria Municipal de Meio Ambiante e Turismo;Recursos Ordinários;235190
Ribeirão Cascalheira;2021;Secretaria Municipal de Transito;Recursos Ordinários;143442
Ribeirão Cascalheira;2021;Fundo Mun Prev Social Serv Publico de Ribeirao Cas;Recursos do Regime Próprio de Previdência (RPPS);2338535
Ribeirão Cascalheira;2021;Fundo Mun Prev Social Serv Publico de Ribeirao Cas;Recursos da Taxa de Administração;115106
Ribeirão Cascalheira;2022;Gabinete do Prefeito;Recursos não Vinculados de Impostos;3125709
Ribeirão Cascalheira;2022;Camara Municipal;Recursos não Vinculados de Impostos;2439406
Ribeirão Cascalheira;2022;Secretaria Municipal de Assistencia Social;Recursos não Vinculados de Impostos;1739376
Ribeirão Cascalheira;2022;Secretaria Municipal de Assistencia Social;Transferência de Recursos do Fundo Nacional de Assistência Social - FNAS;171138
Ribeirão Cascalheira;2022;Secretaria Municipal de Assistencia Social;Transferência de Recursos dos Fundos Estaduais de Assistência Social;24898
Ribeirão Cascalheira;2022;Secretaria Municipal de Saude;Recursos não Vinculados de Impostos;11233927
Ribeirão Cascalheira;2022;Secretaria Municipal de Saude;Transferências Fundo a Fundo de Recursos do SUS provenientes do Governo Federal - Bloco  de Manutenção das Ações e Serviços Públicos de Saúde;3152509
Ribeirão Cascalheira;2022;Secretaria Municipal de Saude;Transferências Fundo a Fundo de Recursos do SUS provenientes do Governo Federal - Bloco  de Estruturação da Rede de Serviços Públicos de Saúde;152986
Ribeirão Cascalheira;2022;Secretaria Municipal de Saude;Transferências Fundo a Fundo de Recursos do SUS provenientes do Governo Estadual;2528449
Ribeirão Cascalheira;2022;Secretaria Municipal de Infra Estrutura;Recursos Vinculados a Fundos;2510686
Ribeirão Cascalheira;2022;Secretaria Municipal de Infra Estrutura;Recursos não Vinculados de Impostos;9922990
Ribeirão Cascalheira;2022;Secretaria Municipal de Administração;Recursos não Vinculados de Impostos;5296433
Ribeirão Cascalheira;2022;Secretaria Municipal de Agricultura;Recursos não Vinculados de Impostos;636249
Ribeirão Cascalheira;2022;Secretaria Municipal de Agricultura;Outras Transferências de Convênios ou Instrumentos Congêneres da União;160000
Ribeirão Cascalheira;2022;Secretaria Municipal de Finanças;Recursos não Vinculados de Impostos;3507425
Ribeirão Cascalheira;2022;Secretaria Municipal de Educação;Recursos Vinculados a Fundos;122482
Ribeirão Cascalheira;2022;Secretaria Municipal de Educação;Recursos não Vinculados de Impostos;4927773
Ribeirão Cascalheira;2022;Secretaria Municipal de Educação;Transferências do FUNDEB Impostos e Transferências de Impostos;13492349
Ribeirão Cascalheira;2022;Secretaria Municipal de Educação;Transferência do Salário Educação;349292
Ribeirão Cascalheira;2022;Secretaria Municipal de Educação;Transferências de Recursos do FNDE Referentes ao Programa Nacional de Apoio ao Transporte Escolar (PNATE);51967
Ribeirão Cascalheira;2022;Secretaria Municipal de Educação;Outras Transferências de Recursos do FNDE;294786
Ribeirão Cascalheira;2022;Secretaria Municipal de Educação;Outras Transferências de Convênios ou Instrumentos Congêneres da União;150000
Ribeirão Cascalheira;2022;Secretaria Municipal de Educação;Outras Transferências de Convênios ou Instrumentos Congêneres dos Estados;250000
Ribeirão Cascalheira;2022;Secretaria Municipal de Cultura, Desporto e Lazer;Recursos não Vinculados de Impostos;877355
Ribeirão Cascalheira;2022;Secretaria Municipal de Meio Ambiante e Turismo;Recursos não Vinculados de Impostos;603813
Ribeirão Cascalheira;2022;Secretaria Municipal de Transito;Recursos não Vinculados de Impostos;290035
Ribeirão Cascalheira;2022;Fundo Mun Prev Social Serv Publico de Ribeirao Cas;Recursos Vinculados ao RPPS - Fundo em Capitalização (Plano Previdenciário);3621478
Ribeirão Cascalheira;2022;Fundo Mun Prev Social Serv Publico de Ribeirao Cas;Recursos Vinculados ao RPPS - Taxa de Administração;250272
Ribeirão Cascalheira;2023;Gabinete do Prefeito;Recursos não Vinculados de Impostos;2434216
Ribeirão Cascalheira;2023;Camara Municipal;Recursos não Vinculados de Impostos;3013919
Ribeirão Cascalheira;2023;Secretaria Municipal de Saude;Recursos não Vinculados de Impostos;11467743
Ribeirão Cascalheira;2023;Secretaria Municipal de Saude;Transferências Fundo a Fundo de Recursos do SUS provenientes do Governo Federal - Bloco  de Manutenção das Ações e Serviços Públicos de Saúde;3480673
Ribeirão Cascalheira;2023;Secretaria Municipal de Saude;Assistência financeira da União destinada à complementação ao pagamento dos pisos salariais para profissionais da enfermagem;67941
Ribeirão Cascalheira;2023;Secretaria Municipal de Saude;Transferências Fundo a Fundo de Recursos do SUS provenientes do Governo Estadual;628812
Ribeirão Cascalheira;2023;Secretaria Municipal de Saude;Transferências do Governo Federal referentes a Convênios e Instrumentos Congêneres vinculados à Saúde;126667
Ribeirão Cascalheira;2023;Secretaria Municipal de Saude;Outros Recursos Vinculados à Saúde;230096
Ribeirão Cascalheira;2023;Secretaria Municipal de Infra Estrutura;Recursos Vinculados a Fundos;2843087
Ribeirão Cascalheira;2023;Secretaria Municipal de Infra Estrutura;Recursos não Vinculados de Impostos;6200764
Ribeirão Cascalheira;2023;Secretaria Municipal de Infra Estrutura;Outras Transferências de Convênios ou Instrumentos Congêneres da União;1430001
Ribeirão Cascalheira;2023;Secretaria Municipal de Infra Estrutura;Outras Transferências de Convênios ou Instrumentos Congêneres dos Estados;5112657
Ribeirão Cascalheira;2023;Secretaria Municipal de Administração;Recursos não Vinculados de Impostos;4136101
Ribeirão Cascalheira;2023;Secretaria Municipal de Agricultura;Recursos não Vinculados de Impostos;563314
Ribeirão Cascalheira;2023;Secretaria Municipal de Agricultura;Transferência Especial dos Estados;148860
Ribeirão Cascalheira;2023;Secretaria de Assistência Social;Recursos não Vinculados de Impostos;1982222
Ribeirão Cascalheira;2023;Secretaria de Assistência Social;Transferência de Recursos do Fundo Nacional de Assistência Social - FNAS;189950
Ribeirão Cascalheira;2023;Secretaria de Assistência Social;Transferência de Recursos dos Fundos Estaduais de Assistência Social;414
Ribeirão Cascalheira;2023;Secretaria de Assistência Social;Transferências de Convênios e Instrumentos Congêneres vinculados à Assistência Social;350000
Ribeirão Cascalheira;2023;Secretaria Municipal de Educação;Recursos Vinculados a Fundos;158938
Ribeirão Cascalheira;2023;Secretaria Municipal de Educação;Recursos não Vinculados de Impostos;8560823
Ribeirão Cascalheira;2023;Secretaria Municipal de Educação;Transferências do FUNDEB Impostos e Transferências de Impostos;13818763
Ribeirão Cascalheira;2023;Secretaria Municipal de Educação;Transferência do Salário Educação;431942
Ribeirão Cascalheira;2023;Secretaria Municipal de Educação;Transferências de Recursos do FNDE Referentes ao Programa Nacional de Apoio ao Transporte Escolar (PNATE);69646
Ribeirão Cascalheira;2023;Secretaria Municipal de Educação;Outras Transferências de Recursos do FNDE;298006
Ribeirão Cascalheira;2023;Secretaria Municipal de Educação;Transferências do Estado referentes a Convênios e Instrumentos Congêneres vinculados à Educação;938030
Ribeirão Cascalheira;2023;Secretaria de Finanças;Recursos não Vinculados de Impostos;3583992
Ribeirão Cascalheira;2023;Secretaria Municipal de Turismo;Recursos não Vinculados de Impostos;125231
Ribeirão Cascalheira;2023;Secretaria Municipal de Cultura, Desporto e Lazer;Transferências Destinadas ao Setor Cultural - LC nº 195/2022 - Art. 5º Audiovisual;75199
Ribeirão Cascalheira;2023;Secretaria Municipal de Cultura, Desporto e Lazer;Transferências Destinadas ao Setor cultural - LC nº 195/2022 - Art. 8º Demais Setores da Cultura;30462
Ribeirão Cascalheira;2023;Secretaria Municipal de Cultura, Desporto e Lazer;Recursos não Vinculados de Impostos;919088
Ribeirão Cascalheira;2023;Secretaria Municipal de Cultura, Desporto e Lazer;Transferência Especial da União;74399
Ribeirão Cascalheira;2023;Secretaria Municipal de Cultura, Desporto e Lazer;Transferência Especial dos Estados;81500
Ribeirão Cascalheira;2023;Secretaria Municipal de Transito;Recursos não Vinculados de Impostos;306273
Ribeirão Cascalheira;2023;Secretaria Municipal de Meio Ambiente;Recursos não Vinculados de Impostos;653426
Ribeirão Cascalheira;2023;Fundo Mun Prev Social Serv Publico de Ribeirao Cas;Recursos Vinculados ao RPPS - Fundo em Capitalização (Plano Previdenciário);4185425
Ribeirão Cascalheira;2023;Fundo Mun Prev Social Serv Publico de Ribeirao Cas;Recursos Vinculados ao RPPS - Taxa de Administração;291496
Ribeirão Cascalheira;2024;Gabinete do Prefeito;Recursos não Vinculados de Impostos;2560292
Ribeirão Cascalheira;2024;Camara Municipal;Recursos não Vinculados de Impostos;3588642
Ribeirão Cascalheira;2024;Secretaria Municipal de Saude;Recursos não Vinculados de Impostos;12499505
Ribeirão Cascalheira;2024;Secretaria Municipal de Saude;Transferências Fundo a Fundo de Recursos do SUS provenientes do Governo Federal - Bloco  de Manutenção das Ações e Serviços Públicos de Saúde;5241833
Ribeirão Cascalheira;2024;Secretaria Municipal de Saude;Transferências Fundo a Fundo de Recursos do SUS provenientes do Governo Estadual;4525242
Ribeirão Cascalheira;2024;Secretaria Municipal de Saude;Transferências do Estado referentes a Convênios e Instrumentos Congêneres vinculados à Saúde;5592824
Ribeirão Cascalheira;2024;Secretaria Municipal de Infra Estrutura;Recursos Vinculados a Fundos;3635019
Ribeirão Cascalheira;2024;Secretaria Municipal de Infra Estrutura;Recursos não Vinculados de Impostos;7755475
Ribeirão Cascalheira;2024;Secretaria Municipal de Infra Estrutura;Transferência de Recursos dos Fundos Estaduais de Assistência Social;2662321
Ribeirão Cascalheira;2024;Secretaria Municipal de Infra Estrutura;Outras Transferências de Convênios ou Instrumentos Congêneres da União;543145
Ribeirão Cascalheira;2024;Secretaria Municipal de Administração;Recursos não Vinculados de Impostos;6819077
Ribeirão Cascalheira;2024;Secretaria Municipal de Agricultura;Recursos não Vinculados de Impostos;627100
Ribeirão Cascalheira;2024;Secretaria de Assistência Social;Recursos não Vinculados de Impostos;1757513
Ribeirão Cascalheira;2024;Secretaria de Assistência Social;Transferência de Recursos do Fundo Nacional de Assistência Social - FNAS;117890
Ribeirão Cascalheira;2024;Secretaria de Assistência Social;Transferência de Recursos dos Fundos Estaduais de Assistência Social;32857
Ribeirão Cascalheira;2024;Secretaria Municipal de Educação;Recursos Vinculados a Fundos;546472
Ribeirão Cascalheira;2024;Secretaria Municipal de Educação;Recursos não Vinculados de Impostos;5850053
Ribeirão Cascalheira;2024;Secretaria Municipal de Educação;Transferências do FUNDEB Impostos e Transferências de Impostos;15630358
Ribeirão Cascalheira;2024;Secretaria Municipal de Educação;Transferências do FUNDEB Complementação da União VAAR;24470
Ribeirão Cascalheira;2024;Secretaria Municipal de Educação;Transferência do Salário Educação;969444
Ribeirão Cascalheira;2024;Secretaria Municipal de Educação;Transferências de Recursos do FNDE Referentes ao Programa Nacional de Apoio ao Transporte Escolar (PNATE);14699
Ribeirão Cascalheira;2024;Secretaria Municipal de Educação;Outras Transferências de Recursos do FNDE;826449
Ribeirão Cascalheira;2024;Secretaria Municipal de Educação;Transferências do Estado referentes a Convênios e Instrumentos Congêneres vinculados à Educação;1292925
Ribeirão Cascalheira;2024;Secretaria de Finanças;Recursos não Vinculados de Impostos;5122560
Ribeirão Cascalheira;2024;Secretaria Municipal de Turismo;Recursos não Vinculados de Impostos;106487
Ribeirão Cascalheira;2024;Secretaria Municipal de Cultura, Desporto e Lazer;Recursos não Vinculados de Impostos;935896
Ribeirão Cascalheira;2024;Secretaria Municipal de Transito;Recursos não Vinculados de Impostos;325489
Ribeirão Cascalheira;2024;Secretaria Municipal de Meio Ambiente;Recursos não Vinculados de Impostos;541009
Ribeirão Cascalheira;2024;Fundo Mun Prev Social Serv Publico de Ribeirao Cas;Recursos Vinculados ao RPPS - Fundo em Capitalização (Plano Previdenciário);4673628
Ribeirão Cascalheira;2024;Fundo Mun Prev Social Serv Publico de Ribeirao Cas;Recursos Vinculados ao RPPS - Taxa de Administração;387627
Ribeirão Cascalheira;2025;Gabinete do Prefeito;Recursos não Vinculados de Impostos;2487310
Ribeirão Cascalheira;2025;Camara Municipal;Recursos não Vinculados de Impostos;3623244
Ribeirão Cascalheira;2025;Secretaria Municipal de Saude;Recursos não Vinculados de Impostos;13847893
Ribeirão Cascalheira;2025;Secretaria Municipal de Saude;Transferências Fundo a Fundo de Recursos do SUS provenientes do Governo Federal - Bloco  de Manutenção das Ações e Serviços Públicos de Saúde;6346737
Ribeirão Cascalheira;2025;Secretaria Municipal de Saude;Transferências Fundo a Fundo de Recursos do SUS provenientes do Governo Federal - Bloco  de Estruturação da Rede de Serviços Públicos de Saúde;25466
Ribeirão Cascalheira;2025;Secretaria Municipal de Saude;Assistência financeira da União destinada à complementação ao pagamento dos pisos salariais para profissionais da enfermagem;200767
Ribeirão Cascalheira;2025;Secretaria Municipal de Saude;Transferências Fundo a Fundo de Recursos do SUS provenientes do Governo Estadual;2981203
Ribeirão Cascalheira;2025;Secretaria Municipal de Saude;Transferências do Estado referentes a Convênios e Instrumentos Congêneres vinculados à Saúde;825939
Ribeirão Cascalheira;2025;Secretaria Municipal de Infra Estrutura;Recursos Vinculados a Fundos;2502848
Ribeirão Cascalheira;2025;Secretaria Municipal de Infra Estrutura;Recursos não Vinculados de Impostos;8956646
Ribeirão Cascalheira;2025;Secretaria Municipal de Infra Estrutura;Transferência de Recursos dos Fundos Estaduais de Assistência Social;46832
Ribeirão Cascalheira;2025;Secretaria Municipal de Infra Estrutura;Outras Transferências de Convênios ou Instrumentos Congêneres da União;232940
Ribeirão Cascalheira;2025;Secretaria Municipal de Administração;Recursos não Vinculados de Impostos;5305556
Ribeirão Cascalheira;2025;Secretaria Municipal de Agricultura;Recursos não Vinculados de Impostos;917880
Ribeirão Cascalheira;2025;Secretaria de Assistência Social;Recursos não Vinculados de Impostos;1829876
Ribeirão Cascalheira;2025;Secretaria de Assistência Social;Transferência de Recursos do Fundo Nacional de Assistência Social - FNAS;277483
Ribeirão Cascalheira;2025;Secretaria de Assistência Social;Transferência de Recursos dos Fundos Estaduais de Assistência Social;68681
Ribeirão Cascalheira;2025;Secretaria Municipal de Educação;Recursos não Vinculados de Impostos;8007454
Ribeirão Cascalheira;2025;Secretaria Municipal de Educação;Transferências do FUNDEB Impostos e Transferências de Impostos;16295540
Ribeirão Cascalheira;2025;Secretaria Municipal de Educação;Transferências do FUNDEB Complementação da União VAAT;145220
Ribeirão Cascalheira;2025;Secretaria Municipal de Educação;Transferências do FUNDEB Complementação da União VAAR;106268
Ribeirão Cascalheira;2025;Secretaria Municipal de Educação;Transferência do Salário Educação;643985
Ribeirão Cascalheira;2025;Secretaria Municipal de Educação;Transferências de Recursos do FNDE Referentes ao Programa Nacional de Apoio ao Transporte Escolar (PNATE);85880
Ribeirão Cascalheira;2025;Secretaria Municipal de Educação;Outras Transferências de Recursos do FNDE;249778
Ribeirão Cascalheira;2025;Secretaria Municipal de Educação;Transferências do Estado referentes a Convênios e Instrumentos Congêneres vinculados à Educação;469947
Ribeirão Cascalheira;2025;Secretaria Municipal de Educação;Transferência Especial da União;26795
Ribeirão Cascalheira;2025;Secretaria de Finanças;Recursos não Vinculados de Impostos;4599003
Ribeirão Cascalheira;2025;Secretaria Municipal de Turismo;Recursos não Vinculados de Impostos;187961
Ribeirão Cascalheira;2025;Secretaria Municipal de Turismo;Outras Transferências de Convênios ou Instrumentos Congêneres dos Estados;600000
Ribeirão Cascalheira;2025;Secretaria Municipal de Cultura, Desporto e Lazer;Recursos não Vinculados de Impostos;459200
Ribeirão Cascalheira;2025;Secretaria Municipal de Cultura, Desporto e Lazer;Transferências da Política Nacional Aldir Blanc de Fomento à Cultura - Lei nº 14.399/2022;86972
Ribeirão Cascalheira;2025;Secretaria Municipal de Transito;Recursos não Vinculados de Impostos;344967
Ribeirão Cascalheira;2025;Secretaria Municipal de Meio Ambiente;Recursos não Vinculados de Impostos;1105306
Ribeirão Cascalheira;2025;Secretaria Municipal de Meio Ambiente;Outros Recursos não Vinculados;245900
Ribeirão Cascalheira;2025;Fundo Mun Prev Social Serv Publico de Ribeirao Cas;Recursos Vinculados ao RPPS - Fundo em Capitalização (Plano Previdenciário);5179471
Ribeirão Cascalheira;2025;Fundo Mun Prev Social Serv Publico de Ribeirao Cas;Recursos Vinculados ao RPPS - Taxa de Administração;410848
Ribeirão Cascalheira;2026;Gabinete do Prefeito;Recursos não Vinculados de Impostos;1217226
Ribeirão Cascalheira;2026;Camara Municipal;Recursos não Vinculados de Impostos;1797645
Ribeirão Cascalheira;2026;Secretaria Municipal de Saude;Recursos não Vinculados de Impostos;8099811
Ribeirão Cascalheira;2026;Secretaria Municipal de Saude;Transferências Fundo a Fundo de Recursos do SUS provenientes do Governo Federal - Bloco  de Manutenção das Ações e Serviços Públicos de Saúde;3016951
Ribeirão Cascalheira;2026;Secretaria Municipal de Saude;Transferências Fundo a Fundo de Recursos do SUS provenientes do Governo Federal - Bloco  de Estruturação da Rede de Serviços Públicos de Saúde;57331
Ribeirão Cascalheira;2026;Secretaria Municipal de Saude;Assistência financeira da União destinada à complementação ao pagamento dos pisos salariais para profissionais da enfermagem;54616
Ribeirão Cascalheira;2026;Secretaria Municipal de Saude;Transferências provenientes do Governo Federal destinadas ao vencimento dos agentes comunitários de saúde e dos agentes de combate às endemias;450261
Ribeirão Cascalheira;2026;Secretaria Municipal de Saude;Transferências Fundo a Fundo de Recursos do SUS provenientes do Governo Estadual;1912625
Ribeirão Cascalheira;2026;Secretaria Municipal de Saude;Outros Recursos Vinculados à Saúde;26103
Ribeirão Cascalheira;2026;Secretaria Municipal de Infra Estrutura;Recursos Vinculados a Fundos;485976
Ribeirão Cascalheira;2026;Secretaria Municipal de Infra Estrutura;Recursos não Vinculados de Impostos;6092723
Ribeirão Cascalheira;2026;Secretaria Municipal de Infra Estrutura;Outras Transferências de Convênios ou Instrumentos Congêneres dos Estados;548555
Ribeirão Cascalheira;2026;Secretaria Municipal de Administração;Recursos não Vinculados de Impostos;3272195
Ribeirão Cascalheira;2026;Secretaria Municipal de Agricultura;Recursos não Vinculados de Impostos;607699
Ribeirão Cascalheira;2026;Secretaria de Assistência Social;Recursos não Vinculados de Impostos;917844
Ribeirão Cascalheira;2026;Secretaria de Assistência Social;Transferência de Recursos do Fundo Nacional de Assistência Social - FNAS;161652
Ribeirão Cascalheira;2026;Secretaria de Assistência Social;Transferência de Recursos dos Fundos Estaduais de Assistência Social;25801
Ribeirão Cascalheira;2026;Secretaria Municipal de Educação;Recursos Vinculados a Fundos;5218
Ribeirão Cascalheira;2026;Secretaria Municipal de Educação;Recursos não Vinculados de Impostos;4612976
Ribeirão Cascalheira;2026;Secretaria Municipal de Educação;Transferências do FUNDEB Impostos e Transferências de Impostos;10183490
Ribeirão Cascalheira;2026;Secretaria Municipal de Educação;Transferências do FUNDEB Complementação da União VAAT;796097
Ribeirão Cascalheira;2026;Secretaria Municipal de Educação;Transferências do FUNDEB Complementação da União VAAR;274325
Ribeirão Cascalheira;2026;Secretaria Municipal de Educação;Transferência do Salário Educação;158636
Ribeirão Cascalheira;2026;Secretaria Municipal de Educação;Transferências de Recursos do FNDE referentes ao Programa Nacional de Alimentação Escolar (PNAE);150482
Ribeirão Cascalheira;2026;Secretaria Municipal de Educação;Transferências de Recursos do FNDE Referentes ao Programa Nacional de Apoio ao Transporte Escolar (PNATE);38088
Ribeirão Cascalheira;2026;Secretaria Municipal de Educação;Outras Transferências de Recursos do FNDE;2660
Ribeirão Cascalheira;2026;Secretaria Municipal de Educação;Transferências do Estado referentes a Convênios e Instrumentos Congêneres vinculados à Educação;284196
Ribeirão Cascalheira;2026;Secretaria Municipal de Educação;Transferências do FUNDEB - Complementação da União - ETI;27724
Ribeirão Cascalheira;2026;Secretaria de Finanças;Recursos não Vinculados de Impostos;2480031
Ribeirão Cascalheira;2026;Secretaria Municipal de Turismo;Recursos não Vinculados de Impostos;77088
Ribeirão Cascalheira;2026;Secretaria Municipal de Cultura, Desporto e Lazer;Recursos não Vinculados de Impostos;1083043
Ribeirão Cascalheira;2026;Secretaria Municipal de Transito;Recursos não Vinculados de Impostos;211106
Ribeirão Cascalheira;2026;Secretaria Municipal de Meio Ambiente;Recursos não Vinculados de Impostos;588853
Ribeirão Cascalheira;2026;Secretaria Municipal de Meio Ambiente;Outros Recursos não Vinculados;36000
Ribeirão Cascalheira;2026;Fundo Mun Prev Social Serv Publico de Ribeirao Cas;Recursos Vinculados ao RPPS - Fundo em Capitalização (Plano Previdenciário);446823
Ribeirão Cascalheira;2026;Fundo Mun Prev Social Serv Publico de Ribeirao Cas;Recursos Vinculados ao RPPS - Taxa de Administração;18526
São Félix do Araguaia;2021;Secretaria Municipal de Financas;Recursos Ordinários;3775487
São Félix do Araguaia;2021;Secretaria Municipal de Saude;Receitas de Impostos e de Transferência de Impostos - Saúde;11402797
São Félix do Araguaia;2021;Secretaria Municipal de Saude;Transferência de Recursos do Sistema Único de Saúde – SUS – Estado;3911358
São Félix do Araguaia;2021;Secretaria Municipal de Saude;Transferências de Convênios ou Contratos de Repasse - Saúde;76580
São Félix do Araguaia;2021;Secretaria Municipal de Saude;Transferências Fundo a Fundo de Recursos do SUS provenientes do Governo Federal - Bloco de Manutenção das Ações e Serviços Públicos de Saúde;5722618
São Félix do Araguaia;2021;Secretaria Municipal de Saude;Transferências Fundo a Fundo de Recursos do SUS provenientes do Governo Federal - Bloco de Estruturação da Rede de Serviços Públicos de Saúde;119300
São Félix do Araguaia;2021;Secretaria Municipal de Educacao e Cultura;Receitas de Impostos e de Transferência de Impostos - Educação;6430290
São Félix do Araguaia;2021;Secretaria Municipal de Educacao e Cultura;Transferência de Recursos do Fundo Nacional do Desenvolvimento da Educação - FNDE;366747
São Félix do Araguaia;2021;Secretaria Municipal de Educacao e Cultura;Transferências do FUNDEB - (aplicação na remuneração dos profissionais do Magistério em efetivo exercício na Educação Básica);6772780
São Félix do Araguaia;2021;Secretaria Municipal de Educacao e Cultura;Transferências do FUNDEB - (aplicação em outras despesas da Educação Básica);452844
São Félix do Araguaia;2021;Secretaria Municipal de Educacao e Cultura;Recursos provenientes do Fundo de Transporte e Habitação – FETHAB;39776
São Félix do Araguaia;2021;Secretaria Municipal de Educacao e Cultura;Recursos Ordinários;123418
São Félix do Araguaia;2021;Secretaria Municipal de Educacao e Cultura;Transferências de Convênios ou Contratos de Repasse - Educação;482820
São Félix do Araguaia;2021;Secretaria Municipal de Obras e Servicos Urbanos;Contribuição de Intervenção do Domínio Econômico - CIDE;5791
São Félix do Araguaia;2021;Secretaria Municipal de Obras e Servicos Urbanos;Recursos provenientes do Fundo de Transporte e Habitação – FETHAB;2004799
São Félix do Araguaia;2021;Secretaria Municipal de Obras e Servicos Urbanos;Recursos Ordinários;12026621
São Félix do Araguaia;2021;Secretaria Municipal de Obras e Servicos Urbanos;Outras Transferências de Convênios ou Contratos de Repasse da União (não relacionados à educação/saúde/assistência social);3265443
São Félix do Araguaia;2021;Secretaria Municipal de Agricultura;Recursos Ordinários;926369
São Félix do Araguaia;2021;Secretaria Municipal de Turismo e Meio Ambiente;Recursos Ordinários;625809
São Félix do Araguaia;2021;Secretaria Municipal de Turismo e Meio Ambiente;Outras Transferências de Convênios ou Contratos de Repasse da União (não relacionados à educação/saúde/assistência social);8400
São Félix do Araguaia;2021;Secretaria Municipal de Esportes e Lazer;Recursos Ordinários;444743
São Félix do Araguaia;2021;Secretaria Municipal de Esportes e Lazer;Outras Transferências de Convênios ou Contratos de Repasse da União (não relacionados à educação/saúde/assistência social);436917
São Félix do Araguaia;2021;Secretaria Municipal de Meio Ambiente;Recursos Ordinários;695439
São Félix do Araguaia;2021;Secretaria Municipal de Meio Ambiente;Outras Transferências de Convênios ou Contratos de Repasse da União (não relacionados à educação/saúde/assistência social);11170
São Félix do Araguaia;2021;Gabinete do Prefeito Municipal;Recursos Ordinários;2634801
São Félix do Araguaia;2021;Camara Municipal de São Felix do Araguaia;Recursos Ordinários;2617397
São Félix do Araguaia;2021;Secretaria Municipal de Admin, Planej.de Fazenda;Recursos Ordinários;6781661
São Félix do Araguaia;2021;Secretaria Munic.de Desenv.e Acao Social;Transferência de Recursos do Fundo Nacional de Assistência Social – FNAS;56333
São Félix do Araguaia;2021;Secretaria Munic.de Desenv.e Acao Social;Recursos Ordinários;2736192
São Félix do Araguaia;2021;Ipasfa - Instituto de Previdencia de Sao Felix;Recursos do Regime Próprio de Previdência (RPPS);2021625
São Félix do Araguaia;2022;Secretaria Municipal de Financas;Recursos não Vinculados de Impostos;5731213
São Félix do Araguaia;2022;Secretaria Municipal de Saude;Recursos não Vinculados de Impostos;12875663
São Félix do Araguaia;2022;Secretaria Municipal de Saude;Transferências Fundo a Fundo de Recursos do SUS provenientes do Governo Federal - Bloco  de Manutenção das Ações e Serviços Públicos de Saúde;8187132
São Félix do Araguaia;2022;Secretaria Municipal de Saude;Transferências Fundo a Fundo de Recursos do SUS provenientes do Governo Federal - Bloco  de Estruturação da Rede de Serviços Públicos de Saúde;53247
São Félix do Araguaia;2022;Secretaria Municipal de Saude;Transferências Fundo a Fundo de Recursos do SUS provenientes do Governo Estadual;4053891
São Félix do Araguaia;2022;Secretaria Municipal de Saude;Transferências do Estado referentes a Convênios e Instrumentos Congêneres vinculados à Saúde;310000
São Félix do Araguaia;2022;Secretaria Municipal de Educacao e Cultura;Recursos Vinculados a Fundos;277991
São Félix do Araguaia;2022;Secretaria Municipal de Educacao e Cultura;Recursos não Vinculados de Impostos;8572259
São Félix do Araguaia;2022;Secretaria Municipal de Educacao e Cultura;Transferências do FUNDEB Impostos e Transferências de Impostos;12506298
São Félix do Araguaia;2022;Secretaria Municipal de Educacao e Cultura;Transferência do Salário Educação;324901
São Félix do Araguaia;2022;Secretaria Municipal de Educacao e Cultura;Transferências de Recursos do FNDE referentes ao Programa Nacional de Alimentação Escolar (PNAE);10704
São Félix do Araguaia;2022;Secretaria Municipal de Educacao e Cultura;Transferências de Recursos do FNDE Referentes ao Programa Nacional de Apoio ao Transporte Escolar (PNATE);89523
São Félix do Araguaia;2022;Secretaria Municipal de Educacao e Cultura;Outras Transferências de Recursos do FNDE;132920
São Félix do Araguaia;2022;Secretaria Municipal de Educacao e Cultura;Outras Transferências de Convênios e Instrumentos Congêneres vinculados à Educação;570590
São Félix do Araguaia;2022;Secretaria Municipal de Educacao e Cultura;Outras Transferências de Convênios ou Instrumentos Congêneres da União;8968
São Félix do Araguaia;2022;Secretaria Municipal de Obras e Servicos Urbanos;Recursos da Contribuição de Intervenção no Domínio Econômico - CIDE;620
São Félix do Araguaia;2022;Secretaria Municipal de Obras e Servicos Urbanos;Recursos de Operações de Crédito;9978032
São Félix do Araguaia;2022;Secretaria Municipal de Obras e Servicos Urbanos;Recursos Vinculados a Fundos;2326252
São Félix do Araguaia;2022;Secretaria Municipal de Obras e Servicos Urbanos;Recursos não Vinculados de Impostos;17429362
São Félix do Araguaia;2022;Secretaria Municipal de Obras e Servicos Urbanos;Outras Transferências de Convênios ou Instrumentos Congêneres da União;3095954
São Félix do Araguaia;2022;Secretaria Municipal de Agricultura;Recursos não Vinculados de Impostos;1110970
São Félix do Araguaia;2022;Secretaria Municipal de Agricultura;Outras Transferências de Convênios ou Instrumentos Congêneres da União;176900
São Félix do Araguaia;2022;Secretaria Municipal de Turismo e Meio Ambiente;Recursos não Vinculados de Impostos;1010367
São Félix do Araguaia;2022;Secretaria Municipal de Turismo e Meio Ambiente;Outras Transferências de Convênios ou Instrumentos Congêneres da União;384811
São Félix do Araguaia;2022;Secretaria Municipal de Esportes e Lazer;Recursos não Vinculados de Impostos;709868
São Félix do Araguaia;2022;Secretaria Municipal de Esportes e Lazer;Outras Transferências de Convênios ou Instrumentos Congêneres da União;222315
São Félix do Araguaia;2022;Secretaria Municipal de Meio Ambiente;Recursos não Vinculados de Impostos;1113843
São Félix do Araguaia;2022;Secretaria Municipal de Meio Ambiente;Outras Transferências de Convênios ou Instrumentos Congêneres da União;19697
São Félix do Araguaia;2022;Gabinete do Prefeito Municipal;Recursos não Vinculados de Impostos;4587591
São Félix do Araguaia;2022;Gabinete do Prefeito Municipal;Outras Transferências de Convênios ou Instrumentos Congêneres da União;91890
São Félix do Araguaia;2022;Secretaria Municipal de Admin, Planej.de Fazenda;Recursos não Vinculados de Impostos;10592153
São Félix do Araguaia;2022;Secretaria Munic.de Desenv.e Acao Social;Recursos não Vinculados de Impostos;3157083
São Félix do Araguaia;2022;Secretaria Munic.de Desenv.e Acao Social;Transferência de Recursos do Fundo Nacional de Assistência Social - FNAS;539771
São Félix do Araguaia;2022;Ipasfa - Instituto de Previdencia de Sao Felix;Recursos Vinculados ao RPPS - Fundo em Capitalização (Plano Previdenciário);2561388
São Félix do Araguaia;2022;1;Recursos não Vinculados de Impostos;4147987
São Félix do Araguaia;2023;Secretaria Municipal de Financas;Recursos não Vinculados de Impostos;9044578
São Félix do Araguaia;2023;Secretaria Municipal de Saude;Recursos não Vinculados de Impostos;15529666
São Félix do Araguaia;2023;Secretaria Municipal de Saude;Transferências Fundo a Fundo de Recursos do SUS provenientes do Governo Federal - Bloco  de Manutenção das Ações e Serviços Públicos de Saúde;10416107
São Félix do Araguaia;2023;Secretaria Municipal de Saude;Transferências Fundo a Fundo de Recursos do SUS provenientes do Governo Estadual;2701915
São Félix do Araguaia;2023;Secretaria Municipal de Educacao e Cultura;Recursos Vinculados a Fundos;283380
São Félix do Araguaia;2023;Secretaria Municipal de Educacao e Cultura;Recursos não Vinculados de Impostos;11969693
São Félix do Araguaia;2023;Secretaria Municipal de Educacao e Cultura;Transferências do FUNDEB Impostos e Transferências de Impostos;16921342
São Félix do Araguaia;2023;Secretaria Municipal de Educacao e Cultura;Transferência do Salário Educação;465586
São Félix do Araguaia;2023;Secretaria Municipal de Educacao e Cultura;Transferências de Recursos do FNDE referentes ao Programa Nacional de Alimentação Escolar (PNAE);190732
São Félix do Araguaia;2023;Secretaria Municipal de Educacao e Cultura;Transferências de Recursos do FNDE Referentes ao Programa Nacional de Apoio ao Transporte Escolar (PNATE);132388
São Félix do Araguaia;2023;Secretaria Municipal de Educacao e Cultura;Outras Transferências de Recursos do FNDE;222663
São Félix do Araguaia;2023;Secretaria Municipal de Educacao e Cultura;Outras Transferências de Convênios e Instrumentos Congêneres vinculados à Educação;696345
São Félix do Araguaia;2023;Secretaria Municipal de Obras e Servicos Urbanos;Recursos da Contribuição de Intervenção no Domínio Econômico - CIDE;4028
São Félix do Araguaia;2023;Secretaria Municipal de Obras e Servicos Urbanos;Recursos de Operações de Crédito;17741026
São Félix do Araguaia;2023;Secretaria Municipal de Obras e Servicos Urbanos;Recursos Vinculados a Fundos;2108045
São Félix do Araguaia;2023;Secretaria Municipal de Obras e Servicos Urbanos;Recursos não Vinculados de Impostos;12904938
São Félix do Araguaia;2023;Secretaria Municipal de Obras e Servicos Urbanos;Outras Transferências de Convênios ou Instrumentos Congêneres da União;3031816
São Félix do Araguaia;2023;Secretaria Municipal de Obras e Servicos Urbanos;Outras Transferências de Convênios ou Instrumentos Congêneres dos Estados;1566953
São Félix do Araguaia;2023;Secretaria Municipal de Agricultura;Recursos não Vinculados de Impostos;1265480
São Félix do Araguaia;2023;Secretaria Municipal de Agricultura;Outras Transferências de Convênios ou Instrumentos Congêneres da União;522880
São Félix do Araguaia;2023;Secretaria Municipal de Turismo e Meio Ambiente;Recursos não Vinculados de Impostos;2496093
São Félix do Araguaia;2023;Secretaria Municipal de Esportes e Lazer;Recursos não Vinculados de Impostos;1014421
São Félix do Araguaia;2023;Secretaria Municipal de Meio Ambiente;Recursos não Vinculados de Impostos;1211442
São Félix do Araguaia;2023;Secretaria Municipal de Meio Ambiente;Outras Transferências de Convênios ou Instrumentos Congêneres da União;6500
São Félix do Araguaia;2023;Gabinete do Prefeito Municipal;Recursos não Vinculados de Impostos;4187612
São Félix do Araguaia;2023;Camara Municipal de Sao Felix do Araguaia;Recursos não Vinculados de Impostos;4454786
São Félix do Araguaia;2023;Secretaria Municipal de Admin, Planej.de Fazenda;Recursos não Vinculados de Impostos;12217954
São Félix do Araguaia;2023;Secretaria Munic.de Desenv.e Acao Social;Recursos não Vinculados de Impostos;4197130
São Félix do Araguaia;2023;Secretaria Munic.de Desenv.e Acao Social;Transferência de Recursos do Fundo Nacional de Assistência Social - FNAS;521670
São Félix do Araguaia;2023;Ipasfa - Instituto de Previdencia de Sao Felix;Recursos Vinculados ao RPPS - Fundo em Capitalização (Plano Previdenciário);2855922
São Félix do Araguaia;2023;Ipasfa - Instituto de Previdencia de Sao Felix;Recursos Vinculados ao RPPS - Taxa de Administração;315034
São Félix do Araguaia;2024;Secretaria Municipal de Financas;Recursos de Operações de Crédito;299000
São Félix do Araguaia;2024;Secretaria Municipal de Financas;Recursos não Vinculados de Impostos;12569538
São Félix do Araguaia;2024;Secretaria Municipal de Saude;Recursos não Vinculados de Impostos;14403669
São Félix do Araguaia;2024;Secretaria Municipal de Saude;Transferências Fundo a Fundo de Recursos do SUS provenientes do Governo Federal - Bloco  de Manutenção das Ações e Serviços Públicos de Saúde;11638525
São Félix do Araguaia;2024;Secretaria Municipal de Saude;Transferências Fundo a Fundo de Recursos do SUS provenientes do Governo Estadual;4502465
São Félix do Araguaia;2024;Secretaria Municipal de Educacao e Cultura;Transferências Destinadas ao Setor Cultural - LC nº 195/2022 - Art. 5º Audiovisual;8479
São Félix do Araguaia;2024;Secretaria Municipal de Educacao e Cultura;Recursos Vinculados a Fundos;234602
São Félix do Araguaia;2024;Secretaria Municipal de Educacao e Cultura;Recursos não Vinculados de Impostos;10827145
São Félix do Araguaia;2024;Secretaria Municipal de Educacao e Cultura;Transferências do FUNDEB Impostos e Transferências de Impostos;18580187
São Félix do Araguaia;2024;Secretaria Municipal de Educacao e Cultura;Transferência do Salário Educação;776299
São Félix do Araguaia;2024;Secretaria Municipal de Educacao e Cultura;Transferências de Recursos do FNDE referentes ao Programa Nacional de Alimentação Escolar (PNAE);227588
São Félix do Araguaia;2024;Secretaria Municipal de Educacao e Cultura;Transferências de Recursos do FNDE Referentes ao Programa Nacional de Apoio ao Transporte Escolar (PNATE);114549
São Félix do Araguaia;2024;Secretaria Municipal de Educacao e Cultura;Outras Transferências de Recursos do FNDE;142520
São Félix do Araguaia;2024;Secretaria Municipal de Educacao e Cultura;Outras Transferências de Convênios e Instrumentos Congêneres vinculados à Educação;530266
São Félix do Araguaia;2024;Secretaria Municipal de Educacao e Cultura;Outras Transferências de Convênios ou Instrumentos Congêneres da União;66710
São Félix do Araguaia;2024;Secretaria Municipal de Educacao e Cultura;Outras Transferências de Convênios ou Instrumentos Congêneres dos Estados;148715
São Félix do Araguaia;2024;Secretaria Municipal de Educacao e Cultura;Transferências da Política Nacional Aldir Blanc de Fomento à Cultura - Lei nº 14.399/2022;148640
São Félix do Araguaia;2024;Secretaria Municipal de Obras e Servicos Urbanos;Recursos da Contribuição de Intervenção no Domínio Econômico - CIDE;86590
São Félix do Araguaia;2024;Secretaria Municipal de Obras e Servicos Urbanos;Recursos de Operações de Crédito;11551571
São Félix do Araguaia;2024;Secretaria Municipal de Obras e Servicos Urbanos;Recursos Vinculados a Fundos;2355558
São Félix do Araguaia;2024;Secretaria Municipal de Obras e Servicos Urbanos;Recursos não Vinculados de Impostos;14758790
São Félix do Araguaia;2024;Secretaria Municipal de Obras e Servicos Urbanos;Outras Transferências de Convênios ou Instrumentos Congêneres da União;3281534
São Félix do Araguaia;2024;Secretaria Municipal de Obras e Servicos Urbanos;Outras Transferências de Convênios ou Instrumentos Congêneres dos Estados;16784917
São Félix do Araguaia;2024;Secretaria Municipal de Agricultura;Recursos não Vinculados de Impostos;1494837
São Félix do Araguaia;2024;Secretaria Municipal de Agricultura;Outras Transferências de Convênios ou Instrumentos Congêneres da União;33000
São Félix do Araguaia;2024;Secretaria Municipal de Agricultura;Outras Transferências de Convênios ou Instrumentos Congêneres dos Estados;59550
São Félix do Araguaia;2024;Secretaria Municipal de Turismo e Meio Ambiente;Recursos não Vinculados de Impostos;2390829
São Félix do Araguaia;2024;Secretaria Municipal de Turismo e Meio Ambiente;Outras Transferências de Convênios ou Instrumentos Congêneres da União;566753
São Félix do Araguaia;2024;Secretaria Municipal de Turismo e Meio Ambiente;Outras Transferências de Convênios ou Instrumentos Congêneres dos Estados;702741
São Félix do Araguaia;2024;Secretaria Municipal de Esportes e Lazer;Recursos não Vinculados de Impostos;1166435
São Félix do Araguaia;2024;Secretaria Municipal de Esportes e Lazer;Outras Transferências de Convênios ou Instrumentos Congêneres da União;176070
São Félix do Araguaia;2024;Secretaria Municipal de Esportes e Lazer;Outras Transferências de Convênios ou Instrumentos Congêneres dos Estados;88049
São Félix do Araguaia;2024;Secretaria Municipal de Meio Ambiente;Recursos não Vinculados de Impostos;1300162
São Félix do Araguaia;2024;Secretaria Municipal de Meio Ambiente;Outras Transferências de Convênios ou Instrumentos Congêneres da União;56
São Félix do Araguaia;2024;Gabinete do Prefeito Municipal;Recursos não Vinculados de Impostos;4072407
São Félix do Araguaia;2024;Camara Municipal de Sao Felix do Araguaia;Recursos não Vinculados de Impostos;4733103
São Félix do Araguaia;2024;Secretaria Municipal de Admin, Planej.de Fazenda;Recursos não Vinculados de Impostos;13468458
São Félix do Araguaia;2024;Secretaria Munic.de Desenv.e Acao Social;Recursos não Vinculados de Impostos;4678576
São Félix do Araguaia;2024;Secretaria Munic.de Desenv.e Acao Social;Transferência de Recursos do Fundo Nacional de Assistência Social - FNAS;275918
São Félix do Araguaia;2024;Secretaria Munic.de Desenv.e Acao Social;Transferência de Recursos dos Fundos Estaduais de Assistência Social;8960
São Félix do Araguaia;2024;Secretaria Munic.de Desenv.e Acao Social;Outras Transferências de Convênios ou Instrumentos Congêneres dos Estados;752834
São Félix do Araguaia;2024;Ipasfa - Instituto de Previdencia de Sao Felix;Recursos Vinculados ao RPPS - Fundo em Capitalização (Plano Previdenciário);3454390
São Félix do Araguaia;2024;Ipasfa - Instituto de Previdencia de Sao Felix;Recursos Vinculados ao RPPS - Taxa de Administração;275988
São Félix do Araguaia;2025;Secretaria Municipal de Saude;Recursos não Vinculados de Impostos;25557450
São Félix do Araguaia;2025;Secretaria Municipal de Saude;Transferências Fundo a Fundo de Recursos do SUS provenientes do Governo Federal - Bloco  de Manutenção das Ações e Serviços Públicos de Saúde;3634540
São Félix do Araguaia;2025;Secretaria Municipal de Saude;Assistência financeira da União destinada à complementação ao pagamento dos pisos salariais para profissionais da enfermagem;24958
São Félix do Araguaia;2025;Secretaria Municipal de Saude;Transferências provenientes do Governo Federal destinadas ao vencimento dos agentes comunitários de saúde e dos agentes de combate às endemias;122377
São Félix do Araguaia;2025;Secretaria Municipal de Saude;Transferências Fundo a Fundo de Recursos do SUS provenientes do Governo Estadual;4685506
São Félix do Araguaia;2025;Secretaria Municipal de Saude;Outras Transferências de Convênios ou Instrumentos Congêneres dos Estados;470000
São Félix do Araguaia;2025;Secretaria Municipal de Educacao e Cultura;Transferências Destinadas ao Setor Cultural - LC nº 195/2022 - Art. 5º Audiovisual;4024
São Félix do Araguaia;2025;Secretaria Municipal de Educacao e Cultura;Transferências Destinadas ao Setor cultural - LC nº 195/2022 - Art. 8º Demais Setores da Cultura;13200
São Félix do Araguaia;2025;Secretaria Municipal de Educacao e Cultura;Recursos Vinculados a Fundos;117363
São Félix do Araguaia;2025;Secretaria Municipal de Educacao e Cultura;Recursos não Vinculados de Impostos;13687168
São Félix do Araguaia;2025;Secretaria Municipal de Educacao e Cultura;Transferências do FUNDEB Impostos e Transferências de Impostos;14287372
São Félix do Araguaia;2025;Secretaria Municipal de Educacao e Cultura;Transferência do Salário Educação;778119
São Félix do Araguaia;2025;Secretaria Municipal de Educacao e Cultura;Transferências de Recursos do FNDE referentes ao Programa Nacional de Alimentação Escolar (PNAE);170775
São Félix do Araguaia;2025;Secretaria Municipal de Educacao e Cultura;Transferências de Recursos do FNDE Referentes ao Programa Nacional de Apoio ao Transporte Escolar (PNATE);44334
São Félix do Araguaia;2025;Secretaria Municipal de Educacao e Cultura;Transferências do Governo Federal referentes a Convênios e Instrumentos Congêneres vinculados à Educação;398500
São Félix do Araguaia;2025;Secretaria Municipal de Educacao e Cultura;Transferências de Recursos dos Estados para programas de educação;2094426
São Félix do Araguaia;2025;Secretaria Municipal de Educacao e Cultura;Transferências da Política Nacional Aldir Blanc de Fomento à Cultura - Lei nº 14.399/2022;13930
São Félix do Araguaia;2025;Secretaria Municipal de Obras e Servicos Urbanos;Recursos da Contribuição para o Custeio do Serviço de Iluminação Pública - COSIP;474991
São Félix do Araguaia;2025;Secretaria Municipal de Obras e Servicos Urbanos;Recursos de Operações de Crédito;2254597
São Félix do Araguaia;2025;Secretaria Municipal de Obras e Servicos Urbanos;Recursos Vinculados a Fundos;1901830
São Félix do Araguaia;2025;Secretaria Municipal de Obras e Servicos Urbanos;Recursos não Vinculados de Impostos;19326794
São Félix do Araguaia;2025;Secretaria Municipal de Obras e Servicos Urbanos;Outras Transferências de Convênios ou Instrumentos Congêneres da União;3059698
São Félix do Araguaia;2025;Secretaria Municipal de Obras e Servicos Urbanos;Outras Transferências de Convênios ou Instrumentos Congêneres dos Estados;4443279
São Félix do Araguaia;2025;Secretaria Municipal de Agricultura;Recursos não Vinculados de Impostos;2574759
São Félix do Araguaia;2025;Secretaria Municipal de Agricultura;Outras Transferências de Convênios ou Instrumentos Congêneres dos Estados;39990
São Félix do Araguaia;2025;Secretaria Municipal de Finanças;Recursos não Vinculados de Impostos;17355387
São Félix do Araguaia;2025;Secretaria Municipal de Turismo e Meio Ambiente;Recursos não Vinculados de Impostos;5995733
São Félix do Araguaia;2025;Secretaria Municipal de Turismo e Meio Ambiente;Outras Transferências de Convênios ou Instrumentos Congêneres dos Estados;2200000
São Félix do Araguaia;2025;Secretaria Municipal de Esportes e Lazer;Recursos não Vinculados de Impostos;2125997
São Félix do Araguaia;2025;Secretaria Municipal de Esportes e Lazer;Outras Transferências de Convênios ou Instrumentos Congêneres da União;83728
São Félix do Araguaia;2025;Secretaria Municipal de Esportes e Lazer;Outras Transferências de Convênios ou Instrumentos Congêneres dos Estados;153289
São Félix do Araguaia;2025;Secretaria Municipal de Meio Ambiente;Recursos não Vinculados de Impostos;1729256
São Félix do Araguaia;2025;Gabinete do Prefeito Municipal;Recursos não Vinculados de Impostos;6129990
São Félix do Araguaia;2025;Camara Municipal de Sao Felix do Araguaia;Recursos não Vinculados de Impostos;5518123
São Félix do Araguaia;2025;Secretaria Municipal de Admin, Planej.de Fazenda;Recursos não Vinculados de Impostos;13422897
São Félix do Araguaia;2025;Secretaria Munic.de Desenv.e Acao Social;Recursos não Vinculados de Impostos;5985127
São Félix do Araguaia;2025;Secretaria Munic.de Desenv.e Acao Social;Transferência de Recursos do Fundo Nacional de Assistência Social - FNAS;501396
São Félix do Araguaia;2025;Secretaria Munic.de Desenv.e Acao Social;Transferências de Convênios e Instrumentos Congêneres vinculados à Assistência Social;517607
São Félix do Araguaia;2025;Secretaria Munic.de Desenv.e Acao Social;Outras Transferências de Convênios ou Instrumentos Congêneres dos Estados;1334949
São Félix do Araguaia;2025;Ipasfa - Instituto de Previdencia de Sao Felix;Recursos Vinculados ao RPPS - Fundo em Capitalização (Plano Previdenciário);4085710
São Félix do Araguaia;2025;Ipasfa - Instituto de Previdencia de Sao Felix;Recursos Vinculados ao RPPS - Taxa de Administração;322765
São Félix do Araguaia;2026;Secretaria Municipal de Educacao e Cultura;Recursos não Vinculados de Impostos;4644496
São Félix do Araguaia;2026;Secretaria Municipal de Educacao e Cultura;Transferências do FUNDEB Impostos e Transferências de Impostos;6900074
São Félix do Araguaia;2026;Secretaria Municipal de Educacao e Cultura;Transferência do Salário Educação;446508
São Félix do Araguaia;2026;Secretaria Municipal de Educacao e Cultura;Transferências de Recursos do FNDE referentes ao Programa Nacional de Alimentação Escolar (PNAE);93910
São Félix do Araguaia;2026;Secretaria Municipal de Educacao e Cultura;Transferências de Recursos do FNDE Referentes ao Programa Nacional de Apoio ao Transporte Escolar (PNATE);321519
São Félix do Araguaia;2026;Secretaria Municipal de Educacao e Cultura;Transferências de Recursos dos Estados para programas de educação;76071
São Félix do Araguaia;2026;Secretaria Municipal de Agricultura;Recursos não Vinculados de Impostos;1193554
São Félix do Araguaia;2026;Secretaria Municipal de Finanças;Recursos não Vinculados de Impostos;6996662
São Félix do Araguaia;2026;Secretaria Municipal de Obras e Serviços Urbanos;Recursos Vinculados a Fundos;269534
São Félix do Araguaia;2026;Secretaria Municipal de Obras e Serviços Urbanos;Recursos não Vinculados de Impostos;6210614
São Félix do Araguaia;2026;Secretaria Municipal de Obras e Serviços Urbanos;Outras Transferências de Convênios ou Instrumentos Congêneres da União;877471
São Félix do Araguaia;2026;Secretaria Municipal de Obras e Serviços Urbanos;Outras Transferências de Convênios ou Instrumentos Congêneres dos Estados;950234
São Félix do Araguaia;2026;Secretaria Municipal de Esportes e Lazer;Recursos não Vinculados de Impostos;1581285
São Félix do Araguaia;2026;Secretaria Municipal de Turismo;Recursos não Vinculados de Impostos;1506000
São Félix do Araguaia;2026;Secretaria Municipal de Turismo;Outras Transferências de Convênios ou Instrumentos Congêneres dos Estados;633000
São Félix do Araguaia;2026;Secretaria Municipal de Turismo;Transferências da Política Nacional Aldir Blanc de Fomento à Cultura - Lei nº 14.399/2022;105642
São Félix do Araguaia;2026;Secretaria Municipal de Meio Ambiente;Recursos não Vinculados de Impostos;881358
São Félix do Araguaia;2026;Gabinete do Prefeito Municipal;Recursos não Vinculados de Impostos;2519872
São Félix do Araguaia;2026;Camara Municipal de Sao Felix do Araguaia;Recursos não Vinculados de Impostos;3722111
São Félix do Araguaia;2026;Secretaria Municipal de Admin, Planej.de Fazenda;Recursos não Vinculados de Impostos;6507060
São Félix do Araguaia;2026;Ipasfa - Instituto de Previdencia de Sao Felix;Recursos Vinculados ao RPPS - Fundo em Capitalização (Plano Previdenciário);2633417
São Félix do Araguaia;2026;Ipasfa - Instituto de Previdencia de Sao Felix;Recursos Vinculados ao RPPS - Taxa de Administração;226354
São Félix do Araguaia;2026;Secretaria Municipal de Sáude;Recursos não Vinculados de Impostos;10270720
São Félix do Araguaia;2026;Secretaria Municipal de Sáude;Transferências Fundo a Fundo de Recursos do SUS provenientes do Governo Federal - Bloco  de Manutenção das Ações e Serviços Públicos de Saúde;2638145
São Félix do Araguaia;2026;Secretaria Municipal de Sáude;Transferências Fundo a Fundo de Recursos do SUS provenientes do Governo Estadual;3288562
São Félix do Araguaia;2026;Secretaria Municipal de Sáude;Transferência Especial da União;669563
São Félix do Araguaia;2026;Secretaria Municipal de Sáude;Transferência Especial dos Estados;190404
São Félix do Araguaia;2026;Secretaria Municipal de Desenv. Assistência Social;Recursos não Vinculados de Impostos;2867282
São Félix do Araguaia;2026;Secretaria Municipal de Desenv. Assistência Social;Transferência de Recursos do Fundo Nacional de Assistência Social - FNAS;183723
São Félix do Araguaia;2026;Secretaria Municipal de Desenv. Assistência Social;Transferência de Recursos dos Fundos Estaduais de Assistência Social;43087
