municipio;exercicio;orgao;elemento;liquidado
Água Boa;2021;Gabinete do Prefeito;Vencimentos e Vantagens Fixas - Pessoal Civil;1114523
Água Boa;2021;Gabinete do Prefeito;Obrigações Patronais;249776
Água Boa;2021;Gabinete do Prefeito;Diárias - Civil;101490
Água Boa;2021;Gabinete do Prefeito;Material de Consumo;36580
Água Boa;2021;Gabinete do Prefeito;Passagens e Despesas com Locomoção;1581
Água Boa;2021;Gabinete do Prefeito;Outros Serviços de Terceiros - Pessoa Física;104295
Água Boa;2021;Gabinete do Prefeito;Outros Serviços de Terceiros - Pessoa Jurídica;571477
Água Boa;2021;Gabinete do Prefeito;Subvenções Sociais;60000
Água Boa;2021;Gabinete do Prefeito;Equipamentos e Material Permanente;28524
Água Boa;2021;Camara Municipal;Vencimentos e Vantagens Fixas - Pessoal Civil;1865527
Água Boa;2021;Camara Municipal;Obrigações Patronais;423335
Água Boa;2021;Camara Municipal;Diárias - Civil;202150
Água Boa;2021;Camara Municipal;Material de Consumo;49636
Água Boa;2021;Camara Municipal;Serviços de Consultoria;34800
Água Boa;2021;Camara Municipal;Outros Serviços de Terceiros - Pessoa Jurídica;180074
Água Boa;2021;Camara Municipal;Contribuições;20400
Água Boa;2021;Camara Municipal;Subvenções Sociais;22000
Água Boa;2021;Camara Municipal;Equipamentos e Material Permanente;89534
Água Boa;2021;Camara Municipal;Indenizações e Restituições;134000
Água Boa;2021;Camara Municipal;Serviços de Tecnologia da Informação e Comunicação - Pessoa Jurídica;73544
Água Boa;2021;Secretaria de Saúde;Contratação por Tempo Determinado;2658356
Água Boa;2021;Secretaria de Saúde;Outros Benefícios Assistenciais do Servidor Ou do Militar;1743
Água Boa;2021;Secretaria de Saúde;Vencimentos e Vantagens Fixas - Pessoal Civil;8899479
Água Boa;2021;Secretaria de Saúde;Obrigações Patronais;2691254
Água Boa;2021;Secretaria de Saúde;Diárias - Civil;164635
Água Boa;2021;Secretaria de Saúde;Material de Consumo;1843818
Água Boa;2021;Secretaria de Saúde;Material, Bem Ou Serviço para Distribuição Gratuita;1195147
Água Boa;2021;Secretaria de Saúde;Passagens e Despesas com Locomoção;2000
Água Boa;2021;Secretaria de Saúde;Outros Serviços de Terceiros - Pessoa Física;152068
Água Boa;2021;Secretaria de Saúde;Outros Serviços de Terceiros - Pessoa Jurídica;5876118
Água Boa;2021;Secretaria de Saúde;Contribuições;17280544
Água Boa;2021;Secretaria de Saúde;Obras e Instalações;246997
Água Boa;2021;Secretaria de Saúde;Equipamentos e Material Permanente;1163508
Água Boa;2021;Secretaria de Saúde;Rateio Pela Participação em Consórcio Público;4813651
Água Boa;2021;Secretaria de Saúde;Indenizações e Restituições;76468
Água Boa;2021;Secretaria de Saúde;Serviços de Tecnologia da Informação e Comunicação - Pessoa Jurídica;83185
Água Boa;2021;Secretaria de Assistência Social;Contratação por Tempo Determinado;242338
Água Boa;2021;Secretaria de Assistência Social;Vencimentos e Vantagens Fixas - Pessoal Civil;1297429
Água Boa;2021;Secretaria de Assistência Social;Obrigações Patronais;368200
Água Boa;2021;Secretaria de Assistência Social;Diárias - Civil;29220
Água Boa;2021;Secretaria de Assistência Social;Material de Consumo;187468
Água Boa;2021;Secretaria de Assistência Social;Material, Bem Ou Serviço para Distribuição Gratuita;126703
Água Boa;2021;Secretaria de Assistência Social;Passagens e Despesas com Locomoção;1378
Água Boa;2021;Secretaria de Assistência Social;Outros Serviços de Terceiros - Pessoa Física;40809
Água Boa;2021;Secretaria de Assistência Social;Outros Serviços de Terceiros - Pessoa Jurídica;378262
Água Boa;2021;Secretaria de Assistência Social;Subvenções Sociais;297098
Água Boa;2021;Secretaria de Assistência Social;Equipamentos e Material Permanente;48558
Água Boa;2021;Secretaria de Finanças;Pensões do RPPS e do Militar;0
Água Boa;2021;Secretaria de Finanças;Contratação por Tempo Determinado;15368
Água Boa;2021;Secretaria de Finanças;Vencimentos e Vantagens Fixas - Pessoal Civil;1795545
Água Boa;2021;Secretaria de Finanças;Obrigações Patronais;375532
Água Boa;2021;Secretaria de Finanças;Diárias - Civil;11645
Água Boa;2021;Secretaria de Finanças;Material de Consumo;66600
Água Boa;2021;Secretaria de Finanças;Premiações Culturais, Artísticas, Científicas, Desportivas e Outras;16299
Água Boa;2021;Secretaria de Finanças;Passagens e Despesas com Locomoção;1200
Água Boa;2021;Secretaria de Finanças;Serviços de Consultoria;79900
Água Boa;2021;Secretaria de Finanças;Outros Serviços de Terceiros - Pessoa Física;744
Água Boa;2021;Secretaria de Finanças;Outros Serviços de Terceiros - Pessoa Jurídica;137118
Água Boa;2021;Secretaria de Finanças;Obrigações Tributárias e Contributivas;1149516
Água Boa;2021;Secretaria de Finanças;Equipamentos e Material Permanente;12863
Água Boa;2021;Secretaria de Finanças;Principal da Dívida Contratual Resgatado;36681
Água Boa;2021;Secretaria de Finanças;Sentenças Judiciais;55644
Água Boa;2021;Secretaria de Finanças;Indenizações e Restituições;38695
Água Boa;2021;Secretaria de Finanças;Serviços de Tecnologia da Informação e Comunicação - Pessoa Jurídica;100752
Água Boa;2021;Secretaria de Educação;Contratação por Tempo Determinado;6716786
Água Boa;2021;Secretaria de Educação;Vencimentos e Vantagens Fixas - Pessoal Civil;12457612
Água Boa;2021;Secretaria de Educação;Obrigações Patronais;4240387
Água Boa;2021;Secretaria de Educação;Diárias - Civil;43820
Água Boa;2021;Secretaria de Educação;Material de Consumo;2155668
Água Boa;2021;Secretaria de Educação;Premiações Culturais, Artísticas, Científicas, Desportivas e Outras;13919
Água Boa;2021;Secretaria de Educação;Material, Bem Ou Serviço para Distribuição Gratuita;38345
Água Boa;2021;Secretaria de Educação;Passagens e Despesas com Locomoção;14215
Água Boa;2021;Secretaria de Educação;Outros Serviços de Terceiros - Pessoa Física;32324
Água Boa;2021;Secretaria de Educação;Outros Serviços de Terceiros - Pessoa Jurídica;3780259
Água Boa;2021;Secretaria de Educação;Subvenções Sociais;752401
Água Boa;2021;Secretaria de Educação;Obrigações Tributárias e Contributivas;250
Água Boa;2021;Secretaria de Educação;Obras e Instalações;859566
Água Boa;2021;Secretaria de Educação;Equipamentos e Material Permanente;924419
Água Boa;2021;Secretaria de Educação;Indenizações e Restituições;20252
Água Boa;2021;Secretaria de Educação;Serviços de Tecnologia da Informação e Comunicação - Pessoa Jurídica;224155
Água Boa;2021;Secretaria de Administracáo;Vencimentos e Vantagens Fixas - Pessoal Civil;63438
Água Boa;2021;Secretaria de Administracáo;Obrigações Patronais;14922
Água Boa;2021;Secretaria de Administracáo;Diárias - Civil;2200
Água Boa;2021;Secretaria de Administracáo;Material de Consumo;27519
Água Boa;2021;Secretaria de Administracáo;Material, Bem Ou Serviço para Distribuição Gratuita;1045
Água Boa;2021;Secretaria de Administracáo;Outros Serviços de Terceiros - Pessoa Física;11577
Água Boa;2021;Secretaria de Administracáo;Outros Serviços de Terceiros - Pessoa Jurídica;260777
Água Boa;2021;Secretaria de Administracáo;Equipamentos e Material Permanente;7300
Água Boa;2021;Secretaria de Administracáo;Serviços de Tecnologia da Informação e Comunicação - Pessoa Jurídica;139167
Água Boa;2021;Secretaria de Infraestrutura;Vencimentos e Vantagens Fixas - Pessoal Civil;116068
Água Boa;2021;Secretaria de Infraestrutura;Obrigações Patronais;24767
Água Boa;2021;Secretaria de Infraestrutura;Material de Consumo;125366
Água Boa;2021;Secretaria de Infraestrutura;Outros Serviços de Terceiros - Pessoa Física;42107
Água Boa;2021;Secretaria de Infraestrutura;Outros Serviços de Terceiros - Pessoa Jurídica;597723
Água Boa;2021;Secretaria de Infraestrutura;Equipamentos e Material Permanente;4490
Água Boa;2021;Fundo Municipal de Previdência dos Servidores de Água Boa - Água Previ;Pensões do RPPS e do Militar;796300
Água Boa;2021;Fundo Municipal de Previdência dos Servidores de Água Boa - Água Previ;Vencimentos e Vantagens Fixas - Pessoal Civil;63000
Água Boa;2021;Fundo Municipal de Previdência dos Servidores de Água Boa - Água Previ;Serviços de Consultoria;43200
Água Boa;2021;Fundo Municipal de Previdência dos Servidores de Água Boa - Água Previ;Outros Serviços de Terceiros - Pessoa Jurídica;48753
Água Boa;2021;Fundo Municipal de Previdência dos Servidores de Água Boa - Água Previ;Obrigações Tributárias e Contributivas;48918
Água Boa;2021;Fundo Municipal de Previdência dos Servidores de Água Boa - Água Previ;Equipamentos e Material Permanente;2392
Água Boa;2021;Fundo Municipal de Previdência dos Servidores de Água Boa - Água Previ;Aposentadorias, Reserva Remunerada e Reformas;4974986
Água Boa;2021;Fundo Municipal de Previdência dos Servidores de Água Boa - Água Previ;Serviços de Tecnologia da Informação e Comunicação - Pessoa Jurídica;24900
Água Boa;2021;Secretaria Municipal de Cidade e Meio Ambiente;Vencimentos e Vantagens Fixas - Pessoal Civil;152634
Água Boa;2021;Secretaria Municipal de Cidade e Meio Ambiente;Obrigações Patronais;32475
Água Boa;2021;Secretaria Municipal de Cidade e Meio Ambiente;Material de Consumo;122076
Água Boa;2021;Secretaria Municipal de Cidade e Meio Ambiente;Outros Serviços de Terceiros - Pessoa Física;44116
Água Boa;2021;Secretaria Municipal de Cidade e Meio Ambiente;Outros Serviços de Terceiros - Pessoa Jurídica;1964758
Água Boa;2021;Secretaria Municipal de Cidade e Meio Ambiente;Obras e Instalações;869660
Água Boa;2021;Secretaria Municipal de Cidade e Meio Ambiente;Equipamentos e Material Permanente;34000
Água Boa;2021;Secretaria Municipal de Cidade e Meio Ambiente;Rateio Pela Participação em Consórcio Público;72338
Água Boa;2021;Secretaria Municipal de Cidade e Meio Ambiente;Despesas Decorrentes de Contrato de Ppp, Exceto Subvenções Econômicas, Aporte e Fundo Garantidor;1330702
Água Boa;2021;Secretaria Municipal de Cidade e Meio Ambiente;Serviços de Tecnologia da Informação e Comunicação - Pessoa Jurídica;43782
Água Boa;2021;Secretaria de Planejamento e Finanças;Pensões do RPPS e do Militar;41800
Água Boa;2021;Secretaria de Planejamento e Finanças;Contratação por Tempo Determinado;1823
Água Boa;2021;Secretaria de Planejamento e Finanças;Vencimentos e Vantagens Fixas - Pessoal Civil;162995
Água Boa;2021;Secretaria de Planejamento e Finanças;Obrigações Patronais;35014
Água Boa;2021;Secretaria de Planejamento e Finanças;Material de Consumo;28793
Água Boa;2021;Secretaria de Planejamento e Finanças;Serviços de Consultoria;63000
Água Boa;2021;Secretaria de Planejamento e Finanças;Outros Serviços de Terceiros - Pessoa Física;18496
Água Boa;2021;Secretaria de Planejamento e Finanças;Outros Serviços de Terceiros - Pessoa Jurídica;185871
Água Boa;2021;Secretaria de Planejamento e Finanças;Obrigações Tributárias e Contributivas;377117
Água Boa;2021;Secretaria de Planejamento e Finanças;Obras e Instalações;64229
Água Boa;2021;Secretaria de Planejamento e Finanças;Equipamentos e Material Permanente;9349
Água Boa;2021;Secretaria de Planejamento e Finanças;Principal da Dívida Contratual Resgatado;248553
Água Boa;2021;Secretaria de Planejamento e Finanças;Sentenças Judiciais;25000
Água Boa;2021;Secretaria de Planejamento e Finanças;Serviços de Tecnologia da Informação e Comunicação - Pessoa Jurídica;184306
Água Boa;2021;Secretaria de Desenvolvimento Industria Comércio e Turismo;Contratação por Tempo Determinado;79456
Água Boa;2021;Secretaria de Desenvolvimento Industria Comércio e Turismo;Vencimentos e Vantagens Fixas - Pessoal Civil;500829
Água Boa;2021;Secretaria de Desenvolvimento Industria Comércio e Turismo;Obrigações Patronais;136519
Água Boa;2021;Secretaria de Desenvolvimento Industria Comércio e Turismo;Diárias - Civil;28025
Água Boa;2021;Secretaria de Desenvolvimento Industria Comércio e Turismo;Material de Consumo;313868
Água Boa;2021;Secretaria de Desenvolvimento Industria Comércio e Turismo;Passagens e Despesas com Locomoção;467
Água Boa;2021;Secretaria de Desenvolvimento Industria Comércio e Turismo;Outros Serviços de Terceiros - Pessoa Física;57079
Água Boa;2021;Secretaria de Desenvolvimento Industria Comércio e Turismo;Outros Serviços de Terceiros - Pessoa Jurídica;619092
Água Boa;2021;Secretaria de Desenvolvimento Industria Comércio e Turismo;Subvenções Sociais;27500
Água Boa;2021;Secretaria de Desenvolvimento Industria Comércio e Turismo;Obras e Instalações;1952271
Água Boa;2021;Secretaria de Desenvolvimento Industria Comércio e Turismo;Equipamentos e Material Permanente;52378
Água Boa;2021;Secretaria de Administracáo e Planejamento;Contratação por Tempo Determinado;31518
Água Boa;2021;Secretaria de Administracáo e Planejamento;Outros Benefícios Assistenciais do Servidor Ou do Militar;1384
Água Boa;2021;Secretaria de Administracáo e Planejamento;Vencimentos e Vantagens Fixas - Pessoal Civil;1267437
Água Boa;2021;Secretaria de Administracáo e Planejamento;Obrigações Patronais;303237
Água Boa;2021;Secretaria de Administracáo e Planejamento;Diárias - Civil;17915
Água Boa;2021;Secretaria de Administracáo e Planejamento;Material de Consumo;108336
Água Boa;2021;Secretaria de Administracáo e Planejamento;Material, Bem Ou Serviço para Distribuição Gratuita;4914
Água Boa;2021;Secretaria de Administracáo e Planejamento;Passagens e Despesas com Locomoção;2100
Água Boa;2021;Secretaria de Administracáo e Planejamento;Serviços de Consultoria;61000
Água Boa;2021;Secretaria de Administracáo e Planejamento;Outros Serviços de Terceiros - Pessoa Física;124147
Água Boa;2021;Secretaria de Administracáo e Planejamento;Outros Serviços de Terceiros - Pessoa Jurídica;464377
Água Boa;2021;Secretaria de Administracáo e Planejamento;Equipamentos e Material Permanente;75600
Água Boa;2021;Secretaria de Administracáo e Planejamento;Aquisição de Imóveis;3328067
Água Boa;2021;Secretaria de Administracáo e Planejamento;Indenizações e Restituições;5288
Água Boa;2021;Secretaria de Administracáo e Planejamento;Serviços de Tecnologia da Informação e Comunicação - Pessoa Jurídica;95175
Água Boa;2021;Secretaria de Infraestrutura e Meio Ambiente;Contratação por Tempo Determinado;697389
Água Boa;2021;Secretaria de Infraestrutura e Meio Ambiente;Vencimentos e Vantagens Fixas - Pessoal Civil;3011526
Água Boa;2021;Secretaria de Infraestrutura e Meio Ambiente;Obrigações Patronais;749289
Água Boa;2021;Secretaria de Infraestrutura e Meio Ambiente;Diárias - Civil;15320
Água Boa;2021;Secretaria de Infraestrutura e Meio Ambiente;Material de Consumo;3975610
Água Boa;2021;Secretaria de Infraestrutura e Meio Ambiente;Material, Bem Ou Serviço para Distribuição Gratuita;1400
Água Boa;2021;Secretaria de Infraestrutura e Meio Ambiente;Passagens e Despesas com Locomoção;200
Água Boa;2021;Secretaria de Infraestrutura e Meio Ambiente;Outros Serviços de Terceiros - Pessoa Física;3840
Água Boa;2021;Secretaria de Infraestrutura e Meio Ambiente;Outros Serviços de Terceiros - Pessoa Jurídica;8466037
Água Boa;2021;Secretaria de Infraestrutura e Meio Ambiente;Obrigações Tributárias e Contributivas;10009
Água Boa;2021;Secretaria de Infraestrutura e Meio Ambiente;Obras e Instalações;6807607
Água Boa;2021;Secretaria de Infraestrutura e Meio Ambiente;Equipamentos e Material Permanente;448579
Água Boa;2021;Secretaria de Infraestrutura e Meio Ambiente;Aquisição de Imóveis;283989
Água Boa;2021;Secretaria de Infraestrutura e Meio Ambiente;Rateio Pela Participação em Consórcio Público;137063
Água Boa;2021;Secretaria de Infraestrutura e Meio Ambiente;Despesas de Exercícios Anteriores;1282
Água Boa;2021;Secretaria de Infraestrutura e Meio Ambiente;Indenizações e Restituições;5341
Água Boa;2021;Secretaria de Infraestrutura e Meio Ambiente;Despesas Decorrentes de Contrato de Ppp, Exceto Subvenções Econômicas, Aporte e Fundo Garantidor;973854
Água Boa;2021;Secretaria de Infraestrutura e Meio Ambiente;Serviços de Tecnologia da Informação e Comunicação - Pessoa Jurídica;32837
Água Boa;2021;Secretaria de Esporte, Cultura, Lazer e Eventos;Contratação por Tempo Determinado;819643
Água Boa;2021;Secretaria de Esporte, Cultura, Lazer e Eventos;Vencimentos e Vantagens Fixas - Pessoal Civil;545901
Água Boa;2021;Secretaria de Esporte, Cultura, Lazer e Eventos;Obrigações Patronais;303270
Água Boa;2021;Secretaria de Esporte, Cultura, Lazer e Eventos;Diárias - Civil;38155
Água Boa;2021;Secretaria de Esporte, Cultura, Lazer e Eventos;Material de Consumo;139401
Água Boa;2021;Secretaria de Esporte, Cultura, Lazer e Eventos;Premiações Culturais, Artísticas, Científicas, Desportivas e Outras;167860
Água Boa;2021;Secretaria de Esporte, Cultura, Lazer e Eventos;Material, Bem Ou Serviço para Distribuição Gratuita;2162
Água Boa;2021;Secretaria de Esporte, Cultura, Lazer e Eventos;Passagens e Despesas com Locomoção;3323
Água Boa;2021;Secretaria de Esporte, Cultura, Lazer e Eventos;Outros Serviços de Terceiros - Pessoa Jurídica;606191
Água Boa;2021;Secretaria de Esporte, Cultura, Lazer e Eventos;Subvenções Sociais;6000
Água Boa;2021;Secretaria de Esporte, Cultura, Lazer e Eventos;Equipamentos e Material Permanente;205654
Água Boa;2022;Gabinete do Prefeito;Contratação por Tempo Determinado;2400
Água Boa;2022;Gabinete do Prefeito;Vencimentos e Vantagens Fixas - Pessoal Civil;1340432
Água Boa;2022;Gabinete do Prefeito;Obrigações Patronais;327229
Água Boa;2022;Gabinete do Prefeito;Diárias - Civil;96600
Água Boa;2022;Gabinete do Prefeito;Material de Consumo;41590
Água Boa;2022;Gabinete do Prefeito;Passagens e Despesas com Locomoção;216
Água Boa;2022;Gabinete do Prefeito;Outros Serviços de Terceiros - Pessoa Física;183165
Água Boa;2022;Gabinete do Prefeito;Outros Serviços de Terceiros - Pessoa Jurídica;965501
Água Boa;2022;Gabinete do Prefeito;Subvenções Sociais;99000
Água Boa;2022;Gabinete do Prefeito;Equipamentos e Material Permanente;15999
Água Boa;2022;Camara Municipal;Vencimentos e Vantagens Fixas - Pessoal Civil;2354559
Água Boa;2022;Camara Municipal;Obrigações Patronais;556374
Água Boa;2022;Camara Municipal;Diárias - Civil;275913
Água Boa;2022;Camara Municipal;Material de Consumo;53232
Água Boa;2022;Camara Municipal;Serviços de Consultoria;90009
Água Boa;2022;Camara Municipal;Outros Serviços de Terceiros - Pessoa Jurídica;189525
Água Boa;2022;Camara Municipal;Serviços de Tecnologia da Informação e Comunicação - Pessoa Jurídica;103911
Água Boa;2022;Camara Municipal;Contribuições;18700
Água Boa;2022;Camara Municipal;Subvenções Sociais;27500
Água Boa;2022;Camara Municipal;Equipamentos e Material Permanente;25278
Água Boa;2022;Camara Municipal;Indenizações e Restituições;168000
Água Boa;2022;Secretaria de Saúde;Contratação por Tempo Determinado;4275510
Água Boa;2022;Secretaria de Saúde;Outros Benefícios Assistenciais do servidor e do militar;7694
Água Boa;2022;Secretaria de Saúde;Vencimentos e Vantagens Fixas - Pessoal Civil;10575975
Água Boa;2022;Secretaria de Saúde;Obrigações Patronais;4076512
Água Boa;2022;Secretaria de Saúde;Diárias - Civil;272820
Água Boa;2022;Secretaria de Saúde;Material de Consumo;1417436
Água Boa;2022;Secretaria de Saúde;Material, Bem Ou Serviço para Distribuição Gratuita;1074032
Água Boa;2022;Secretaria de Saúde;Serviços de Consultoria;38300
Água Boa;2022;Secretaria de Saúde;Outros Serviços de Terceiros - Pessoa Física;36153
Água Boa;2022;Secretaria de Saúde;Outros Serviços de Terceiros - Pessoa Jurídica;10356712
Água Boa;2022;Secretaria de Saúde;Serviços de Tecnologia da Informação e Comunicação - Pessoa Jurídica;160428
Água Boa;2022;Secretaria de Saúde;Contribuições;20680113
Água Boa;2022;Secretaria de Saúde;Obras e Instalações;1677679
Água Boa;2022;Secretaria de Saúde;Equipamentos e Material Permanente;1132022
Água Boa;2022;Secretaria de Saúde;Rateio Pela Participação em Consórcio Público;7800819
Água Boa;2022;Secretaria de Saúde;Sentenças Judiciais;49539
Água Boa;2022;Secretaria de Saúde;Indenizações e Restituições;209192
Água Boa;2022;Secretaria de Assistência Social;Contratação por Tempo Determinado;441573
Água Boa;2022;Secretaria de Assistência Social;Outros Benefícios Assistenciais do servidor e do militar;2659
Água Boa;2022;Secretaria de Assistência Social;Vencimentos e Vantagens Fixas - Pessoal Civil;1571256
Água Boa;2022;Secretaria de Assistência Social;Obrigações Patronais;503152
Água Boa;2022;Secretaria de Assistência Social;Diárias - Civil;56380
Água Boa;2022;Secretaria de Assistência Social;Material de Consumo;178633
Água Boa;2022;Secretaria de Assistência Social;Material, Bem Ou Serviço para Distribuição Gratuita;128882
Água Boa;2022;Secretaria de Assistência Social;Passagens e Despesas com Locomoção;5823
Água Boa;2022;Secretaria de Assistência Social;Outros Serviços de Terceiros - Pessoa Física;18389
Água Boa;2022;Secretaria de Assistência Social;Outros Serviços de Terceiros - Pessoa Jurídica;1059543
Água Boa;2022;Secretaria de Assistência Social;Subvenções Sociais;376535
Água Boa;2022;Secretaria de Assistência Social;Equipamentos e Material Permanente;606309
Água Boa;2022;Secretaria de Assistência Social;Indenizações e Restituições;23103
Água Boa;2022;Secretaria de Finanças;Pensões;46056
Água Boa;2022;Secretaria de Finanças;Contratação por Tempo Determinado;38197
Água Boa;2022;Secretaria de Finanças;Vencimentos e Vantagens Fixas - Pessoal Civil;2800410
Água Boa;2022;Secretaria de Finanças;Obrigações Patronais;685889
Água Boa;2022;Secretaria de Finanças;Diárias - Civil;92880
Água Boa;2022;Secretaria de Finanças;Material de Consumo;97343
Água Boa;2022;Secretaria de Finanças;Premiações Culturais, Artísticas, Científicas, Desportivas e Outras;21674
Água Boa;2022;Secretaria de Finanças;Passagens e Despesas com Locomoção;6696
Água Boa;2022;Secretaria de Finanças;Serviços de Consultoria;190811
Água Boa;2022;Secretaria de Finanças;Outros Serviços de Terceiros - Pessoa Física;14544
Água Boa;2022;Secretaria de Finanças;Outros Serviços de Terceiros - Pessoa Jurídica;1195132
Água Boa;2022;Secretaria de Finanças;Serviços de Tecnologia da Informação e Comunicação - Pessoa Jurídica;375751
Água Boa;2022;Secretaria de Finanças;Obrigações Tributárias e Contributivas;2012164
Água Boa;2022;Secretaria de Finanças;Equipamentos e Material Permanente;83716
Água Boa;2022;Secretaria de Finanças;Principal da Dívida Contratual Resgatado;284658
Água Boa;2022;Secretaria de Finanças;Sentenças Judiciais;407669
Água Boa;2022;Secretaria de Finanças;Despesas de Exercícios Anteriores;1386
Água Boa;2022;Secretaria de Finanças;Indenizações e Restituições;11864
Água Boa;2022;Secretaria de Educação;Contratação por Tempo Determinado;13123240
Água Boa;2022;Secretaria de Educação;Outros Benefícios Assistenciais do servidor e do militar;566
Água Boa;2022;Secretaria de Educação;Vencimentos e Vantagens Fixas - Pessoal Civil;15330919
Água Boa;2022;Secretaria de Educação;Obrigações Patronais;7529247
Água Boa;2022;Secretaria de Educação;Diárias - Civil;149468
Água Boa;2022;Secretaria de Educação;Material de Consumo;3841682
Água Boa;2022;Secretaria de Educação;Premiações Culturais, Artísticas, Científicas, Desportivas e Outras;39500
Água Boa;2022;Secretaria de Educação;Material, Bem Ou Serviço para Distribuição Gratuita;22860
Água Boa;2022;Secretaria de Educação;Passagens e Despesas com Locomoção;16159
Água Boa;2022;Secretaria de Educação;Outros Serviços de Terceiros - Pessoa Física;14149
Água Boa;2022;Secretaria de Educação;Outros Serviços de Terceiros - Pessoa Jurídica;6266411
Água Boa;2022;Secretaria de Educação;Serviços de Tecnologia da Informação e Comunicação - Pessoa Jurídica;240753
Água Boa;2022;Secretaria de Educação;Subvenções Sociais;1274341
Água Boa;2022;Secretaria de Educação;Obrigações Tributárias e Contributivas;505
Água Boa;2022;Secretaria de Educação;Obras e Instalações;53651
Água Boa;2022;Secretaria de Educação;Equipamentos e Material Permanente;2463657
Água Boa;2022;Secretaria de Educação;Indenizações e Restituições;2116
Água Boa;2022;Fundo Municipal de Previdência dos Servidores de Água Boa - Água Previ;Aposentadorias, Reserva Remunerada e Reformas;7460192
Água Boa;2022;Fundo Municipal de Previdência dos Servidores de Água Boa - Água Previ;Pensões;1109753
Água Boa;2022;Fundo Municipal de Previdência dos Servidores de Água Boa - Água Previ;Vencimentos e Vantagens Fixas - Pessoal Civil;80676
Água Boa;2022;Fundo Municipal de Previdência dos Servidores de Água Boa - Água Previ;Diárias - Civil;10530
Água Boa;2022;Fundo Municipal de Previdência dos Servidores de Água Boa - Água Previ;Material de Consumo;1062
Água Boa;2022;Fundo Municipal de Previdência dos Servidores de Água Boa - Água Previ;Serviços de Consultoria;29400
Água Boa;2022;Fundo Municipal de Previdência dos Servidores de Água Boa - Água Previ;Outros Serviços de Terceiros - Pessoa Jurídica;78205
Água Boa;2022;Fundo Municipal de Previdência dos Servidores de Água Boa - Água Previ;Serviços de Tecnologia da Informação e Comunicação - Pessoa Jurídica;34515
Água Boa;2022;Fundo Municipal de Previdência dos Servidores de Água Boa - Água Previ;Obrigações Tributárias e Contributivas;103991
Água Boa;2022;Fundo Municipal de Previdência dos Servidores de Água Boa - Água Previ;Compensações a Regimes de Previdência;638
Água Boa;2022;Secretaria de Desenvolvimento Industria Comércio e Turismo;Contratação por Tempo Determinado;220323
Água Boa;2022;Secretaria de Desenvolvimento Industria Comércio e Turismo;Vencimentos e Vantagens Fixas - Pessoal Civil;929429
Água Boa;2022;Secretaria de Desenvolvimento Industria Comércio e Turismo;Obrigações Patronais;264268
Água Boa;2022;Secretaria de Desenvolvimento Industria Comércio e Turismo;Diárias - Civil;28595
Água Boa;2022;Secretaria de Desenvolvimento Industria Comércio e Turismo;Material de Consumo;528158
Água Boa;2022;Secretaria de Desenvolvimento Industria Comércio e Turismo;Premiações Culturais, Artísticas, Científicas, Desportivas e Outras;994
Água Boa;2022;Secretaria de Desenvolvimento Industria Comércio e Turismo;Material, Bem Ou Serviço para Distribuição Gratuita;1000
Água Boa;2022;Secretaria de Desenvolvimento Industria Comércio e Turismo;Passagens e Despesas com Locomoção;216
Água Boa;2022;Secretaria de Desenvolvimento Industria Comércio e Turismo;Serviços de Consultoria;36400
Água Boa;2022;Secretaria de Desenvolvimento Industria Comércio e Turismo;Outros Serviços de Terceiros - Pessoa Física;68715
Água Boa;2022;Secretaria de Desenvolvimento Industria Comércio e Turismo;Outros Serviços de Terceiros - Pessoa Jurídica;1326144
Água Boa;2022;Secretaria de Desenvolvimento Industria Comércio e Turismo;Subvenções Sociais;616000
Água Boa;2022;Secretaria de Desenvolvimento Industria Comércio e Turismo;Obras e Instalações;717688
Água Boa;2022;Secretaria de Desenvolvimento Industria Comércio e Turismo;Equipamentos e Material Permanente;685329
Água Boa;2022;Secretaria de Desenvolvimento Industria Comércio e Turismo;Indenizações e Restituições;139423
Água Boa;2022;Secretaria de Administracáo e Planejamento;Contratação por Tempo Determinado;69448
Água Boa;2022;Secretaria de Administracáo e Planejamento;Outros Benefícios Assistenciais do servidor e do militar;339
Água Boa;2022;Secretaria de Administracáo e Planejamento;Vencimentos e Vantagens Fixas - Pessoal Civil;2585080
Água Boa;2022;Secretaria de Administracáo e Planejamento;Obrigações Patronais;650098
Água Boa;2022;Secretaria de Administracáo e Planejamento;Diárias - Civil;63305
Água Boa;2022;Secretaria de Administracáo e Planejamento;Material de Consumo;118105
Água Boa;2022;Secretaria de Administracáo e Planejamento;Passagens e Despesas com Locomoção;2772
Água Boa;2022;Secretaria de Administracáo e Planejamento;Serviços de Consultoria;74167
Água Boa;2022;Secretaria de Administracáo e Planejamento;Outros Serviços de Terceiros - Pessoa Física;106689
Água Boa;2022;Secretaria de Administracáo e Planejamento;Outros Serviços de Terceiros - Pessoa Jurídica;1450158
Água Boa;2022;Secretaria de Administracáo e Planejamento;Serviços de Tecnologia da Informação e Comunicação - Pessoa Jurídica;320524
Água Boa;2022;Secretaria de Administracáo e Planejamento;Subvenções Sociais;30000
Água Boa;2022;Secretaria de Administracáo e Planejamento;Obras e Instalações;111935
Água Boa;2022;Secretaria de Administracáo e Planejamento;Equipamentos e Material Permanente;103132
Água Boa;2022;Secretaria de Administracáo e Planejamento;Aquisição de Imóveis;3874200
Água Boa;2022;Secretaria de Administracáo e Planejamento;Indenizações e Restituições;55567
Água Boa;2022;Secretaria de Infraestrutura e Meio Ambiente;Contratação por Tempo Determinado;621871
Água Boa;2022;Secretaria de Infraestrutura e Meio Ambiente;Outros Benefícios Assistenciais do servidor e do militar;1188
Água Boa;2022;Secretaria de Infraestrutura e Meio Ambiente;Vencimentos e Vantagens Fixas - Pessoal Civil;3752015
Água Boa;2022;Secretaria de Infraestrutura e Meio Ambiente;Obrigações Patronais;1033948
Água Boa;2022;Secretaria de Infraestrutura e Meio Ambiente;Diárias - Civil;24125
Água Boa;2022;Secretaria de Infraestrutura e Meio Ambiente;Material de Consumo;11178174
Água Boa;2022;Secretaria de Infraestrutura e Meio Ambiente;Material, Bem Ou Serviço para Distribuição Gratuita;15390
Água Boa;2022;Secretaria de Infraestrutura e Meio Ambiente;Outros Serviços de Terceiros - Pessoa Física;14150
Água Boa;2022;Secretaria de Infraestrutura e Meio Ambiente;Outros Serviços de Terceiros - Pessoa Jurídica;32198231
Água Boa;2022;Secretaria de Infraestrutura e Meio Ambiente;Serviços de Tecnologia da Informação e Comunicação - Pessoa Jurídica;135923
Água Boa;2022;Secretaria de Infraestrutura e Meio Ambiente;Obrigações Tributárias e Contributivas;11038
Água Boa;2022;Secretaria de Infraestrutura e Meio Ambiente;Obras e Instalações;2217823
Água Boa;2022;Secretaria de Infraestrutura e Meio Ambiente;Equipamentos e Material Permanente;2045819
Água Boa;2022;Secretaria de Infraestrutura e Meio Ambiente;Rateio Pela Participação em Consórcio Público;96176
Água Boa;2022;Secretaria de Infraestrutura e Meio Ambiente;Despesas Decorrentes de Contrato de Parceria Público-Privada -PPP, exceto Subvenções Econômicas, Aporte e Fundo Garantidor;4324503
Água Boa;2022;Secretaria de Infraestrutura e Meio Ambiente;Despesas de Exercícios Anteriores;526
Água Boa;2022;Secretaria de Infraestrutura e Meio Ambiente;Indenizações e Restituições;308872
Água Boa;2022;Secretaria de Esporte, Cultura, Lazer e Eventos;Contratação por Tempo Determinado;1143426
Água Boa;2022;Secretaria de Esporte, Cultura, Lazer e Eventos;Outros Benefícios Assistenciais do servidor e do militar;56
Água Boa;2022;Secretaria de Esporte, Cultura, Lazer e Eventos;Vencimentos e Vantagens Fixas - Pessoal Civil;896941
Água Boa;2022;Secretaria de Esporte, Cultura, Lazer e Eventos;Obrigações Patronais;502812
Água Boa;2022;Secretaria de Esporte, Cultura, Lazer e Eventos;Diárias - Civil;127450
Água Boa;2022;Secretaria de Esporte, Cultura, Lazer e Eventos;Material de Consumo;466336
Água Boa;2022;Secretaria de Esporte, Cultura, Lazer e Eventos;Premiações Culturais, Artísticas, Científicas, Desportivas e Outras;132700
Água Boa;2022;Secretaria de Esporte, Cultura, Lazer e Eventos;Passagens e Despesas com Locomoção;244441
Água Boa;2022;Secretaria de Esporte, Cultura, Lazer e Eventos;Outros Serviços de Terceiros - Pessoa Física;72000
Água Boa;2022;Secretaria de Esporte, Cultura, Lazer e Eventos;Outros Serviços de Terceiros - Pessoa Jurídica;2078408
Água Boa;2022;Secretaria de Esporte, Cultura, Lazer e Eventos;Serviços de Tecnologia da Informação e Comunicação - Pessoa Jurídica;11450
Água Boa;2022;Secretaria de Esporte, Cultura, Lazer e Eventos;Subvenções Sociais;140685
Água Boa;2022;Secretaria de Esporte, Cultura, Lazer e Eventos;Equipamentos e Material Permanente;1236335
Água Boa;2022;Secretaria de Esporte, Cultura, Lazer e Eventos;Indenizações e Restituições;28454
Água Boa;2023;Gabinete do Prefeito;Vencimentos e Vantagens Fixas - Pessoal Civil;1400967
Água Boa;2023;Gabinete do Prefeito;Obrigações Patronais;388430
Água Boa;2023;Gabinete do Prefeito;Diárias - Civil;87625
Água Boa;2023;Gabinete do Prefeito;Material de Consumo;90042
Água Boa;2023;Gabinete do Prefeito;Passagens e Despesas com Locomoção;1136
Água Boa;2023;Gabinete do Prefeito;Outros Serviços de Terceiros - Pessoa Física;225787
Água Boa;2023;Gabinete do Prefeito;Outros Serviços de Terceiros - Pessoa Jurídica;825440
Água Boa;2023;Gabinete do Prefeito;Serviços de Tecnologia da Informação e Comunicação - Pessoa Jurídica;6236
Água Boa;2023;Gabinete do Prefeito;Subvenções Sociais;99000
Água Boa;2023;Gabinete do Prefeito;Equipamentos e Material Permanente;32355
Água Boa;2023;Gabinete do Prefeito;Despesas de Exercícios Anteriores;1462
Água Boa;2023;Camara Municipal;Vencimentos e Vantagens Fixas - Pessoal Civil;2495221
Água Boa;2023;Camara Municipal;Obrigações Patronais;694348
Água Boa;2023;Camara Municipal;Diárias - Civil;346641
Água Boa;2023;Camara Municipal;Material de Consumo;68141
Água Boa;2023;Camara Municipal;Serviços de Consultoria;51000
Água Boa;2023;Camara Municipal;Outros Serviços de Terceiros - Pessoa Física;10432
Água Boa;2023;Camara Municipal;Outros Serviços de Terceiros - Pessoa Jurídica;274908
Água Boa;2023;Camara Municipal;Serviços de Tecnologia da Informação e Comunicação - Pessoa Jurídica;110516
Água Boa;2023;Camara Municipal;Subvenções Sociais;27000
Água Boa;2023;Camara Municipal;Equipamentos e Material Permanente;124792
Água Boa;2023;Camara Municipal;Indenizações e Restituições;470000
Água Boa;2023;Secretaria de Saúde;Contratação por Tempo Determinado;5570514
Água Boa;2023;Secretaria de Saúde;Outros Benefícios Assistenciais do servidor e do militar;2715
Água Boa;2023;Secretaria de Saúde;Vencimentos e Vantagens Fixas - Pessoal Civil;10882211
Água Boa;2023;Secretaria de Saúde;Obrigações Patronais;5634519
Água Boa;2023;Secretaria de Saúde;Diárias - Civil;252115
Água Boa;2023;Secretaria de Saúde;Material de Consumo;1353554
Água Boa;2023;Secretaria de Saúde;Material, Bem Ou Serviço para Distribuição Gratuita;1665090
Água Boa;2023;Secretaria de Saúde;Serviços de Consultoria;68940
Água Boa;2023;Secretaria de Saúde;Outros Serviços de Terceiros - Pessoa Física;89500
Água Boa;2023;Secretaria de Saúde;Outros Serviços de Terceiros - Pessoa Jurídica;13471083
Água Boa;2023;Secretaria de Saúde;Serviços de Tecnologia da Informação e Comunicação - Pessoa Jurídica;264834
Água Boa;2023;Secretaria de Saúde;Contribuições;13598054
Água Boa;2023;Secretaria de Saúde;Subvenções Sociais;50000
Água Boa;2023;Secretaria de Saúde;Obras e Instalações;815533
Água Boa;2023;Secretaria de Saúde;Equipamentos e Material Permanente;443048
Água Boa;2023;Secretaria de Saúde;Rateio Pela Participação em Consórcio Público;23927798
Água Boa;2023;Secretaria de Saúde;Despesas de Exercícios Anteriores;164309
Água Boa;2023;Secretaria de Saúde;Indenizações e Restituições;203595
Água Boa;2023;Secretaria de Assistência Social;Contratação por Tempo Determinado;995859
Água Boa;2023;Secretaria de Assistência Social;Outros Benefícios Assistenciais do servidor e do militar;622
Água Boa;2023;Secretaria de Assistência Social;Vencimentos e Vantagens Fixas - Pessoal Civil;1742545
Água Boa;2023;Secretaria de Assistência Social;Obrigações Patronais;681193
Água Boa;2023;Secretaria de Assistência Social;Diárias - Civil;77960
Água Boa;2023;Secretaria de Assistência Social;Material de Consumo;272987
Água Boa;2023;Secretaria de Assistência Social;Material, Bem Ou Serviço para Distribuição Gratuita;408051
Água Boa;2023;Secretaria de Assistência Social;Passagens e Despesas com Locomoção;8462
Água Boa;2023;Secretaria de Assistência Social;Outros Serviços de Terceiros - Pessoa Física;13450
Água Boa;2023;Secretaria de Assistência Social;Outros Serviços de Terceiros - Pessoa Jurídica;1127039
Água Boa;2023;Secretaria de Assistência Social;Subvenções Sociais;327537
Água Boa;2023;Secretaria de Assistência Social;Equipamentos e Material Permanente;79068
Água Boa;2023;Secretaria de Assistência Social;Despesas de Exercícios Anteriores;1444
Água Boa;2023;Secretaria de Finanças;Pensões;57852
Água Boa;2023;Secretaria de Finanças;Contratação por Tempo Determinado;15199
Água Boa;2023;Secretaria de Finanças;Vencimentos e Vantagens Fixas - Pessoal Civil;3115438
Água Boa;2023;Secretaria de Finanças;Obrigações Patronais;866967
Água Boa;2023;Secretaria de Finanças;Diárias - Civil;55785
Água Boa;2023;Secretaria de Finanças;Juros sobre a Dívida por Contrato;423793
Água Boa;2023;Secretaria de Finanças;Material de Consumo;116439
Água Boa;2023;Secretaria de Finanças;Premiações Culturais, Artísticas, Científicas, Desportivas e Outras;26248
Água Boa;2023;Secretaria de Finanças;Passagens e Despesas com Locomoção;6496
Água Boa;2023;Secretaria de Finanças;Serviços de Consultoria;243140
Água Boa;2023;Secretaria de Finanças;Outros Serviços de Terceiros - Pessoa Física;7147
Água Boa;2023;Secretaria de Finanças;Outros Serviços de Terceiros - Pessoa Jurídica;2214656
Água Boa;2023;Secretaria de Finanças;Serviços de Tecnologia da Informação e Comunicação - Pessoa Jurídica;546003
Água Boa;2023;Secretaria de Finanças;Obrigações Tributárias e Contributivas;2458370
Água Boa;2023;Secretaria de Finanças;Obras e Instalações;11580
Água Boa;2023;Secretaria de Finanças;Equipamentos e Material Permanente;105769
Água Boa;2023;Secretaria de Finanças;Principal da Dívida Contratual Resgatado;771213
Água Boa;2023;Secretaria de Finanças;Sentenças Judiciais;269200
Água Boa;2023;Secretaria de Finanças;Despesas de Exercícios Anteriores;22007
Água Boa;2023;Secretaria de Finanças;Indenizações e Restituições;68231
Água Boa;2023;Secretaria de Esporte, Cultura e Lazer;Contratação por Tempo Determinado;11568
Água Boa;2023;Secretaria de Esporte, Cultura e Lazer;Vencimentos e Vantagens Fixas - Pessoal Civil;1391068
Água Boa;2023;Secretaria de Esporte, Cultura e Lazer;Obrigações Patronais;384718
Água Boa;2023;Secretaria de Esporte, Cultura e Lazer;Diárias - Civil;91235
Água Boa;2023;Secretaria de Esporte, Cultura e Lazer;Material de Consumo;698319
Água Boa;2023;Secretaria de Esporte, Cultura e Lazer;Premiações Culturais, Artísticas, Científicas, Desportivas e Outras;305504
Água Boa;2023;Secretaria de Esporte, Cultura e Lazer;Material, Bem Ou Serviço para Distribuição Gratuita;375
Água Boa;2023;Secretaria de Esporte, Cultura e Lazer;Passagens e Despesas com Locomoção;91680
Água Boa;2023;Secretaria de Esporte, Cultura e Lazer;Outros Serviços de Terceiros - Pessoa Física;80340
Água Boa;2023;Secretaria de Esporte, Cultura e Lazer;Outros Serviços de Terceiros - Pessoa Jurídica;4165967
Água Boa;2023;Secretaria de Esporte, Cultura e Lazer;Subvenções Sociais;322481
Água Boa;2023;Secretaria de Esporte, Cultura e Lazer;Obras e Instalações;264050
Água Boa;2023;Secretaria de Esporte, Cultura e Lazer;Equipamentos e Material Permanente;95520
Água Boa;2023;Secretaria de Esporte, Cultura e Lazer;Despesas de Exercícios Anteriores;700
Água Boa;2023;Secretaria de Esporte, Cultura e Lazer;Indenizações e Restituições;63429
Água Boa;2023;Secretaria de Educação;Contratação por Tempo Determinado;16710180
Água Boa;2023;Secretaria de Educação;Outros Benefícios Assistenciais do servidor e do militar;170
Água Boa;2023;Secretaria de Educação;Vencimentos e Vantagens Fixas - Pessoal Civil;17551143
Água Boa;2023;Secretaria de Educação;Obrigações Patronais;10748947
Água Boa;2023;Secretaria de Educação;Diárias - Civil;88403
Água Boa;2023;Secretaria de Educação;Material de Consumo;6318578
Água Boa;2023;Secretaria de Educação;Material, Bem Ou Serviço para Distribuição Gratuita;82394
Água Boa;2023;Secretaria de Educação;Passagens e Despesas com Locomoção;16544
Água Boa;2023;Secretaria de Educação;Outros Serviços de Terceiros - Pessoa Jurídica;8660592
Água Boa;2023;Secretaria de Educação;Serviços de Tecnologia da Informação e Comunicação - Pessoa Jurídica;234000
Água Boa;2023;Secretaria de Educação;Subvenções Sociais;1183541
Água Boa;2023;Secretaria de Educação;Obras e Instalações;3413014
Água Boa;2023;Secretaria de Educação;Equipamentos e Material Permanente;632159
Água Boa;2023;Secretaria de Educação;Despesas de Exercícios Anteriores;20941
Água Boa;2023;Secretaria de Educação;Indenizações e Restituições;1689
Água Boa;2023;Fundo Municipal de Previdência dos Servidores de Água Boa - Água Previ;Aposentadorias, Reserva Remunerada e Reformas;8801289
Água Boa;2023;Fundo Municipal de Previdência dos Servidores de Água Boa - Água Previ;Pensões;1290825
Água Boa;2023;Fundo Municipal de Previdência dos Servidores de Água Boa - Água Previ;Vencimentos e Vantagens Fixas - Pessoal Civil;88567
Água Boa;2023;Fundo Municipal de Previdência dos Servidores de Água Boa - Água Previ;Diárias - Civil;14625
Água Boa;2023;Fundo Municipal de Previdência dos Servidores de Água Boa - Água Previ;Material de Consumo;2191
Água Boa;2023;Fundo Municipal de Previdência dos Servidores de Água Boa - Água Previ;Passagens e Despesas com Locomoção;3472
Água Boa;2023;Fundo Municipal de Previdência dos Servidores de Água Boa - Água Previ;Serviços de Consultoria;74836
Água Boa;2023;Fundo Municipal de Previdência dos Servidores de Água Boa - Água Previ;Outros Serviços de Terceiros - Pessoa Jurídica;39894
Água Boa;2023;Fundo Municipal de Previdência dos Servidores de Água Boa - Água Previ;Serviços de Tecnologia da Informação e Comunicação - Pessoa Jurídica;38829
Água Boa;2023;Fundo Municipal de Previdência dos Servidores de Água Boa - Água Previ;Obrigações Tributárias e Contributivas;40881
Água Boa;2023;Fundo Municipal de Previdência dos Servidores de Água Boa - Água Previ;Equipamentos e Material Permanente;2182
Água Boa;2023;Fundo Municipal de Previdência dos Servidores de Água Boa - Água Previ;Compensações a Regimes de Previdência;15039
Água Boa;2023;Secretaria de Infraestrutura e Meio Ambiente;Contratação por Tempo Determinado;756378
Água Boa;2023;Secretaria de Infraestrutura e Meio Ambiente;Outros Benefícios Assistenciais do servidor e do militar;622
Água Boa;2023;Secretaria de Infraestrutura e Meio Ambiente;Vencimentos e Vantagens Fixas - Pessoal Civil;3600202
Água Boa;2023;Secretaria de Infraestrutura e Meio Ambiente;Obrigações Patronais;1300762
Água Boa;2023;Secretaria de Infraestrutura e Meio Ambiente;Diárias - Civil;22280
Água Boa;2023;Secretaria de Infraestrutura e Meio Ambiente;Material de Consumo;7477039
Água Boa;2023;Secretaria de Infraestrutura e Meio Ambiente;Passagens e Despesas com Locomoção;479
Água Boa;2023;Secretaria de Infraestrutura e Meio Ambiente;Outros Serviços de Terceiros - Pessoa Física;38649
Água Boa;2023;Secretaria de Infraestrutura e Meio Ambiente;Outros Serviços de Terceiros - Pessoa Jurídica;21175984
Água Boa;2023;Secretaria de Infraestrutura e Meio Ambiente;Serviços de Tecnologia da Informação e Comunicação - Pessoa Jurídica;80701
Água Boa;2023;Secretaria de Infraestrutura e Meio Ambiente;Obras e Instalações;16525058
Água Boa;2023;Secretaria de Infraestrutura e Meio Ambiente;Equipamentos e Material Permanente;2887421
Água Boa;2023;Secretaria de Infraestrutura e Meio Ambiente;Rateio Pela Participação em Consórcio Público;76108
Água Boa;2023;Secretaria de Infraestrutura e Meio Ambiente;Despesas Decorrentes de Contrato de Parceria Público-Privada -PPP, exceto Subvenções Econômicas, Aporte e Fundo Garantidor;4107094
Água Boa;2023;Secretaria de Infraestrutura e Meio Ambiente;Despesas de Exercícios Anteriores;53278
Água Boa;2023;Secretaria de Infraestrutura e Meio Ambiente;Indenizações e Restituições;641125
Água Boa;2023;Secretaria de Desenvolvimento Econômico, Agricultura e Turismo;Contratação por Tempo Determinado;252730
Água Boa;2023;Secretaria de Desenvolvimento Econômico, Agricultura e Turismo;Vencimentos e Vantagens Fixas - Pessoal Civil;1287183
Água Boa;2023;Secretaria de Desenvolvimento Econômico, Agricultura e Turismo;Obrigações Patronais;403795
Água Boa;2023;Secretaria de Desenvolvimento Econômico, Agricultura e Turismo;Diárias - Civil;42825
Água Boa;2023;Secretaria de Desenvolvimento Econômico, Agricultura e Turismo;Material de Consumo;474436
Água Boa;2023;Secretaria de Desenvolvimento Econômico, Agricultura e Turismo;Passagens e Despesas com Locomoção;4395
Água Boa;2023;Secretaria de Desenvolvimento Econômico, Agricultura e Turismo;Serviços de Consultoria;52887
Água Boa;2023;Secretaria de Desenvolvimento Econômico, Agricultura e Turismo;Outros Serviços de Terceiros - Pessoa Física;112011
Água Boa;2023;Secretaria de Desenvolvimento Econômico, Agricultura e Turismo;Outros Serviços de Terceiros - Pessoa Jurídica;770732
Água Boa;2023;Secretaria de Desenvolvimento Econômico, Agricultura e Turismo;Subvenções Sociais;610000
Água Boa;2023;Secretaria de Desenvolvimento Econômico, Agricultura e Turismo;Obras e Instalações;470287
Água Boa;2023;Secretaria de Desenvolvimento Econômico, Agricultura e Turismo;Equipamentos e Material Permanente;507362
Água Boa;2023;Secretaria de Desenvolvimento Econômico, Agricultura e Turismo;Despesas Decorrentes da Participação em Fundos, Organismos, ou Entidades Assemelhadas, Nacionais e Internacionais;7166
Água Boa;2023;Secretaria de Desenvolvimento Econômico, Agricultura e Turismo;Despesas de Exercícios Anteriores;7540
Água Boa;2023;Secretaria de Desenvolvimento Econômico, Agricultura e Turismo;Indenizações e Restituições;19163
Água Boa;2023;Secretaria de Administracão e Planejamento;Contratação por Tempo Determinado;72439
Água Boa;2023;Secretaria de Administracão e Planejamento;Vencimentos e Vantagens Fixas - Pessoal Civil;3137896
Água Boa;2023;Secretaria de Administracão e Planejamento;Obrigações Patronais;899554
Água Boa;2023;Secretaria de Administracão e Planejamento;Diárias - Civil;20795
Água Boa;2023;Secretaria de Administracão e Planejamento;Material de Consumo;219360
Água Boa;2023;Secretaria de Administracão e Planejamento;Passagens e Despesas com Locomoção;1136
Água Boa;2023;Secretaria de Administracão e Planejamento;Serviços de Consultoria;27000
Água Boa;2023;Secretaria de Administracão e Planejamento;Outros Serviços de Terceiros - Pessoa Física;41390
Água Boa;2023;Secretaria de Administracão e Planejamento;Outros Serviços de Terceiros - Pessoa Jurídica;1971484
Água Boa;2023;Secretaria de Administracão e Planejamento;Serviços de Tecnologia da Informação e Comunicação - Pessoa Jurídica;396868
Água Boa;2023;Secretaria de Administracão e Planejamento;Subvenções Sociais;120000
Água Boa;2023;Secretaria de Administracão e Planejamento;Obras e Instalações;263180
Água Boa;2023;Secretaria de Administracão e Planejamento;Equipamentos e Material Permanente;244757
Água Boa;2023;Secretaria de Administracão e Planejamento;Despesas de Exercícios Anteriores;427
Água Boa;2023;Secretaria de Administracão e Planejamento;Indenizações e Restituições;630306
Água Boa;2024;Gabinete do Prefeito;Vencimentos e Vantagens Fixas - Pessoal Civil;1578664
Água Boa;2024;Gabinete do Prefeito;Obrigações Patronais;354644
Água Boa;2024;Gabinete do Prefeito;Diárias - Civil;77290
Água Boa;2024;Gabinete do Prefeito;Material de Consumo;46845
Água Boa;2024;Gabinete do Prefeito;Material, Bem Ou Serviço para Distribuição Gratuita;2080
Água Boa;2024;Gabinete do Prefeito;Passagens e Despesas com Locomoção;6696
Água Boa;2024;Gabinete do Prefeito;Outros Serviços de Terceiros - Pessoa Física;208177
Água Boa;2024;Gabinete do Prefeito;Outros Serviços de Terceiros - Pessoa Jurídica;341119
Água Boa;2024;Gabinete do Prefeito;Serviços de Tecnologia da Informação e Comunicação - Pessoa Jurídica;3667
Água Boa;2024;Gabinete do Prefeito;Subvenções Sociais;81000
Água Boa;2024;Gabinete do Prefeito;Equipamentos e Material Permanente;31196
Água Boa;2024;Camara Municipal;Vencimentos e Vantagens Fixas - Pessoal Civil;2978978
Água Boa;2024;Camara Municipal;Obrigações Patronais;592129
Água Boa;2024;Camara Municipal;Diárias - Civil;296188
Água Boa;2024;Camara Municipal;Material de Consumo;69749
Água Boa;2024;Camara Municipal;Serviços de Consultoria;51960
Água Boa;2024;Camara Municipal;Outros Serviços de Terceiros - Pessoa Física;16869
Água Boa;2024;Camara Municipal;Outros Serviços de Terceiros - Pessoa Jurídica;263910
Água Boa;2024;Camara Municipal;Serviços de Tecnologia da Informação e Comunicação - Pessoa Jurídica;18629
Água Boa;2024;Camara Municipal;Subvenções Sociais;30960
Água Boa;2024;Camara Municipal;Equipamentos e Material Permanente;135119
Água Boa;2024;Camara Municipal;Indenizações e Restituições;528000
Água Boa;2024;Secretaria de Saúde;Contratação por Tempo Determinado;7073703
Água Boa;2024;Secretaria de Saúde;Outros Benefícios Assistenciais do servidor e do militar;283
Água Boa;2024;Secretaria de Saúde;Vencimentos e Vantagens Fixas - Pessoal Civil;13619283
Água Boa;2024;Secretaria de Saúde;Obrigações Patronais;6737102
Água Boa;2024;Secretaria de Saúde;Diárias - Civil;241693
Água Boa;2024;Secretaria de Saúde;Material de Consumo;1329054
Água Boa;2024;Secretaria de Saúde;Material, Bem Ou Serviço para Distribuição Gratuita;2209136
Água Boa;2024;Secretaria de Saúde;Serviços de Consultoria;84260
Água Boa;2024;Secretaria de Saúde;Outros Serviços de Terceiros - Pessoa Física;136587
Água Boa;2024;Secretaria de Saúde;Outros Serviços de Terceiros - Pessoa Jurídica;15662618
Água Boa;2024;Secretaria de Saúde;Serviços de Tecnologia da Informação e Comunicação - Pessoa Jurídica;306472
Água Boa;2024;Secretaria de Saúde;Contribuições;10771731
Água Boa;2024;Secretaria de Saúde;Subvenções Sociais;50000
Água Boa;2024;Secretaria de Saúde;Obras e Instalações;3387874
Água Boa;2024;Secretaria de Saúde;Equipamentos e Material Permanente;623164
Água Boa;2024;Secretaria de Saúde;Rateio Pela Participação em Consórcio Público;29540522
Água Boa;2024;Secretaria de Saúde;Sentenças Judiciais;14655
Água Boa;2024;Secretaria de Saúde;Indenizações e Restituições;87925
Água Boa;2024;Secretaria de Assistência Social;Contratação por Tempo Determinado;1024583
Água Boa;2024;Secretaria de Assistência Social;Outros Benefícios Assistenciais do servidor e do militar;113
Água Boa;2024;Secretaria de Assistência Social;Vencimentos e Vantagens Fixas - Pessoal Civil;2026031
Água Boa;2024;Secretaria de Assistência Social;Obrigações Patronais;756571
Água Boa;2024;Secretaria de Assistência Social;Diárias - Civil;95515
Água Boa;2024;Secretaria de Assistência Social;Material de Consumo;342683
Água Boa;2024;Secretaria de Assistência Social;Premiações Culturais, Artísticas, Científicas, Desportivas e Outras;804
Água Boa;2024;Secretaria de Assistência Social;Material, Bem Ou Serviço para Distribuição Gratuita;205751
Água Boa;2024;Secretaria de Assistência Social;Passagens e Despesas com Locomoção;14485
Água Boa;2024;Secretaria de Assistência Social;Outros Serviços de Terceiros - Pessoa Jurídica;1111318
Água Boa;2024;Secretaria de Assistência Social;Subvenções Sociais;335564
Água Boa;2024;Secretaria de Assistência Social;Obras e Instalações;23855
Água Boa;2024;Secretaria de Assistência Social;Equipamentos e Material Permanente;81491
Água Boa;2024;Secretaria de Finanças;Pensões;49420
Água Boa;2024;Secretaria de Finanças;Vencimentos e Vantagens Fixas - Pessoal Civil;3997044
Água Boa;2024;Secretaria de Finanças;Obrigações Patronais;1038894
Água Boa;2024;Secretaria de Finanças;Diárias - Civil;55480
Água Boa;2024;Secretaria de Finanças;Juros sobre a Dívida por Contrato;2037723
Água Boa;2024;Secretaria de Finanças;Material de Consumo;106894
Água Boa;2024;Secretaria de Finanças;Premiações Culturais, Artísticas, Científicas, Desportivas e Outras;28368
Água Boa;2024;Secretaria de Finanças;Passagens e Despesas com Locomoção;5868
Água Boa;2024;Secretaria de Finanças;Serviços de Consultoria;372040
Água Boa;2024;Secretaria de Finanças;Outros Serviços de Terceiros - Pessoa Física;9093
Água Boa;2024;Secretaria de Finanças;Outros Serviços de Terceiros - Pessoa Jurídica;1432574
Água Boa;2024;Secretaria de Finanças;Serviços de Tecnologia da Informação e Comunicação - Pessoa Jurídica;680222
Água Boa;2024;Secretaria de Finanças;Obrigações Tributárias e Contributivas;2439793
Água Boa;2024;Secretaria de Finanças;Equipamentos e Material Permanente;15082
Água Boa;2024;Secretaria de Finanças;Principal da Dívida Contratual Resgatado;1355679
Água Boa;2024;Secretaria de Finanças;Sentenças Judiciais;1202822
Água Boa;2024;Secretaria de Finanças;Despesas de Exercícios Anteriores;2272
Água Boa;2024;Secretaria de Finanças;Indenizações e Restituições;5595
Água Boa;2024;Secretaria de Esporte, Cultura e Lazer;Vencimentos e Vantagens Fixas - Pessoal Civil;1317331
Água Boa;2024;Secretaria de Esporte, Cultura e Lazer;Obrigações Patronais;307506
Água Boa;2024;Secretaria de Esporte, Cultura e Lazer;Diárias - Civil;144868
Água Boa;2024;Secretaria de Esporte, Cultura e Lazer;Material de Consumo;902638
Água Boa;2024;Secretaria de Esporte, Cultura e Lazer;Premiações Culturais, Artísticas, Científicas, Desportivas e Outras;61996
Água Boa;2024;Secretaria de Esporte, Cultura e Lazer;Material, Bem Ou Serviço para Distribuição Gratuita;25264
Água Boa;2024;Secretaria de Esporte, Cultura e Lazer;Passagens e Despesas com Locomoção;23117
Água Boa;2024;Secretaria de Esporte, Cultura e Lazer;Outros Serviços de Terceiros - Pessoa Física;72000
Água Boa;2024;Secretaria de Esporte, Cultura e Lazer;Outros Serviços de Terceiros - Pessoa Jurídica;4189880
Água Boa;2024;Secretaria de Esporte, Cultura e Lazer;Serviços de Tecnologia da Informação e Comunicação - Pessoa Jurídica;6936
Água Boa;2024;Secretaria de Esporte, Cultura e Lazer;Subvenções Sociais;1012787
Água Boa;2024;Secretaria de Esporte, Cultura e Lazer;Obras e Instalações;198006
Água Boa;2024;Secretaria de Esporte, Cultura e Lazer;Equipamentos e Material Permanente;45395
Água Boa;2024;Secretaria de Esporte, Cultura e Lazer;Indenizações e Restituições;27904
Água Boa;2024;Secretaria de Educação;Contratação por Tempo Determinado;18050397
Água Boa;2024;Secretaria de Educação;Outros Benefícios Assistenciais do servidor e do militar;57
Água Boa;2024;Secretaria de Educação;Vencimentos e Vantagens Fixas - Pessoal Civil;18485246
Água Boa;2024;Secretaria de Educação;Obrigações Patronais;9001660
Água Boa;2024;Secretaria de Educação;Diárias - Civil;78038
Água Boa;2024;Secretaria de Educação;Material de Consumo;7133630
Água Boa;2024;Secretaria de Educação;Premiações Culturais, Artísticas, Científicas, Desportivas e Outras;31290
Água Boa;2024;Secretaria de Educação;Material, Bem Ou Serviço para Distribuição Gratuita;6743
Água Boa;2024;Secretaria de Educação;Passagens e Despesas com Locomoção;6952
Água Boa;2024;Secretaria de Educação;Outros Serviços de Terceiros - Pessoa Física;4000
Água Boa;2024;Secretaria de Educação;Outros Serviços de Terceiros - Pessoa Jurídica;7607760
Água Boa;2024;Secretaria de Educação;Serviços de Tecnologia da Informação e Comunicação - Pessoa Jurídica;276846
Água Boa;2024;Secretaria de Educação;Subvenções Sociais;1919963
Água Boa;2024;Secretaria de Educação;Obras e Instalações;8577986
Água Boa;2024;Secretaria de Educação;Equipamentos e Material Permanente;1197698
Água Boa;2024;Secretaria de Educação;Despesas de Exercícios Anteriores;5745
Água Boa;2024;Fundo Municipal de Previdência dos Servidores de Água Boa - Água Previ;Aposentadorias, Reserva Remunerada e Reformas;11059389
Água Boa;2024;Fundo Municipal de Previdência dos Servidores de Água Boa - Água Previ;Pensões;1350380
Água Boa;2024;Fundo Municipal de Previdência dos Servidores de Água Boa - Água Previ;Vencimentos e Vantagens Fixas - Pessoal Civil;133114
Água Boa;2024;Fundo Municipal de Previdência dos Servidores de Água Boa - Água Previ;Diárias - Civil;12870
Água Boa;2024;Fundo Municipal de Previdência dos Servidores de Água Boa - Água Previ;Material de Consumo;1481
Água Boa;2024;Fundo Municipal de Previdência dos Servidores de Água Boa - Água Previ;Passagens e Despesas com Locomoção;1968
Água Boa;2024;Fundo Municipal de Previdência dos Servidores de Água Boa - Água Previ;Serviços de Consultoria;70262
Água Boa;2024;Fundo Municipal de Previdência dos Servidores de Água Boa - Água Previ;Outros Serviços de Terceiros - Pessoa Física;3946
Água Boa;2024;Fundo Municipal de Previdência dos Servidores de Água Boa - Água Previ;Outros Serviços de Terceiros - Pessoa Jurídica;44685
Água Boa;2024;Fundo Municipal de Previdência dos Servidores de Água Boa - Água Previ;Serviços de Tecnologia da Informação e Comunicação - Pessoa Jurídica;16026
Água Boa;2024;Fundo Municipal de Previdência dos Servidores de Água Boa - Água Previ;Obrigações Tributárias e Contributivas;76521
Água Boa;2024;Fundo Municipal de Previdência dos Servidores de Água Boa - Água Previ;Equipamentos e Material Permanente;17763
Água Boa;2024;Fundo Municipal de Previdência dos Servidores de Água Boa - Água Previ;Compensações a Regimes de Previdência;11139
Água Boa;2024;Secretaria de Infraestrutura e Meio Ambiente;Contratação por Tempo Determinado;515208
Água Boa;2024;Secretaria de Infraestrutura e Meio Ambiente;Vencimentos e Vantagens Fixas - Pessoal Civil;4663514
Água Boa;2024;Secretaria de Infraestrutura e Meio Ambiente;Obrigações Patronais;1538746
Água Boa;2024;Secretaria de Infraestrutura e Meio Ambiente;Diárias - Civil;6930
Água Boa;2024;Secretaria de Infraestrutura e Meio Ambiente;Material de Consumo;10110045
Água Boa;2024;Secretaria de Infraestrutura e Meio Ambiente;Outros Serviços de Terceiros - Pessoa Física;44756
Água Boa;2024;Secretaria de Infraestrutura e Meio Ambiente;Outros Serviços de Terceiros - Pessoa Jurídica;18919565
Água Boa;2024;Secretaria de Infraestrutura e Meio Ambiente;Serviços de Tecnologia da Informação e Comunicação - Pessoa Jurídica;89479
Água Boa;2024;Secretaria de Infraestrutura e Meio Ambiente;Subvenções Sociais;50000
Água Boa;2024;Secretaria de Infraestrutura e Meio Ambiente;Obras e Instalações;18568609
Água Boa;2024;Secretaria de Infraestrutura e Meio Ambiente;Equipamentos e Material Permanente;331597
Água Boa;2024;Secretaria de Infraestrutura e Meio Ambiente;Rateio Pela Participação em Consórcio Público;86428
Água Boa;2024;Secretaria de Infraestrutura e Meio Ambiente;Despesas Decorrentes de Contrato de Parceria Público-Privada -PPP, exceto Subvenções Econômicas, Aporte e Fundo Garantidor;4144468
Água Boa;2024;Secretaria de Infraestrutura e Meio Ambiente;Despesas de Exercícios Anteriores;28493
Água Boa;2024;Secretaria de Infraestrutura e Meio Ambiente;Indenizações e Restituições;621751
Água Boa;2024;Secretaria de Desenvolvimento Econômico, Agricultura e Turismo;Contratação por Tempo Determinado;187999
Água Boa;2024;Secretaria de Desenvolvimento Econômico, Agricultura e Turismo;Vencimentos e Vantagens Fixas - Pessoal Civil;1566850
Água Boa;2024;Secretaria de Desenvolvimento Econômico, Agricultura e Turismo;Obrigações Patronais;385644
Água Boa;2024;Secretaria de Desenvolvimento Econômico, Agricultura e Turismo;Diárias - Civil;29540
Água Boa;2024;Secretaria de Desenvolvimento Econômico, Agricultura e Turismo;Material de Consumo;1025023
Água Boa;2024;Secretaria de Desenvolvimento Econômico, Agricultura e Turismo;Passagens e Despesas com Locomoção;2318
Água Boa;2024;Secretaria de Desenvolvimento Econômico, Agricultura e Turismo;Outros Serviços de Terceiros - Pessoa Física;114343
Água Boa;2024;Secretaria de Desenvolvimento Econômico, Agricultura e Turismo;Outros Serviços de Terceiros - Pessoa Jurídica;1065602
Água Boa;2024;Secretaria de Desenvolvimento Econômico, Agricultura e Turismo;Subvenções Sociais;610264
Água Boa;2024;Secretaria de Desenvolvimento Econômico, Agricultura e Turismo;Obras e Instalações;628811
Água Boa;2024;Secretaria de Desenvolvimento Econômico, Agricultura e Turismo;Equipamentos e Material Permanente;6512120
Água Boa;2024;Secretaria de Desenvolvimento Econômico, Agricultura e Turismo;Despesas Decorrentes da Participação em Fundos, Organismos, ou Entidades Assemelhadas, Nacionais e Internacionais;22779
Água Boa;2024;Secretaria de Desenvolvimento Econômico, Agricultura e Turismo;Despesas de Exercícios Anteriores;7106
Água Boa;2024;Secretaria de Administracão e Planejamento;Contratação por Tempo Determinado;25562
Água Boa;2024;Secretaria de Administracão e Planejamento;Vencimentos e Vantagens Fixas - Pessoal Civil;3444714
Água Boa;2024;Secretaria de Administracão e Planejamento;Obrigações Patronais;743539
Água Boa;2024;Secretaria de Administracão e Planejamento;Diárias - Civil;28223
Água Boa;2024;Secretaria de Administracão e Planejamento;Material de Consumo;131318
Água Boa;2024;Secretaria de Administracão e Planejamento;Passagens e Despesas com Locomoção;2569
Água Boa;2024;Secretaria de Administracão e Planejamento;Serviços de Consultoria;40600
Água Boa;2024;Secretaria de Administracão e Planejamento;Outros Serviços de Terceiros - Pessoa Física;20636
Água Boa;2024;Secretaria de Administracão e Planejamento;Outros Serviços de Terceiros - Pessoa Jurídica;2446071
Água Boa;2024;Secretaria de Administracão e Planejamento;Serviços de Tecnologia da Informação e Comunicação - Pessoa Jurídica;408304
Água Boa;2024;Secretaria de Administracão e Planejamento;Subvenções Sociais;120000
Água Boa;2024;Secretaria de Administracão e Planejamento;Obras e Instalações;71779
Água Boa;2024;Secretaria de Administracão e Planejamento;Equipamentos e Material Permanente;54520
Água Boa;2024;Secretaria de Administracão e Planejamento;Sentenças Judiciais;1500
Água Boa;2024;Secretaria de Administracão e Planejamento;Despesas de Exercícios Anteriores;1984
Água Boa;2024;Secretaria de Administracão e Planejamento;Indenizações e Restituições;179738
Água Boa;2025;Gabinete do Prefeito;Vencimentos e Vantagens Fixas - Pessoal Civil;2113660
Água Boa;2025;Gabinete do Prefeito;Obrigações Patronais;510033
Água Boa;2025;Gabinete do Prefeito;Diárias - Civil;200360
Água Boa;2025;Gabinete do Prefeito;Material de Consumo;58961
Água Boa;2025;Gabinete do Prefeito;Material, Bem Ou Serviço para Distribuição Gratuita;1545
Água Boa;2025;Gabinete do Prefeito;Passagens e Despesas com Locomoção;6406
Água Boa;2025;Gabinete do Prefeito;Outros Serviços de Terceiros - Pessoa Física;161745
Água Boa;2025;Gabinete do Prefeito;Outros Serviços de Terceiros - Pessoa Jurídica;477430
Água Boa;2025;Gabinete do Prefeito;Serviços de Tecnologia da Informação e Comunicação - Pessoa Jurídica;6818
Água Boa;2025;Gabinete do Prefeito;Subvenções Sociais;120000
Água Boa;2025;Gabinete do Prefeito;Equipamentos e Material Permanente;400062
Água Boa;2025;Camara Municipal;Vencimentos e Vantagens Fixas - Pessoal Civil;3002121
Água Boa;2025;Camara Municipal;Obrigações Patronais;737311
Água Boa;2025;Camara Municipal;Diárias - Civil;274673
Água Boa;2025;Camara Municipal;Material de Consumo;95314
Água Boa;2025;Camara Municipal;Serviços de Consultoria;49500
Água Boa;2025;Camara Municipal;Outros Serviços de Terceiros - Pessoa Jurídica;350960
Água Boa;2025;Camara Municipal;Serviços de Tecnologia da Informação e Comunicação - Pessoa Jurídica;50663
Água Boa;2025;Camara Municipal;Subvenções Sociais;39050
Água Boa;2025;Camara Municipal;Equipamentos e Material Permanente;62861
Água Boa;2025;Camara Municipal;Indenizações e Restituições;661056
Água Boa;2025;Secretaria de Saúde;Contratação por Tempo Determinado;1854898
Água Boa;2025;Secretaria de Saúde;Contribuição a Entidades Fechadas de Previdência;45168
Água Boa;2025;Secretaria de Saúde;Vencimentos e Vantagens Fixas - Pessoal Civil;21146015
Água Boa;2025;Secretaria de Saúde;Obrigações Patronais;7989550
Água Boa;2025;Secretaria de Saúde;Diárias - Civil;325630
Água Boa;2025;Secretaria de Saúde;Material de Consumo;3508137
Água Boa;2025;Secretaria de Saúde;Material, Bem Ou Serviço para Distribuição Gratuita;3043812
Água Boa;2025;Secretaria de Saúde;Passagens e Despesas com Locomoção;608345
Água Boa;2025;Secretaria de Saúde;Serviços de Consultoria;199258
Água Boa;2025;Secretaria de Saúde;Outros Serviços de Terceiros - Pessoa Física;147991
Água Boa;2025;Secretaria de Saúde;Outros Serviços de Terceiros - Pessoa Jurídica;16571985
Água Boa;2025;Secretaria de Saúde;Serviços de Tecnologia da Informação e Comunicação - Pessoa Jurídica;440680
Água Boa;2025;Secretaria de Saúde;Contribuições;5923867
Água Boa;2025;Secretaria de Saúde;Subvenções Sociais;80000
Água Boa;2025;Secretaria de Saúde;Obras e Instalações;2285431
Água Boa;2025;Secretaria de Saúde;Equipamentos e Material Permanente;875548
Água Boa;2025;Secretaria de Saúde;Rateio Pela Participação em Consórcio Público;35084568
Água Boa;2025;Secretaria de Saúde;Sentenças Judiciais;154937
Água Boa;2025;Secretaria de Saúde;Despesas de Exercícios Anteriores;33209
Água Boa;2025;Secretaria de Saúde;Indenizações e Restituições;425185
Água Boa;2025;Secretaria de Assistência Social;Contratação por Tempo Determinado;469721
Água Boa;2025;Secretaria de Assistência Social;Outros Benefícios Assistenciais do servidor e do militar;4554
Água Boa;2025;Secretaria de Assistência Social;Vencimentos e Vantagens Fixas - Pessoal Civil;2951643
Água Boa;2025;Secretaria de Assistência Social;Obrigações Patronais;970953
Água Boa;2025;Secretaria de Assistência Social;Diárias - Civil;156548
Água Boa;2025;Secretaria de Assistência Social;Material de Consumo;397460
Água Boa;2025;Secretaria de Assistência Social;Material, Bem Ou Serviço para Distribuição Gratuita;171782
Água Boa;2025;Secretaria de Assistência Social;Passagens e Despesas com Locomoção;20300
Água Boa;2025;Secretaria de Assistência Social;Outros Serviços de Terceiros - Pessoa Física;41132
Água Boa;2025;Secretaria de Assistência Social;Outros Serviços de Terceiros - Pessoa Jurídica;2076673
Água Boa;2025;Secretaria de Assistência Social;Serviços de Tecnologia da Informação e Comunicação - Pessoa Jurídica;118625
Água Boa;2025;Secretaria de Assistência Social;Subvenções Sociais;527379
Água Boa;2025;Secretaria de Assistência Social;Equipamentos e Material Permanente;123867
Água Boa;2025;Secretaria de Assistência Social;Sentenças Judiciais;45033
Água Boa;2025;Secretaria de Assistência Social;Indenizações e Restituições;1184
Água Boa;2025;Secretaria de Finanças;Pensões;62238
Água Boa;2025;Secretaria de Finanças;Contribuição a Entidades Fechadas de Previdência;4398
Água Boa;2025;Secretaria de Finanças;Vencimentos e Vantagens Fixas - Pessoal Civil;4729049
Água Boa;2025;Secretaria de Finanças;Obrigações Patronais;1370707
Água Boa;2025;Secretaria de Finanças;Diárias - Civil;77025
Água Boa;2025;Secretaria de Finanças;Juros sobre a Dívida por Contrato;3934755
Água Boa;2025;Secretaria de Finanças;Material de Consumo;115888
Água Boa;2025;Secretaria de Finanças;Premiações Culturais, Artísticas, Científicas, Desportivas e Outras;29417
Água Boa;2025;Secretaria de Finanças;Passagens e Despesas com Locomoção;7916
Água Boa;2025;Secretaria de Finanças;Serviços de Consultoria;239301
Água Boa;2025;Secretaria de Finanças;Outros Serviços de Terceiros - Pessoa Física;1920
Água Boa;2025;Secretaria de Finanças;Outros Serviços de Terceiros - Pessoa Jurídica;1375350
Água Boa;2025;Secretaria de Finanças;Serviços de Tecnologia da Informação e Comunicação - Pessoa Jurídica;693399
Água Boa;2025;Secretaria de Finanças;Obrigações Tributárias e Contributivas;3359191
Água Boa;2025;Secretaria de Finanças;Equipamentos e Material Permanente;53272
Água Boa;2025;Secretaria de Finanças;Principal da Dívida Contratual Resgatado;3116693
Água Boa;2025;Secretaria de Finanças;Sentenças Judiciais;260522
Água Boa;2025;Secretaria de Finanças;Despesas de Exercícios Anteriores;280
Água Boa;2025;Secretaria de Finanças;Indenizações e Restituições;2431
Água Boa;2025;Secretaria de Esporte, Cultura e Lazer;Vencimentos e Vantagens Fixas - Pessoal Civil;1531471
Água Boa;2025;Secretaria de Esporte, Cultura e Lazer;Obrigações Patronais;360849
Água Boa;2025;Secretaria de Esporte, Cultura e Lazer;Diárias - Civil;153073
Água Boa;2025;Secretaria de Esporte, Cultura e Lazer;Material de Consumo;959940
Água Boa;2025;Secretaria de Esporte, Cultura e Lazer;Premiações Culturais, Artísticas, Científicas, Desportivas e Outras;98872
Água Boa;2025;Secretaria de Esporte, Cultura e Lazer;Material, Bem Ou Serviço para Distribuição Gratuita;47601
Água Boa;2025;Secretaria de Esporte, Cultura e Lazer;Passagens e Despesas com Locomoção;13170
Água Boa;2025;Secretaria de Esporte, Cultura e Lazer;Outros Serviços de Terceiros - Pessoa Física;84000
Água Boa;2025;Secretaria de Esporte, Cultura e Lazer;Outros Serviços de Terceiros - Pessoa Jurídica;4836472
Água Boa;2025;Secretaria de Esporte, Cultura e Lazer;Serviços de Tecnologia da Informação e Comunicação - Pessoa Jurídica;5267
Água Boa;2025;Secretaria de Esporte, Cultura e Lazer;Subvenções Sociais;940248
Água Boa;2025;Secretaria de Esporte, Cultura e Lazer;Obras e Instalações;47960
Água Boa;2025;Secretaria de Esporte, Cultura e Lazer;Equipamentos e Material Permanente;493093
Água Boa;2025;Secretaria de Esporte, Cultura e Lazer;Indenizações e Restituições;22834
Água Boa;2025;Secretaria de Educação;Contratação por Tempo Determinado;14792098
Água Boa;2025;Secretaria de Educação;Contribuição a Entidades Fechadas de Previdência;4491
Água Boa;2025;Secretaria de Educação;Vencimentos e Vantagens Fixas - Pessoal Civil;24432907
Água Boa;2025;Secretaria de Educação;Obrigações Patronais;11974956
Água Boa;2025;Secretaria de Educação;Diárias - Civil;97875
Água Boa;2025;Secretaria de Educação;Material de Consumo;9883805
Água Boa;2025;Secretaria de Educação;Premiações Culturais, Artísticas, Científicas, Desportivas e Outras;55840
Água Boa;2025;Secretaria de Educação;Passagens e Despesas com Locomoção;7893
Água Boa;2025;Secretaria de Educação;Outros Serviços de Terceiros - Pessoa Física;4000
Água Boa;2025;Secretaria de Educação;Outros Serviços de Terceiros - Pessoa Jurídica;8258145
Água Boa;2025;Secretaria de Educação;Serviços de Tecnologia da Informação e Comunicação - Pessoa Jurídica;386331
Água Boa;2025;Secretaria de Educação;Subvenções Sociais;1626254
Água Boa;2025;Secretaria de Educação;Obras e Instalações;508434
Água Boa;2025;Secretaria de Educação;Equipamentos e Material Permanente;790799
Água Boa;2025;Fundo Municipal de Previdência dos Servidores de Água Boa - Água Previ;Aposentadorias, Reserva Remunerada e Reformas;12338745
Água Boa;2025;Fundo Municipal de Previdência dos Servidores de Água Boa - Água Previ;Pensões;1561574
Água Boa;2025;Fundo Municipal de Previdência dos Servidores de Água Boa - Água Previ;Vencimentos e Vantagens Fixas - Pessoal Civil;166592
Água Boa;2025;Fundo Municipal de Previdência dos Servidores de Água Boa - Água Previ;Diárias - Civil;12105
Água Boa;2025;Fundo Municipal de Previdência dos Servidores de Água Boa - Água Previ;Material de Consumo;5322
Água Boa;2025;Fundo Municipal de Previdência dos Servidores de Água Boa - Água Previ;Passagens e Despesas com Locomoção;2581
Água Boa;2025;Fundo Municipal de Previdência dos Servidores de Água Boa - Água Previ;Serviços de Consultoria;72079
Água Boa;2025;Fundo Municipal de Previdência dos Servidores de Água Boa - Água Previ;Outros Serviços de Terceiros - Pessoa Física;46489
Água Boa;2025;Fundo Municipal de Previdência dos Servidores de Água Boa - Água Previ;Outros Serviços de Terceiros - Pessoa Jurídica;73383
Água Boa;2025;Fundo Municipal de Previdência dos Servidores de Água Boa - Água Previ;Serviços de Tecnologia da Informação e Comunicação - Pessoa Jurídica;26952
Água Boa;2025;Fundo Municipal de Previdência dos Servidores de Água Boa - Água Previ;Obrigações Tributárias e Contributivas;52508
Água Boa;2025;Fundo Municipal de Previdência dos Servidores de Água Boa - Água Previ;Equipamentos e Material Permanente;13298
Água Boa;2025;Fundo Municipal de Previdência dos Servidores de Água Boa - Água Previ;Compensações a Regimes de Previdência;2094
Água Boa;2025;Fundo Municipal de Previdência dos Servidores de Água Boa - Água Previ;Sentenças Judiciais;43432
Água Boa;2025;Secretaria de Infraestrutura e Meio Ambiente;Vencimentos e Vantagens Fixas - Pessoal Civil;6039110
Água Boa;2025;Secretaria de Infraestrutura e Meio Ambiente;Obrigações Patronais;1971261
Água Boa;2025;Secretaria de Infraestrutura e Meio Ambiente;Diárias - Civil;14330
Água Boa;2025;Secretaria de Infraestrutura e Meio Ambiente;Material de Consumo;14698574
Água Boa;2025;Secretaria de Infraestrutura e Meio Ambiente;Premiações Culturais, Artísticas, Científicas, Desportivas e Outras;18894
Água Boa;2025;Secretaria de Infraestrutura e Meio Ambiente;Serviços de Consultoria;6500
Água Boa;2025;Secretaria de Infraestrutura e Meio Ambiente;Outros Serviços de Terceiros - Pessoa Física;47810
Água Boa;2025;Secretaria de Infraestrutura e Meio Ambiente;Outros Serviços de Terceiros - Pessoa Jurídica;21324156
Água Boa;2025;Secretaria de Infraestrutura e Meio Ambiente;Serviços de Tecnologia da Informação e Comunicação - Pessoa Jurídica;103190
Água Boa;2025;Secretaria de Infraestrutura e Meio Ambiente;Subvenções Sociais;60000
Água Boa;2025;Secretaria de Infraestrutura e Meio Ambiente;Obras e Instalações;7731087
Água Boa;2025;Secretaria de Infraestrutura e Meio Ambiente;Equipamentos e Material Permanente;393360
Água Boa;2025;Secretaria de Infraestrutura e Meio Ambiente;Rateio Pela Participação em Consórcio Público;120000
Água Boa;2025;Secretaria de Infraestrutura e Meio Ambiente;Despesas Decorrentes de Contrato de Parceria Público-Privada -PPP, exceto Subvenções Econômicas, Aporte e Fundo Garantidor;4031978
Água Boa;2025;Secretaria de Infraestrutura e Meio Ambiente;Despesas de Exercícios Anteriores;1387020
Água Boa;2025;Secretaria de Infraestrutura e Meio Ambiente;Indenizações e Restituições;1619528
Água Boa;2025;Secretaria de Desenvolvimento Econômico, Agricultura e Turismo;Contribuição a Entidades Fechadas de Previdência;20
Água Boa;2025;Secretaria de Desenvolvimento Econômico, Agricultura e Turismo;Vencimentos e Vantagens Fixas - Pessoal Civil;1617941
Água Boa;2025;Secretaria de Desenvolvimento Econômico, Agricultura e Turismo;Obrigações Patronais;341065
Água Boa;2025;Secretaria de Desenvolvimento Econômico, Agricultura e Turismo;Diárias - Civil;57655
Água Boa;2025;Secretaria de Desenvolvimento Econômico, Agricultura e Turismo;Material de Consumo;840829
Água Boa;2025;Secretaria de Desenvolvimento Econômico, Agricultura e Turismo;Passagens e Despesas com Locomoção;2635
Água Boa;2025;Secretaria de Desenvolvimento Econômico, Agricultura e Turismo;Serviços de Consultoria;314258
Água Boa;2025;Secretaria de Desenvolvimento Econômico, Agricultura e Turismo;Outros Serviços de Terceiros - Pessoa Física;57117
Água Boa;2025;Secretaria de Desenvolvimento Econômico, Agricultura e Turismo;Outros Serviços de Terceiros - Pessoa Jurídica;1218913
Água Boa;2025;Secretaria de Desenvolvimento Econômico, Agricultura e Turismo;Subvenções Sociais;750000
Água Boa;2025;Secretaria de Desenvolvimento Econômico, Agricultura e Turismo;Obras e Instalações;4640045
Água Boa;2025;Secretaria de Desenvolvimento Econômico, Agricultura e Turismo;Equipamentos e Material Permanente;179617
Água Boa;2025;Secretaria de Desenvolvimento Econômico, Agricultura e Turismo;Despesas Decorrentes da Participação em Fundos, Organismos, ou Entidades Assemelhadas, Nacionais e Internacionais;11367
Água Boa;2025;Secretaria de Desenvolvimento Econômico, Agricultura e Turismo;Indenizações e Restituições;39764
Água Boa;2025;Secretaria de Administracão e Planejamento;Contribuição a Entidades Fechadas de Previdência;221
Água Boa;2025;Secretaria de Administracão e Planejamento;Vencimentos e Vantagens Fixas - Pessoal Civil;2556777
Água Boa;2025;Secretaria de Administracão e Planejamento;Obrigações Patronais;586942
Água Boa;2025;Secretaria de Administracão e Planejamento;Diárias - Civil;24938
Água Boa;2025;Secretaria de Administracão e Planejamento;Material de Consumo;333473
Água Boa;2025;Secretaria de Administracão e Planejamento;Serviços de Consultoria;46336
Água Boa;2025;Secretaria de Administracão e Planejamento;Outros Serviços de Terceiros - Pessoa Física;52533
Água Boa;2025;Secretaria de Administracão e Planejamento;Outros Serviços de Terceiros - Pessoa Jurídica;1285139
Água Boa;2025;Secretaria de Administracão e Planejamento;Serviços de Tecnologia da Informação e Comunicação - Pessoa Jurídica;410172
Água Boa;2025;Secretaria de Administracão e Planejamento;Subvenções Sociais;453130
Água Boa;2025;Secretaria de Administracão e Planejamento;Obras e Instalações;161122
Água Boa;2025;Secretaria de Administracão e Planejamento;Equipamentos e Material Permanente;292267
Água Boa;2025;Secretaria de Administracão e Planejamento;Despesas de Exercícios Anteriores;856
Água Boa;2025;Secretaria de Administracão e Planejamento;Indenizações e Restituições;120218
Água Boa;2025;Secretaria de Planejamento, Obras e Engenharia;Contribuição a Entidades Fechadas de Previdência;922
Água Boa;2025;Secretaria de Planejamento, Obras e Engenharia;Vencimentos e Vantagens Fixas - Pessoal Civil;1812565
Água Boa;2025;Secretaria de Planejamento, Obras e Engenharia;Obrigações Patronais;337979
Água Boa;2025;Secretaria de Planejamento, Obras e Engenharia;Diárias - Civil;37603
Água Boa;2025;Secretaria de Planejamento, Obras e Engenharia;Material de Consumo;14641
Água Boa;2025;Secretaria de Planejamento, Obras e Engenharia;Passagens e Despesas com Locomoção;416
Água Boa;2025;Secretaria de Planejamento, Obras e Engenharia;Outros Serviços de Terceiros - Pessoa Física;6587
Água Boa;2025;Secretaria de Planejamento, Obras e Engenharia;Outros Serviços de Terceiros - Pessoa Jurídica;148189
Água Boa;2025;Secretaria de Planejamento, Obras e Engenharia;Serviços de Tecnologia da Informação e Comunicação - Pessoa Jurídica;100949
Água Boa;2025;Secretaria de Planejamento, Obras e Engenharia;Obras e Instalações;6350
Água Boa;2025;Secretaria de Planejamento, Obras e Engenharia;Equipamentos e Material Permanente;34914
Água Boa;2026;Gabinete do Prefeito;Vencimentos e Vantagens Fixas - Pessoal Civil;1523369
Água Boa;2026;Gabinete do Prefeito;Obrigações Patronais;352493
Água Boa;2026;Gabinete do Prefeito;Diárias - Civil;100980
Água Boa;2026;Gabinete do Prefeito;Material de Consumo;64029
Água Boa;2026;Gabinete do Prefeito;Material, Bem Ou Serviço para Distribuição Gratuita;7120
Água Boa;2026;Gabinete do Prefeito;Passagens e Despesas com Locomoção;1334
Água Boa;2026;Gabinete do Prefeito;Outros Serviços de Terceiros - Pessoa Física;144155
Água Boa;2026;Gabinete do Prefeito;Outros Serviços de Terceiros - Pessoa Jurídica;380777
Água Boa;2026;Gabinete do Prefeito;Serviços de Tecnologia da Informação e Comunicação - Pessoa Jurídica;14654
Água Boa;2026;Gabinete do Prefeito;Subvenções Sociais;68007
Água Boa;2026;Gabinete do Prefeito;Equipamentos e Material Permanente;37178
Água Boa;2026;Camara Municipal;Vencimentos e Vantagens Fixas - Pessoal Civil;1806661
Água Boa;2026;Camara Municipal;Obrigações Patronais;465956
Água Boa;2026;Camara Municipal;Diárias - Civil;243747
Água Boa;2026;Camara Municipal;Material de Consumo;36826
Água Boa;2026;Camara Municipal;Serviços de Consultoria;32552
Água Boa;2026;Camara Municipal;Outros Serviços de Terceiros - Pessoa Jurídica;200998
Água Boa;2026;Camara Municipal;Serviços de Tecnologia da Informação e Comunicação - Pessoa Jurídica;70037
Água Boa;2026;Camara Municipal;Subvenções Sociais;28000
Água Boa;2026;Camara Municipal;Equipamentos e Material Permanente;4413
Água Boa;2026;Camara Municipal;Indenizações e Restituições;455800
Água Boa;2026;Secretaria de Saúde;Contratação por Tempo Determinado;1109103
Água Boa;2026;Secretaria de Saúde;Contribuição a Entidades Fechadas de Previdência;62964
Água Boa;2026;Secretaria de Saúde;Vencimentos e Vantagens Fixas - Pessoal Civil;13214579
Água Boa;2026;Secretaria de Saúde;Obrigações Patronais;4054995
Água Boa;2026;Secretaria de Saúde;Diárias - Civil;316295
Água Boa;2026;Secretaria de Saúde;Material de Consumo;1607533
Água Boa;2026;Secretaria de Saúde;Material, Bem Ou Serviço para Distribuição Gratuita;1712790
Água Boa;2026;Secretaria de Saúde;Passagens e Despesas com Locomoção;678872
Água Boa;2026;Secretaria de Saúde;Serviços de Consultoria;176300
Água Boa;2026;Secretaria de Saúde;Outros Serviços de Terceiros - Pessoa Física;90733
Água Boa;2026;Secretaria de Saúde;Outros Serviços de Terceiros - Pessoa Jurídica;9922325
Água Boa;2026;Secretaria de Saúde;Serviços de Tecnologia da Informação e Comunicação - Pessoa Jurídica;257835
Água Boa;2026;Secretaria de Saúde;Subvenções Sociais;30000
Água Boa;2026;Secretaria de Saúde;Obras e Instalações;1332801
Água Boa;2026;Secretaria de Saúde;Equipamentos e Material Permanente;310589
Água Boa;2026;Secretaria de Saúde;Rateio Pela Participação em Consórcio Público;27725317
Água Boa;2026;Secretaria de Saúde;Contrato de Gestão;5746694
Água Boa;2026;Secretaria de Saúde;Sentenças Judiciais;28123
Água Boa;2026;Secretaria de Saúde;Despesas de Exercícios Anteriores;4352
Água Boa;2026;Secretaria de Saúde;Indenizações e Restituições;67400
Água Boa;2026;Secretaria de Finanças;Pensões;38418
Água Boa;2026;Secretaria de Finanças;Contribuição a Entidades Fechadas de Previdência;4944
Água Boa;2026;Secretaria de Finanças;Vencimentos e Vantagens Fixas - Pessoal Civil;3115130
Água Boa;2026;Secretaria de Finanças;Obrigações Patronais;830529
Água Boa;2026;Secretaria de Finanças;Diárias - Civil;98620
Água Boa;2026;Secretaria de Finanças;Juros sobre a Dívida por Contrato;1784915
Água Boa;2026;Secretaria de Finanças;Material de Consumo;65594
Água Boa;2026;Secretaria de Finanças;Passagens e Despesas com Locomoção;10351
Água Boa;2026;Secretaria de Finanças;Serviços de Consultoria;178884
Água Boa;2026;Secretaria de Finanças;Outros Serviços de Terceiros - Pessoa Jurídica;1026675
Água Boa;2026;Secretaria de Finanças;Serviços de Tecnologia da Informação e Comunicação - Pessoa Jurídica;407287
Água Boa;2026;Secretaria de Finanças;Obrigações Tributárias e Contributivas;1842023
Água Boa;2026;Secretaria de Finanças;Equipamentos e Material Permanente;26610
Água Boa;2026;Secretaria de Finanças;Principal da Dívida Contratual Resgatado;1899270
Água Boa;2026;Secretaria de Finanças;Sentenças Judiciais;21960
Água Boa;2026;Secretaria de Finanças;Indenizações e Restituições;207975
Água Boa;2026;Secretaria de Esporte, Cultura e Lazer;Vencimentos e Vantagens Fixas - Pessoal Civil;850694
Água Boa;2026;Secretaria de Esporte, Cultura e Lazer;Obrigações Patronais;180764
Água Boa;2026;Secretaria de Esporte, Cultura e Lazer;Diárias - Civil;128300
Água Boa;2026;Secretaria de Esporte, Cultura e Lazer;Material de Consumo;679615
Água Boa;2026;Secretaria de Esporte, Cultura e Lazer;Premiações Culturais, Artísticas, Científicas, Desportivas e Outras;78498
Água Boa;2026;Secretaria de Esporte, Cultura e Lazer;Material, Bem Ou Serviço para Distribuição Gratuita;31495
Água Boa;2026;Secretaria de Esporte, Cultura e Lazer;Passagens e Despesas com Locomoção;13334
Água Boa;2026;Secretaria de Esporte, Cultura e Lazer;Outros Serviços de Terceiros - Pessoa Física;75881
Água Boa;2026;Secretaria de Esporte, Cultura e Lazer;Outros Serviços de Terceiros - Pessoa Jurídica;3850047
Água Boa;2026;Secretaria de Esporte, Cultura e Lazer;Serviços de Tecnologia da Informação e Comunicação - Pessoa Jurídica;4274
Água Boa;2026;Secretaria de Esporte, Cultura e Lazer;Subvenções Sociais;755914
Água Boa;2026;Secretaria de Esporte, Cultura e Lazer;Obras e Instalações;24195
Água Boa;2026;Secretaria de Esporte, Cultura e Lazer;Equipamentos e Material Permanente;78370
Água Boa;2026;Secretaria de Esporte, Cultura e Lazer;Indenizações e Restituições;123
Água Boa;2026;Secretaria de Educação;Contratação por Tempo Determinado;8776489
Água Boa;2026;Secretaria de Educação;Contribuição a Entidades Fechadas de Previdência;7734
Água Boa;2026;Secretaria de Educação;Vencimentos e Vantagens Fixas - Pessoal Civil;15556511
Água Boa;2026;Secretaria de Educação;Obrigações Patronais;7079312
Água Boa;2026;Secretaria de Educação;Diárias - Civil;148940
Água Boa;2026;Secretaria de Educação;Material de Consumo;6864674
Água Boa;2026;Secretaria de Educação;Premiações Culturais, Artísticas, Científicas, Desportivas e Outras;27920
Água Boa;2026;Secretaria de Educação;Passagens e Despesas com Locomoção;1775
Água Boa;2026;Secretaria de Educação;Outros Serviços de Terceiros - Pessoa Jurídica;3981488
Água Boa;2026;Secretaria de Educação;Serviços de Tecnologia da Informação e Comunicação - Pessoa Jurídica;231042
Água Boa;2026;Secretaria de Educação;Subvenções Sociais;885875
Água Boa;2026;Secretaria de Educação;Obras e Instalações;3558542
Água Boa;2026;Secretaria de Educação;Equipamentos e Material Permanente;829735
Água Boa;2026;Secretaria de Educação;Indenizações e Restituições;43699
Água Boa;2026;Fundo Municipal de Previdência dos Servidores de Água Boa - Água Previ;Aposentadorias, Reserva Remunerada e Reformas;8842569
Água Boa;2026;Fundo Municipal de Previdência dos Servidores de Água Boa - Água Previ;Pensões;1174415
Água Boa;2026;Fundo Municipal de Previdência dos Servidores de Água Boa - Água Previ;Vencimentos e Vantagens Fixas - Pessoal Civil;116390
Água Boa;2026;Fundo Municipal de Previdência dos Servidores de Água Boa - Água Previ;Obrigações Patronais;3380
Água Boa;2026;Fundo Municipal de Previdência dos Servidores de Água Boa - Água Previ;Diárias - Civil;12420
Água Boa;2026;Fundo Municipal de Previdência dos Servidores de Água Boa - Água Previ;Material de Consumo;7968
Água Boa;2026;Fundo Municipal de Previdência dos Servidores de Água Boa - Água Previ;Passagens e Despesas com Locomoção;1966
Água Boa;2026;Fundo Municipal de Previdência dos Servidores de Água Boa - Água Previ;Serviços de Consultoria;50490
Água Boa;2026;Fundo Municipal de Previdência dos Servidores de Água Boa - Água Previ;Outros Serviços de Terceiros - Pessoa Física;30864
Água Boa;2026;Fundo Municipal de Previdência dos Servidores de Água Boa - Água Previ;Outros Serviços de Terceiros - Pessoa Jurídica;64874
Água Boa;2026;Fundo Municipal de Previdência dos Servidores de Água Boa - Água Previ;Serviços de Tecnologia da Informação e Comunicação - Pessoa Jurídica;36472
Água Boa;2026;Fundo Municipal de Previdência dos Servidores de Água Boa - Água Previ;Obrigações Tributárias e Contributivas;5958
Água Boa;2026;Fundo Municipal de Previdência dos Servidores de Água Boa - Água Previ;Equipamentos e Material Permanente;7439
Água Boa;2026;Fundo Municipal de Previdência dos Servidores de Água Boa - Água Previ;Compensações a Regimes de Previdência;9142
Água Boa;2026;Secretaria de Administracão;Vencimentos e Vantagens Fixas - Pessoal Civil;1315781
Água Boa;2026;Secretaria de Administracão;Obrigações Patronais;297466
Água Boa;2026;Secretaria de Administracão;Diárias - Civil;12580
Água Boa;2026;Secretaria de Administracão;Material de Consumo;151995
Água Boa;2026;Secretaria de Administracão;Premiações Culturais, Artísticas, Científicas, Desportivas e Outras;5824
Água Boa;2026;Secretaria de Administracão;Passagens e Despesas com Locomoção;550
Água Boa;2026;Secretaria de Administracão;Serviços de Consultoria;20118
Água Boa;2026;Secretaria de Administracão;Outros Serviços de Terceiros - Pessoa Física;46768
Água Boa;2026;Secretaria de Administracão;Outros Serviços de Terceiros - Pessoa Jurídica;1096056
Água Boa;2026;Secretaria de Administracão;Serviços de Tecnologia da Informação e Comunicação - Pessoa Jurídica;204353
Água Boa;2026;Secretaria de Administracão;Obras e Instalações;1689511
Água Boa;2026;Secretaria de Administracão;Equipamentos e Material Permanente;60541
Água Boa;2026;Secretaria de Administracão;Indenizações e Restituições;62026
Água Boa;2026;Secretaria de Infraestrutura e Meio Ambiente;Vencimentos e Vantagens Fixas - Pessoal Civil;3913406
Água Boa;2026;Secretaria de Infraestrutura e Meio Ambiente;Obrigações Patronais;1104174
Água Boa;2026;Secretaria de Infraestrutura e Meio Ambiente;Diárias - Civil;20165
Água Boa;2026;Secretaria de Infraestrutura e Meio Ambiente;Material de Consumo;7521321
Água Boa;2026;Secretaria de Infraestrutura e Meio Ambiente;Premiações Culturais, Artísticas, Científicas, Desportivas e Outras;1456
Água Boa;2026;Secretaria de Infraestrutura e Meio Ambiente;Passagens e Despesas com Locomoção;275
Água Boa;2026;Secretaria de Infraestrutura e Meio Ambiente;Serviços de Consultoria;60000
Água Boa;2026;Secretaria de Infraestrutura e Meio Ambiente;Outros Serviços de Terceiros - Pessoa Jurídica;11522518
Água Boa;2026;Secretaria de Infraestrutura e Meio Ambiente;Serviços de Tecnologia da Informação e Comunicação - Pessoa Jurídica;67958
Água Boa;2026;Secretaria de Infraestrutura e Meio Ambiente;Obras e Instalações;8271972
Água Boa;2026;Secretaria de Infraestrutura e Meio Ambiente;Equipamentos e Material Permanente;151892
Água Boa;2026;Secretaria de Infraestrutura e Meio Ambiente;Rateio Pela Participação em Consórcio Público;106240
Água Boa;2026;Secretaria de Infraestrutura e Meio Ambiente;Despesas Decorrentes de Contrato de Parceria Público-Privada -PPP, exceto Subvenções Econômicas, Aporte e Fundo Garantidor;1764334
Água Boa;2026;Secretaria de Infraestrutura e Meio Ambiente;Despesas de Exercícios Anteriores;299766
Água Boa;2026;Secretaria de Infraestrutura e Meio Ambiente;Indenizações e Restituições;365047
Água Boa;2026;Secretaria de Planejamento, Obras e Engenharia;Contribuição a Entidades Fechadas de Previdência;610
Água Boa;2026;Secretaria de Planejamento, Obras e Engenharia;Vencimentos e Vantagens Fixas - Pessoal Civil;1330901
Água Boa;2026;Secretaria de Planejamento, Obras e Engenharia;Obrigações Patronais;264660
Água Boa;2026;Secretaria de Planejamento, Obras e Engenharia;Diárias - Civil;23730
Água Boa;2026;Secretaria de Planejamento, Obras e Engenharia;Material de Consumo;32191
Água Boa;2026;Secretaria de Planejamento, Obras e Engenharia;Passagens e Despesas com Locomoção;416
Água Boa;2026;Secretaria de Planejamento, Obras e Engenharia;Outros Serviços de Terceiros - Pessoa Jurídica;387795
Água Boa;2026;Secretaria de Planejamento, Obras e Engenharia;Serviços de Tecnologia da Informação e Comunicação - Pessoa Jurídica;6479
Água Boa;2026;Secretaria de Planejamento, Obras e Engenharia;Equipamentos e Material Permanente;13545
Água Boa;2026;Secretaria de Assistência Social e Cidadania;Contratação por Tempo Determinado;342385
Água Boa;2026;Secretaria de Assistência Social e Cidadania;Vencimentos e Vantagens Fixas - Pessoal Civil;1887121
Água Boa;2026;Secretaria de Assistência Social e Cidadania;Obrigações Patronais;556780
Água Boa;2026;Secretaria de Assistência Social e Cidadania;Diárias - Civil;80200
Água Boa;2026;Secretaria de Assistência Social e Cidadania;Material de Consumo;266937
Água Boa;2026;Secretaria de Assistência Social e Cidadania;Material, Bem Ou Serviço para Distribuição Gratuita;124040
Água Boa;2026;Secretaria de Assistência Social e Cidadania;Passagens e Despesas com Locomoção;35154
Água Boa;2026;Secretaria de Assistência Social e Cidadania;Outros Serviços de Terceiros - Pessoa Física;10747
Água Boa;2026;Secretaria de Assistência Social e Cidadania;Outros Serviços de Terceiros - Pessoa Jurídica;1068590
Água Boa;2026;Secretaria de Assistência Social e Cidadania;Serviços de Tecnologia da Informação e Comunicação - Pessoa Jurídica;97768
Água Boa;2026;Secretaria de Assistência Social e Cidadania;Subvenções Sociais;242588
Água Boa;2026;Secretaria de Assistência Social e Cidadania;Obras e Instalações;2333076
Água Boa;2026;Secretaria de Assistência Social e Cidadania;Equipamentos e Material Permanente;43614
Água Boa;2026;Secretaria de Assistência Social e Cidadania;Sentenças Judiciais;55283
Água Boa;2026;Secretaria de Desenvolvimento Econômico, Agricultura, Turismo e Inovação;Vencimentos e Vantagens Fixas - Pessoal Civil;1129729
Água Boa;2026;Secretaria de Desenvolvimento Econômico, Agricultura, Turismo e Inovação;Obrigações Patronais;236074
Água Boa;2026;Secretaria de Desenvolvimento Econômico, Agricultura, Turismo e Inovação;Diárias - Civil;70875
Água Boa;2026;Secretaria de Desenvolvimento Econômico, Agricultura, Turismo e Inovação;Material de Consumo;918175
Água Boa;2026;Secretaria de Desenvolvimento Econômico, Agricultura, Turismo e Inovação;Passagens e Despesas com Locomoção;2009
Água Boa;2026;Secretaria de Desenvolvimento Econômico, Agricultura, Turismo e Inovação;Outros Serviços de Terceiros - Pessoa Física;18439
Água Boa;2026;Secretaria de Desenvolvimento Econômico, Agricultura, Turismo e Inovação;Outros Serviços de Terceiros - Pessoa Jurídica;1048118
Água Boa;2026;Secretaria de Desenvolvimento Econômico, Agricultura, Turismo e Inovação;Subvenções Sociais;1000000
Água Boa;2026;Secretaria de Desenvolvimento Econômico, Agricultura, Turismo e Inovação;Obras e Instalações;189025
Água Boa;2026;Secretaria de Desenvolvimento Econômico, Agricultura, Turismo e Inovação;Equipamentos e Material Permanente;373961
Água Boa;2026;Secretaria de Desenvolvimento Econômico, Agricultura, Turismo e Inovação;Indenizações e Restituições;92677
Alto Araguaia;2021;Gabinete do Prefeito;Vencimentos e Vantagens Fixas - Pessoal Civil;1384137
Alto Araguaia;2021;Gabinete do Prefeito;Obrigações Patronais;212818
Alto Araguaia;2021;Gabinete do Prefeito;Diárias - Civil;19280
Alto Araguaia;2021;Gabinete do Prefeito;Material de Consumo;33032
Alto Araguaia;2021;Gabinete do Prefeito;Outros Serviços de Terceiros - Pessoa Física;872
Alto Araguaia;2021;Gabinete do Prefeito;Outros Serviços de Terceiros - Pessoa Jurídica;51078
Alto Araguaia;2021;Gabinete do Prefeito;Equipamentos e Material Permanente;37191
Alto Araguaia;2021;Gabinete do Prefeito;Indenizações e Restituições;165240
Alto Araguaia;2021;Gabinete do Prefeito;Indenizações e Restituições Trabalhistas;133714
Alto Araguaia;2021;Camara Municipal;Vencimentos e Vantagens Fixas - Pessoal Civil;2217320
Alto Araguaia;2021;Camara Municipal;Obrigações Patronais;385372
Alto Araguaia;2021;Camara Municipal;Diárias - Civil;17210
Alto Araguaia;2021;Camara Municipal;Material de Consumo;45042
Alto Araguaia;2021;Camara Municipal;Serviços de Consultoria;24300
Alto Araguaia;2021;Camara Municipal;Outros Serviços de Terceiros - Pessoa Física;7300
Alto Araguaia;2021;Camara Municipal;Outros Serviços de Terceiros - Pessoa Jurídica;201262
Alto Araguaia;2021;Camara Municipal;Obras e Instalações;72123
Alto Araguaia;2021;Camara Municipal;Equipamentos e Material Permanente;55676
Alto Araguaia;2021;Camara Municipal;Indenizações e Restituições;618300
Alto Araguaia;2021;Camara Municipal;Indenizações e Restituições Trabalhistas;42572
Alto Araguaia;2021;Camara Municipal;Serviços de Tecnologia da Informação e Comunicação - Pessoa Jurídica;59661
Alto Araguaia;2021;Secretaria de Administração;Pensões do RPPS e do Militar;66092
Alto Araguaia;2021;Secretaria de Administração;Outros Benefícios Assistenciais do Servidor Ou do Militar;205
Alto Araguaia;2021;Secretaria de Administração;Vencimentos e Vantagens Fixas - Pessoal Civil;2120558
Alto Araguaia;2021;Secretaria de Administração;Obrigações Patronais;313920
Alto Araguaia;2021;Secretaria de Administração;Diárias - Civil;22380
Alto Araguaia;2021;Secretaria de Administração;Material de Consumo;158980
Alto Araguaia;2021;Secretaria de Administração;Serviços de Consultoria;259111
Alto Araguaia;2021;Secretaria de Administração;Outros Serviços de Terceiros - Pessoa Física;34824
Alto Araguaia;2021;Secretaria de Administração;Outros Serviços de Terceiros - Pessoa Jurídica;2199486
Alto Araguaia;2021;Secretaria de Administração;Contribuições;7000
Alto Araguaia;2021;Secretaria de Administração;Obrigações Tributárias e Contributivas;75888
Alto Araguaia;2021;Secretaria de Administração;Equipamentos e Material Permanente;56568
Alto Araguaia;2021;Secretaria de Administração;Despesas de Exercícios Anteriores;19557
Alto Araguaia;2021;Secretaria de Administração;Indenizações e Restituições;1532751
Alto Araguaia;2021;Secretaria de Administração;Indenizações e Restituições Trabalhistas;67758
Alto Araguaia;2021;Secretaria de Administração;Serviços de Tecnologia da Informação e Comunicação - Pessoa Jurídica;475941
Alto Araguaia;2021;Secretaria de Saúde;Contratação por Tempo Determinado;901250
Alto Araguaia;2021;Secretaria de Saúde;Outros Benefícios Assistenciais do Servidor Ou do Militar;51
Alto Araguaia;2021;Secretaria de Saúde;Vencimentos e Vantagens Fixas - Pessoal Civil;9661679
Alto Araguaia;2021;Secretaria de Saúde;Obrigações Patronais;1380114
Alto Araguaia;2021;Secretaria de Saúde;Diárias - Civil;335140
Alto Araguaia;2021;Secretaria de Saúde;Material de Consumo;2337489
Alto Araguaia;2021;Secretaria de Saúde;Material, Bem Ou Serviço para Distribuição Gratuita;2247194
Alto Araguaia;2021;Secretaria de Saúde;Outros Serviços de Terceiros - Pessoa Física;126328
Alto Araguaia;2021;Secretaria de Saúde;Outros Serviços de Terceiros - Pessoa Jurídica;3142339
Alto Araguaia;2021;Secretaria de Saúde;Contribuições;4885043
Alto Araguaia;2021;Secretaria de Saúde;Outros Auxílios Financeiros a Pessoas Físicas;37890
Alto Araguaia;2021;Secretaria de Saúde;Obras e Instalações;253529
Alto Araguaia;2021;Secretaria de Saúde;Equipamentos e Material Permanente;422685
Alto Araguaia;2021;Secretaria de Saúde;Despesas de Exercícios Anteriores;37521
Alto Araguaia;2021;Secretaria de Saúde;Indenizações e Restituições Trabalhistas;824108
Alto Araguaia;2021;Secretaria de Saúde;Serviços de Tecnologia da Informação e Comunicação - Pessoa Jurídica;21479
Alto Araguaia;2021;Secretaria de Educação;Contratação por Tempo Determinado;188409
Alto Araguaia;2021;Secretaria de Educação;Outros Benefícios Assistenciais do Servidor Ou do Militar;3127
Alto Araguaia;2021;Secretaria de Educação;Vencimentos e Vantagens Fixas - Pessoal Civil;10153416
Alto Araguaia;2021;Secretaria de Educação;Obrigações Patronais;1477377
Alto Araguaia;2021;Secretaria de Educação;Diárias - Civil;17160
Alto Araguaia;2021;Secretaria de Educação;Material de Consumo;1469439
Alto Araguaia;2021;Secretaria de Educação;Outros Serviços de Terceiros - Pessoa Física;277443
Alto Araguaia;2021;Secretaria de Educação;Outros Serviços de Terceiros - Pessoa Jurídica;1623720
Alto Araguaia;2021;Secretaria de Educação;Subvenções Sociais;400004
Alto Araguaia;2021;Secretaria de Educação;Obras e Instalações;329714
Alto Araguaia;2021;Secretaria de Educação;Equipamentos e Material Permanente;3036990
Alto Araguaia;2021;Secretaria de Educação;Despesas de Exercícios Anteriores;13398
Alto Araguaia;2021;Secretaria de Educação;Indenizações e Restituições Trabalhistas;910705
Alto Araguaia;2021;Secretaria de Educação;Serviços de Tecnologia da Informação e Comunicação - Pessoa Jurídica;54322
Alto Araguaia;2021;Fundo de Previdência Municipal;Pensões do RPPS e do Militar;848537
Alto Araguaia;2021;Fundo de Previdência Municipal;Vencimentos e Vantagens Fixas - Pessoal Civil;132810
Alto Araguaia;2021;Fundo de Previdência Municipal;Obrigações Patronais;15179
Alto Araguaia;2021;Fundo de Previdência Municipal;Material de Consumo;3656
Alto Araguaia;2021;Fundo de Previdência Municipal;Serviços de Consultoria;9448
Alto Araguaia;2021;Fundo de Previdência Municipal;Outros Serviços de Terceiros - Pessoa Física;2900
Alto Araguaia;2021;Fundo de Previdência Municipal;Outros Serviços de Terceiros - Pessoa Jurídica;15517
Alto Araguaia;2021;Fundo de Previdência Municipal;Obrigações Tributárias e Contributivas;76118
Alto Araguaia;2021;Fundo de Previdência Municipal;Equipamentos e Material Permanente;1309
Alto Araguaia;2021;Fundo de Previdência Municipal;Aposentadorias, Reserva Remunerada e Reformas;5457475
Alto Araguaia;2021;Fundo de Previdência Municipal;Serviços de Tecnologia da Informação e Comunicação - Pessoa Jurídica;95739
Alto Araguaia;2021;Secretaria de Obras;Vencimentos e Vantagens Fixas - Pessoal Civil;800036
Alto Araguaia;2021;Secretaria de Obras;Obrigações Patronais;126681
Alto Araguaia;2021;Secretaria de Obras;Diárias - Civil;4860
Alto Araguaia;2021;Secretaria de Obras;Material de Consumo;368941
Alto Araguaia;2021;Secretaria de Obras;Outros Serviços de Terceiros - Pessoa Física;3757
Alto Araguaia;2021;Secretaria de Obras;Outros Serviços de Terceiros - Pessoa Jurídica;167912
Alto Araguaia;2021;Secretaria de Obras;Obras e Instalações;1617812
Alto Araguaia;2021;Secretaria de Obras;Equipamentos e Material Permanente;240000
Alto Araguaia;2021;Secretaria de Obras;Indenizações e Restituições Trabalhistas;44898
Alto Araguaia;2021;Secretaria de Infra-estrutura e Serviços Urbanos;Vencimentos e Vantagens Fixas - Pessoal Civil;3074766
Alto Araguaia;2021;Secretaria de Infra-estrutura e Serviços Urbanos;Obrigações Patronais;379738
Alto Araguaia;2021;Secretaria de Infra-estrutura e Serviços Urbanos;Diárias - Civil;1560
Alto Araguaia;2021;Secretaria de Infra-estrutura e Serviços Urbanos;Material de Consumo;724721
Alto Araguaia;2021;Secretaria de Infra-estrutura e Serviços Urbanos;Outros Serviços de Terceiros - Pessoa Física;2179
Alto Araguaia;2021;Secretaria de Infra-estrutura e Serviços Urbanos;Outros Serviços de Terceiros - Pessoa Jurídica;4674203
Alto Araguaia;2021;Secretaria de Infra-estrutura e Serviços Urbanos;Obras e Instalações;4242909
Alto Araguaia;2021;Secretaria de Infra-estrutura e Serviços Urbanos;Equipamentos e Material Permanente;4995
Alto Araguaia;2021;Secretaria de Infra-estrutura e Serviços Urbanos;Despesas de Exercícios Anteriores;808
Alto Araguaia;2021;Secretaria de Infra-estrutura e Serviços Urbanos;Indenizações e Restituições Trabalhistas;309224
Alto Araguaia;2021;Secretaria de Infra-estrutura e Serviços Urbanos;Serviços de Tecnologia da Informação e Comunicação - Pessoa Jurídica;37977
Alto Araguaia;2021;Secretaria de Finanças e Planejamento;Vencimentos e Vantagens Fixas - Pessoal Civil;1142241
Alto Araguaia;2021;Secretaria de Finanças e Planejamento;Obrigações Patronais;157055
Alto Araguaia;2021;Secretaria de Finanças e Planejamento;Diárias - Civil;10660
Alto Araguaia;2021;Secretaria de Finanças e Planejamento;Juros sobre a Dívida por Contrato;50713
Alto Araguaia;2021;Secretaria de Finanças e Planejamento;Material de Consumo;15590
Alto Araguaia;2021;Secretaria de Finanças e Planejamento;Outros Serviços de Terceiros - Pessoa Física;11500
Alto Araguaia;2021;Secretaria de Finanças e Planejamento;Outros Serviços de Terceiros - Pessoa Jurídica;69919
Alto Araguaia;2021;Secretaria de Finanças e Planejamento;Obrigações Tributárias e Contributivas;905709
Alto Araguaia;2021;Secretaria de Finanças e Planejamento;Equipamentos e Material Permanente;20407
Alto Araguaia;2021;Secretaria de Finanças e Planejamento;Principal da Dívida Contratual Resgatado;909516
Alto Araguaia;2021;Secretaria de Finanças e Planejamento;Sentenças Judiciais;188845
Alto Araguaia;2021;Secretaria de Finanças e Planejamento;Indenizações e Restituições Trabalhistas;603751
Alto Araguaia;2021;Secretaria de Cultura, Esporte, Lazer e Turismo;Vencimentos e Vantagens Fixas - Pessoal Civil;486992
Alto Araguaia;2021;Secretaria de Cultura, Esporte, Lazer e Turismo;Obrigações Patronais;64728
Alto Araguaia;2021;Secretaria de Cultura, Esporte, Lazer e Turismo;Diárias - Civil;2140
Alto Araguaia;2021;Secretaria de Cultura, Esporte, Lazer e Turismo;Material de Consumo;60053
Alto Araguaia;2021;Secretaria de Cultura, Esporte, Lazer e Turismo;Outros Serviços de Terceiros - Pessoa Física;520
Alto Araguaia;2021;Secretaria de Cultura, Esporte, Lazer e Turismo;Outros Serviços de Terceiros - Pessoa Jurídica;107696
Alto Araguaia;2021;Secretaria de Cultura, Esporte, Lazer e Turismo;Indenizações e Restituições Trabalhistas;73662
Alto Araguaia;2021;Secretaria de Cultura, Esporte, Lazer e Turismo;Ressarcimento de Despesas de Pessoal Requisitado;5111
Alto Araguaia;2021;Secretaria de Assistência e Desenvolvimento Social;Contratação por Tempo Determinado;42044
Alto Araguaia;2021;Secretaria de Assistência e Desenvolvimento Social;Vencimentos e Vantagens Fixas - Pessoal Civil;2338831
Alto Araguaia;2021;Secretaria de Assistência e Desenvolvimento Social;Obrigações Patronais;367121
Alto Araguaia;2021;Secretaria de Assistência e Desenvolvimento Social;Diárias - Civil;23240
Alto Araguaia;2021;Secretaria de Assistência e Desenvolvimento Social;Material de Consumo;240126
Alto Araguaia;2021;Secretaria de Assistência e Desenvolvimento Social;Material, Bem Ou Serviço para Distribuição Gratuita;229872
Alto Araguaia;2021;Secretaria de Assistência e Desenvolvimento Social;Outros Serviços de Terceiros - Pessoa Física;139027
Alto Araguaia;2021;Secretaria de Assistência e Desenvolvimento Social;Outros Serviços de Terceiros - Pessoa Jurídica;499350
Alto Araguaia;2021;Secretaria de Assistência e Desenvolvimento Social;Contribuições;195800
Alto Araguaia;2021;Secretaria de Assistência e Desenvolvimento Social;Subvenções Sociais;439445
Alto Araguaia;2021;Secretaria de Assistência e Desenvolvimento Social;Outros Auxílios Financeiros a Pessoas Físicas;1050548
Alto Araguaia;2021;Secretaria de Assistência e Desenvolvimento Social;Obras e Instalações;285437
Alto Araguaia;2021;Secretaria de Assistência e Desenvolvimento Social;Equipamentos e Material Permanente;96422
Alto Araguaia;2021;Secretaria de Assistência e Desenvolvimento Social;Despesas de Exercícios Anteriores;5726
Alto Araguaia;2021;Secretaria de Assistência e Desenvolvimento Social;Indenizações e Restituições Trabalhistas;203087
Alto Araguaia;2021;Secretaria de Assistência e Desenvolvimento Social;Serviços de Tecnologia da Informação e Comunicação - Pessoa Jurídica;22000
Alto Araguaia;2021;Secretaria de Indústria, Comércio e Serviços;Vencimentos e Vantagens Fixas - Pessoal Civil;63519
Alto Araguaia;2021;Secretaria de Indústria, Comércio e Serviços;Material de Consumo;320
Alto Araguaia;2021;Secretaria de Indústria, Comércio e Serviços;Indenizações e Restituições Trabalhistas;731
Alto Araguaia;2021;Secretaria de Transporte e Frotas;Vencimentos e Vantagens Fixas - Pessoal Civil;978834
Alto Araguaia;2021;Secretaria de Transporte e Frotas;Obrigações Patronais;110842
Alto Araguaia;2021;Secretaria de Transporte e Frotas;Material de Consumo;657880
Alto Araguaia;2021;Secretaria de Transporte e Frotas;Outros Serviços de Terceiros - Pessoa Física;1000
Alto Araguaia;2021;Secretaria de Transporte e Frotas;Outros Serviços de Terceiros - Pessoa Jurídica;290157
Alto Araguaia;2021;Secretaria de Transporte e Frotas;Equipamentos e Material Permanente;659000
Alto Araguaia;2021;Secretaria de Transporte e Frotas;Indenizações e Restituições Trabalhistas;51607
Alto Araguaia;2021;Secretaria de Meio Ambiente e Desenv. Urbano;Vencimentos e Vantagens Fixas - Pessoal Civil;133175
Alto Araguaia;2021;Secretaria de Meio Ambiente e Desenv. Urbano;Obrigações Patronais;26736
Alto Araguaia;2021;Secretaria de Meio Ambiente e Desenv. Urbano;Diárias - Civil;2060
Alto Araguaia;2021;Secretaria de Meio Ambiente e Desenv. Urbano;Material de Consumo;26178
Alto Araguaia;2021;Secretaria de Meio Ambiente e Desenv. Urbano;Outros Serviços de Terceiros - Pessoa Física;18700
Alto Araguaia;2021;Secretaria de Meio Ambiente e Desenv. Urbano;Outros Serviços de Terceiros - Pessoa Jurídica;2231
Alto Araguaia;2021;Secretaria de Meio Ambiente e Desenv. Urbano;Equipamentos e Material Permanente;7280
Alto Araguaia;2021;Secretaria de Meio Ambiente e Desenv. Urbano;Indenizações e Restituições Trabalhistas;15775
Alto Araguaia;2021;Secretaria de Agricultura,pecuária e Abastecimento;Vencimentos e Vantagens Fixas - Pessoal Civil;268520
Alto Araguaia;2021;Secretaria de Agricultura,pecuária e Abastecimento;Obrigações Patronais;49856
Alto Araguaia;2021;Secretaria de Agricultura,pecuária e Abastecimento;Diárias - Civil;3320
Alto Araguaia;2021;Secretaria de Agricultura,pecuária e Abastecimento;Material de Consumo;103495
Alto Araguaia;2021;Secretaria de Agricultura,pecuária e Abastecimento;Material, Bem Ou Serviço para Distribuição Gratuita;14975
Alto Araguaia;2021;Secretaria de Agricultura,pecuária e Abastecimento;Outros Serviços de Terceiros - Pessoa Física;17459
Alto Araguaia;2021;Secretaria de Agricultura,pecuária e Abastecimento;Outros Serviços de Terceiros - Pessoa Jurídica;67794
Alto Araguaia;2021;Secretaria de Agricultura,pecuária e Abastecimento;Equipamentos e Material Permanente;253675
Alto Araguaia;2021;Secretaria de Agricultura,pecuária e Abastecimento;Indenizações e Restituições Trabalhistas;22905
Alto Araguaia;2022;Gabinete do Prefeito;Vencimentos e Vantagens Fixas - Pessoal Civil;1748787
Alto Araguaia;2022;Gabinete do Prefeito;Obrigações Patronais;302476
Alto Araguaia;2022;Gabinete do Prefeito;Diárias - Civil;20300
Alto Araguaia;2022;Gabinete do Prefeito;Material de Consumo;9574
Alto Araguaia;2022;Gabinete do Prefeito;Outros Serviços de Terceiros - Pessoa Jurídica;81840
Alto Araguaia;2022;Gabinete do Prefeito;Equipamentos e Material Permanente;12427
Alto Araguaia;2022;Gabinete do Prefeito;Indenizações e Restituições;165240
Alto Araguaia;2022;Gabinete do Prefeito;Indenizações e Restituições Trabalhistas;105833
Alto Araguaia;2022;Camara Municipal;Vencimentos e Vantagens Fixas - Pessoal Civil;2705394
Alto Araguaia;2022;Camara Municipal;Obrigações Patronais;496488
Alto Araguaia;2022;Camara Municipal;Diárias - Civil;29470
Alto Araguaia;2022;Camara Municipal;Material de Consumo;139705
Alto Araguaia;2022;Camara Municipal;Serviços de Consultoria;25000
Alto Araguaia;2022;Camara Municipal;Outros Serviços de Terceiros - Pessoa Física;750
Alto Araguaia;2022;Camara Municipal;Outros Serviços de Terceiros - Pessoa Jurídica;346959
Alto Araguaia;2022;Camara Municipal;Serviços de Tecnologia da Informação e Comunicação - Pessoa Jurídica;5340
Alto Araguaia;2022;Camara Municipal;Equipamentos e Material Permanente;50249
Alto Araguaia;2022;Camara Municipal;Indenizações e Restituições;672300
Alto Araguaia;2022;Camara Municipal;Indenizações e Restituições Trabalhistas;9061
Alto Araguaia;2022;Secretaria de Administração;Pensões;72813
Alto Araguaia;2022;Secretaria de Administração;Vencimentos e Vantagens Fixas - Pessoal Civil;2442913
Alto Araguaia;2022;Secretaria de Administração;Obrigações Patronais;413943
Alto Araguaia;2022;Secretaria de Administração;Diárias - Civil;30780
Alto Araguaia;2022;Secretaria de Administração;Material de Consumo;198638
Alto Araguaia;2022;Secretaria de Administração;Serviços de Consultoria;461136
Alto Araguaia;2022;Secretaria de Administração;Outros Serviços de Terceiros - Pessoa Física;44135
Alto Araguaia;2022;Secretaria de Administração;Outros Serviços de Terceiros - Pessoa Jurídica;1728748
Alto Araguaia;2022;Secretaria de Administração;Serviços de Tecnologia da Informação e Comunicação - Pessoa Jurídica;568209
Alto Araguaia;2022;Secretaria de Administração;Contribuições;5700
Alto Araguaia;2022;Secretaria de Administração;Obrigações Tributárias e Contributivas;73150
Alto Araguaia;2022;Secretaria de Administração;Equipamentos e Material Permanente;98197
Alto Araguaia;2022;Secretaria de Administração;Despesas de Exercícios Anteriores;13778
Alto Araguaia;2022;Secretaria de Administração;Indenizações e Restituições;1122117
Alto Araguaia;2022;Secretaria de Administração;Indenizações e Restituições Trabalhistas;173665
Alto Araguaia;2022;Secretaria de Saúde;Contratação por Tempo Determinado;1307194
Alto Araguaia;2022;Secretaria de Saúde;Vencimentos e Vantagens Fixas - Pessoal Civil;11703051
Alto Araguaia;2022;Secretaria de Saúde;Obrigações Patronais;1978686
Alto Araguaia;2022;Secretaria de Saúde;Diárias - Civil;276180
Alto Araguaia;2022;Secretaria de Saúde;Material de Consumo;2260442
Alto Araguaia;2022;Secretaria de Saúde;Material, Bem Ou Serviço para Distribuição Gratuita;3056590
Alto Araguaia;2022;Secretaria de Saúde;Outros Serviços de Terceiros - Pessoa Física;134759
Alto Araguaia;2022;Secretaria de Saúde;Outros Serviços de Terceiros - Pessoa Jurídica;3538011
Alto Araguaia;2022;Secretaria de Saúde;Serviços de Tecnologia da Informação e Comunicação - Pessoa Jurídica;20367
Alto Araguaia;2022;Secretaria de Saúde;Contribuições;4543325
Alto Araguaia;2022;Secretaria de Saúde;Obrigações Tributárias e Contributivas;12090
Alto Araguaia;2022;Secretaria de Saúde;Outros Auxílios Financeiros a Pessoas Físicas;36930
Alto Araguaia;2022;Secretaria de Saúde;Equipamentos e Material Permanente;1181183
Alto Araguaia;2022;Secretaria de Saúde;Contrato de Gestão;3659288
Alto Araguaia;2022;Secretaria de Saúde;Despesas de Exercícios Anteriores;23964
Alto Araguaia;2022;Secretaria de Saúde;Indenizações e Restituições Trabalhistas;935335
Alto Araguaia;2022;Secretaria de Educação;Contratação por Tempo Determinado;1794777
Alto Araguaia;2022;Secretaria de Educação;Outros Benefícios Assistenciais do servidor e do militar;1864
Alto Araguaia;2022;Secretaria de Educação;Vencimentos e Vantagens Fixas - Pessoal Civil;11845611
Alto Araguaia;2022;Secretaria de Educação;Obrigações Patronais;2480823
Alto Araguaia;2022;Secretaria de Educação;Diárias - Civil;37180
Alto Araguaia;2022;Secretaria de Educação;Material de Consumo;2553753
Alto Araguaia;2022;Secretaria de Educação;Outros Serviços de Terceiros - Pessoa Física;1812907
Alto Araguaia;2022;Secretaria de Educação;Outros Serviços de Terceiros - Pessoa Jurídica;4564899
Alto Araguaia;2022;Secretaria de Educação;Serviços de Tecnologia da Informação e Comunicação - Pessoa Jurídica;63619
Alto Araguaia;2022;Secretaria de Educação;Contribuições;300000
Alto Araguaia;2022;Secretaria de Educação;Subvenções Sociais;400004
Alto Araguaia;2022;Secretaria de Educação;Obrigações Tributárias e Contributivas;338800
Alto Araguaia;2022;Secretaria de Educação;Obras e Instalações;740943
Alto Araguaia;2022;Secretaria de Educação;Equipamentos e Material Permanente;722599
Alto Araguaia;2022;Secretaria de Educação;Despesas de Exercícios Anteriores;69263
Alto Araguaia;2022;Secretaria de Educação;Indenizações e Restituições Trabalhistas;909633
Alto Araguaia;2022;Fundo de Previdência Municipal;Aposentadorias, Reserva Remunerada e Reformas;7568696
Alto Araguaia;2022;Fundo de Previdência Municipal;Pensões;1042406
Alto Araguaia;2022;Fundo de Previdência Municipal;Vencimentos e Vantagens Fixas - Pessoal Civil;183204
Alto Araguaia;2022;Fundo de Previdência Municipal;Obrigações Patronais;21160
Alto Araguaia;2022;Fundo de Previdência Municipal;Material de Consumo;3339
Alto Araguaia;2022;Fundo de Previdência Municipal;Serviços de Consultoria;10489
Alto Araguaia;2022;Fundo de Previdência Municipal;Outros Serviços de Terceiros - Pessoa Física;60
Alto Araguaia;2022;Fundo de Previdência Municipal;Outros Serviços de Terceiros - Pessoa Jurídica;18773
Alto Araguaia;2022;Fundo de Previdência Municipal;Serviços de Tecnologia da Informação e Comunicação - Pessoa Jurídica;74163
Alto Araguaia;2022;Fundo de Previdência Municipal;Obrigações Tributárias e Contributivas;86388
Alto Araguaia;2022;Fundo de Previdência Municipal;Equipamentos e Material Permanente;16150
Alto Araguaia;2022;Secretaria de Obras;Vencimentos e Vantagens Fixas - Pessoal Civil;966171
Alto Araguaia;2022;Secretaria de Obras;Obrigações Patronais;164542
Alto Araguaia;2022;Secretaria de Obras;Diárias - Civil;880
Alto Araguaia;2022;Secretaria de Obras;Material de Consumo;1085315
Alto Araguaia;2022;Secretaria de Obras;Outros Serviços de Terceiros - Pessoa Física;1776
Alto Araguaia;2022;Secretaria de Obras;Outros Serviços de Terceiros - Pessoa Jurídica;1243482
Alto Araguaia;2022;Secretaria de Obras;Obras e Instalações;3275451
Alto Araguaia;2022;Secretaria de Obras;Equipamentos e Material Permanente;14188
Alto Araguaia;2022;Secretaria de Obras;Indenizações e Restituições Trabalhistas;21089
Alto Araguaia;2022;Secretaria de Infra-estrutura e Serviços Urbanos;Outros Benefícios Assistenciais do servidor e do militar;56
Alto Araguaia;2022;Secretaria de Infra-estrutura e Serviços Urbanos;Vencimentos e Vantagens Fixas - Pessoal Civil;3477908
Alto Araguaia;2022;Secretaria de Infra-estrutura e Serviços Urbanos;Obrigações Patronais;501633
Alto Araguaia;2022;Secretaria de Infra-estrutura e Serviços Urbanos;Diárias - Civil;2340
Alto Araguaia;2022;Secretaria de Infra-estrutura e Serviços Urbanos;Material de Consumo;1119943
Alto Araguaia;2022;Secretaria de Infra-estrutura e Serviços Urbanos;Outros Serviços de Terceiros - Pessoa Física;99689
Alto Araguaia;2022;Secretaria de Infra-estrutura e Serviços Urbanos;Outros Serviços de Terceiros - Pessoa Jurídica;4523567
Alto Araguaia;2022;Secretaria de Infra-estrutura e Serviços Urbanos;Serviços de Tecnologia da Informação e Comunicação - Pessoa Jurídica;64488
Alto Araguaia;2022;Secretaria de Infra-estrutura e Serviços Urbanos;Obras e Instalações;11806793
Alto Araguaia;2022;Secretaria de Infra-estrutura e Serviços Urbanos;Equipamentos e Material Permanente;109168
Alto Araguaia;2022;Secretaria de Infra-estrutura e Serviços Urbanos;Despesas de Exercícios Anteriores;54
Alto Araguaia;2022;Secretaria de Infra-estrutura e Serviços Urbanos;Indenizações e Restituições Trabalhistas;465201
Alto Araguaia;2022;Secretaria de Finanças e Planejamento;Vencimentos e Vantagens Fixas - Pessoal Civil;1264787
Alto Araguaia;2022;Secretaria de Finanças e Planejamento;Obrigações Patronais;212704
Alto Araguaia;2022;Secretaria de Finanças e Planejamento;Diárias - Civil;11440
Alto Araguaia;2022;Secretaria de Finanças e Planejamento;Juros sobre a Dívida por Contrato;1390235
Alto Araguaia;2022;Secretaria de Finanças e Planejamento;Material de Consumo;24450
Alto Araguaia;2022;Secretaria de Finanças e Planejamento;Outros Serviços de Terceiros - Pessoa Física;4655
Alto Araguaia;2022;Secretaria de Finanças e Planejamento;Outros Serviços de Terceiros - Pessoa Jurídica;619981
Alto Araguaia;2022;Secretaria de Finanças e Planejamento;Obrigações Tributárias e Contributivas;923965
Alto Araguaia;2022;Secretaria de Finanças e Planejamento;Equipamentos e Material Permanente;9967
Alto Araguaia;2022;Secretaria de Finanças e Planejamento;Principal da Dívida Contratual Resgatado;180827
Alto Araguaia;2022;Secretaria de Finanças e Planejamento;Sentenças Judiciais;979874
Alto Araguaia;2022;Secretaria de Finanças e Planejamento;Indenizações e Restituições Trabalhistas;220746
Alto Araguaia;2022;Secretaria de Cultura, Esporte, Lazer e Turismo;Contratação por Tempo Determinado;33607
Alto Araguaia;2022;Secretaria de Cultura, Esporte, Lazer e Turismo;Vencimentos e Vantagens Fixas - Pessoal Civil;610322
Alto Araguaia;2022;Secretaria de Cultura, Esporte, Lazer e Turismo;Obrigações Patronais;108890
Alto Araguaia;2022;Secretaria de Cultura, Esporte, Lazer e Turismo;Diárias - Civil;8560
Alto Araguaia;2022;Secretaria de Cultura, Esporte, Lazer e Turismo;Material de Consumo;192037
Alto Araguaia;2022;Secretaria de Cultura, Esporte, Lazer e Turismo;Outros Serviços de Terceiros - Pessoa Física;1938
Alto Araguaia;2022;Secretaria de Cultura, Esporte, Lazer e Turismo;Outros Serviços de Terceiros - Pessoa Jurídica;878102
Alto Araguaia;2022;Secretaria de Cultura, Esporte, Lazer e Turismo;Contribuições;350000
Alto Araguaia;2022;Secretaria de Cultura, Esporte, Lazer e Turismo;Obras e Instalações;135728
Alto Araguaia;2022;Secretaria de Cultura, Esporte, Lazer e Turismo;Equipamentos e Material Permanente;44139
Alto Araguaia;2022;Secretaria de Cultura, Esporte, Lazer e Turismo;Indenizações e Restituições Trabalhistas;29134
Alto Araguaia;2022;Secretaria de Assistência e Desenvolvimento Social;Contratação por Tempo Determinado;28703
Alto Araguaia;2022;Secretaria de Assistência e Desenvolvimento Social;Vencimentos e Vantagens Fixas - Pessoal Civil;2614041
Alto Araguaia;2022;Secretaria de Assistência e Desenvolvimento Social;Obrigações Patronais;464463
Alto Araguaia;2022;Secretaria de Assistência e Desenvolvimento Social;Diárias - Civil;51860
Alto Araguaia;2022;Secretaria de Assistência e Desenvolvimento Social;Material de Consumo;398748
Alto Araguaia;2022;Secretaria de Assistência e Desenvolvimento Social;Material, Bem Ou Serviço para Distribuição Gratuita;328908
Alto Araguaia;2022;Secretaria de Assistência e Desenvolvimento Social;Outros Serviços de Terceiros - Pessoa Física;247950
Alto Araguaia;2022;Secretaria de Assistência e Desenvolvimento Social;Outros Serviços de Terceiros - Pessoa Jurídica;924234
Alto Araguaia;2022;Secretaria de Assistência e Desenvolvimento Social;Serviços de Tecnologia da Informação e Comunicação - Pessoa Jurídica;27159
Alto Araguaia;2022;Secretaria de Assistência e Desenvolvimento Social;Contribuições;265692
Alto Araguaia;2022;Secretaria de Assistência e Desenvolvimento Social;Subvenções Sociais;580229
Alto Araguaia;2022;Secretaria de Assistência e Desenvolvimento Social;Outros Auxílios Financeiros a Pessoas Físicas;1239955
Alto Araguaia;2022;Secretaria de Assistência e Desenvolvimento Social;Obras e Instalações;491484
Alto Araguaia;2022;Secretaria de Assistência e Desenvolvimento Social;Equipamentos e Material Permanente;115361
Alto Araguaia;2022;Secretaria de Assistência e Desenvolvimento Social;Indenizações e Restituições Trabalhistas;287080
Alto Araguaia;2022;Secretaria de Indústria, Comércio e Serviços;Vencimentos e Vantagens Fixas - Pessoal Civil;101165
Alto Araguaia;2022;Secretaria de Indústria, Comércio e Serviços;Obrigações Patronais;19164
Alto Araguaia;2022;Secretaria de Indústria, Comércio e Serviços;Material de Consumo;4606
Alto Araguaia;2022;Secretaria de Indústria, Comércio e Serviços;Indenizações e Restituições Trabalhistas;1030
Alto Araguaia;2022;Secretaria de Transporte e Frotas;Vencimentos e Vantagens Fixas - Pessoal Civil;1142475
Alto Araguaia;2022;Secretaria de Transporte e Frotas;Obrigações Patronais;146240
Alto Araguaia;2022;Secretaria de Transporte e Frotas;Diárias - Civil;80
Alto Araguaia;2022;Secretaria de Transporte e Frotas;Material de Consumo;350931
Alto Araguaia;2022;Secretaria de Transporte e Frotas;Outros Serviços de Terceiros - Pessoa Jurídica;29298
Alto Araguaia;2022;Secretaria de Transporte e Frotas;Serviços de Tecnologia da Informação e Comunicação - Pessoa Jurídica;771
Alto Araguaia;2022;Secretaria de Transporte e Frotas;Equipamentos e Material Permanente;845750
Alto Araguaia;2022;Secretaria de Transporte e Frotas;Indenizações e Restituições Trabalhistas;55398
Alto Araguaia;2022;Secretaria de Meio Ambiente e Desenv. Urbano;Vencimentos e Vantagens Fixas - Pessoal Civil;77925
Alto Araguaia;2022;Secretaria de Meio Ambiente e Desenv. Urbano;Obrigações Patronais;16949
Alto Araguaia;2022;Secretaria de Meio Ambiente e Desenv. Urbano;Diárias - Civil;720
Alto Araguaia;2022;Secretaria de Meio Ambiente e Desenv. Urbano;Material de Consumo;5795
Alto Araguaia;2022;Secretaria de Meio Ambiente e Desenv. Urbano;Outros Serviços de Terceiros - Pessoa Física;28350
Alto Araguaia;2022;Secretaria de Meio Ambiente e Desenv. Urbano;Outros Serviços de Terceiros - Pessoa Jurídica;19964
Alto Araguaia;2022;Secretaria de Meio Ambiente e Desenv. Urbano;Equipamentos e Material Permanente;4890
Alto Araguaia;2022;Secretaria de Meio Ambiente e Desenv. Urbano;Indenizações e Restituições Trabalhistas;4812
Alto Araguaia;2022;Secretaria de Agricultura,pecuária e Abastecimento;Vencimentos e Vantagens Fixas - Pessoal Civil;313513
Alto Araguaia;2022;Secretaria de Agricultura,pecuária e Abastecimento;Obrigações Patronais;57854
Alto Araguaia;2022;Secretaria de Agricultura,pecuária e Abastecimento;Diárias - Civil;200
Alto Araguaia;2022;Secretaria de Agricultura,pecuária e Abastecimento;Material de Consumo;128046
Alto Araguaia;2022;Secretaria de Agricultura,pecuária e Abastecimento;Outros Serviços de Terceiros - Pessoa Jurídica;264356
Alto Araguaia;2022;Secretaria de Agricultura,pecuária e Abastecimento;Equipamentos e Material Permanente;11190
Alto Araguaia;2022;Secretaria de Agricultura,pecuária e Abastecimento;Indenizações e Restituições Trabalhistas;11114
Alto Araguaia;2023;Gabinete do Prefeito;Vencimentos e Vantagens Fixas - Pessoal Civil;1991727
Alto Araguaia;2023;Gabinete do Prefeito;Obrigações Patronais;375213
Alto Araguaia;2023;Gabinete do Prefeito;Diárias - Civil;28780
Alto Araguaia;2023;Gabinete do Prefeito;Material de Consumo;395
Alto Araguaia;2023;Gabinete do Prefeito;Outros Serviços de Terceiros - Pessoa Física;380
Alto Araguaia;2023;Gabinete do Prefeito;Outros Serviços de Terceiros - Pessoa Jurídica;12620
Alto Araguaia;2023;Gabinete do Prefeito;Despesas de Exercícios Anteriores;6025
Alto Araguaia;2023;Gabinete do Prefeito;Indenizações e Restituições;165240
Alto Araguaia;2023;Gabinete do Prefeito;Indenizações e Restituições Trabalhistas;120556
Alto Araguaia;2023;Camara Municipal;Vencimentos e Vantagens Fixas - Pessoal Civil;3102347
Alto Araguaia;2023;Camara Municipal;Obrigações Patronais;681107
Alto Araguaia;2023;Camara Municipal;Diárias - Civil;23835
Alto Araguaia;2023;Camara Municipal;Material de Consumo;147185
Alto Araguaia;2023;Camara Municipal;Serviços de Consultoria;60500
Alto Araguaia;2023;Camara Municipal;Outros Serviços de Terceiros - Pessoa Física;16030
Alto Araguaia;2023;Camara Municipal;Outros Serviços de Terceiros - Pessoa Jurídica;434896
Alto Araguaia;2023;Camara Municipal;Serviços de Tecnologia da Informação e Comunicação - Pessoa Jurídica;5177
Alto Araguaia;2023;Camara Municipal;Auxílio-Alimentação;217500
Alto Araguaia;2023;Camara Municipal;Obras e Instalações;254511
Alto Araguaia;2023;Camara Municipal;Equipamentos e Material Permanente;41571
Alto Araguaia;2023;Camara Municipal;Indenizações e Restituições;618300
Alto Araguaia;2023;Camara Municipal;Indenizações e Restituições Trabalhistas;111138
Alto Araguaia;2023;Secretaria de Administração;Pensões;77890
Alto Araguaia;2023;Secretaria de Administração;Vencimentos e Vantagens Fixas - Pessoal Civil;2574727
Alto Araguaia;2023;Secretaria de Administração;Obrigações Patronais;490748
Alto Araguaia;2023;Secretaria de Administração;Diárias - Civil;35540
Alto Araguaia;2023;Secretaria de Administração;Material de Consumo;125430
Alto Araguaia;2023;Secretaria de Administração;Serviços de Consultoria;498536
Alto Araguaia;2023;Secretaria de Administração;Outros Serviços de Terceiros - Pessoa Física;44865
Alto Araguaia;2023;Secretaria de Administração;Outros Serviços de Terceiros - Pessoa Jurídica;1371817
Alto Araguaia;2023;Secretaria de Administração;Serviços de Tecnologia da Informação e Comunicação - Pessoa Jurídica;567631
Alto Araguaia;2023;Secretaria de Administração;Contribuições;54215
Alto Araguaia;2023;Secretaria de Administração;Obrigações Tributárias e Contributivas;91499
Alto Araguaia;2023;Secretaria de Administração;Equipamentos e Material Permanente;4516
Alto Araguaia;2023;Secretaria de Administração;Despesas de Exercícios Anteriores;143858
Alto Araguaia;2023;Secretaria de Administração;Indenizações e Restituições;267754
Alto Araguaia;2023;Secretaria de Administração;Indenizações e Restituições Trabalhistas;119255
Alto Araguaia;2023;Secretaria de Saúde;Contratação por Tempo Determinado;1551144
Alto Araguaia;2023;Secretaria de Saúde;Vencimentos e Vantagens Fixas - Pessoal Civil;13303685
Alto Araguaia;2023;Secretaria de Saúde;Obrigações Patronais;2714660
Alto Araguaia;2023;Secretaria de Saúde;Diárias - Civil;345940
Alto Araguaia;2023;Secretaria de Saúde;Material de Consumo;1269412
Alto Araguaia;2023;Secretaria de Saúde;Material, Bem Ou Serviço para Distribuição Gratuita;2143372
Alto Araguaia;2023;Secretaria de Saúde;Outros Serviços de Terceiros - Pessoa Física;91536
Alto Araguaia;2023;Secretaria de Saúde;Outros Serviços de Terceiros - Pessoa Jurídica;1806014
Alto Araguaia;2023;Secretaria de Saúde;Serviços de Tecnologia da Informação e Comunicação - Pessoa Jurídica;96132
Alto Araguaia;2023;Secretaria de Saúde;Contribuições;2779277
Alto Araguaia;2023;Secretaria de Saúde;Obrigações Tributárias e Contributivas;2013
Alto Araguaia;2023;Secretaria de Saúde;Outros Auxílios Financeiros a Pessoas Físicas;50119
Alto Araguaia;2023;Secretaria de Saúde;Obras e Instalações;372756
Alto Araguaia;2023;Secretaria de Saúde;Equipamentos e Material Permanente;1136051
Alto Araguaia;2023;Secretaria de Saúde;Rateio Pela Participação em Consórcio Público;6021560
Alto Araguaia;2023;Secretaria de Saúde;Contrato de Gestão;10290033
Alto Araguaia;2023;Secretaria de Saúde;Sentenças Judiciais;42510
Alto Araguaia;2023;Secretaria de Saúde;Despesas de Exercícios Anteriores;573664
Alto Araguaia;2023;Secretaria de Saúde;Indenizações e Restituições Trabalhistas;831870
Alto Araguaia;2023;Secretaria de Educação;Contratação por Tempo Determinado;256315
Alto Araguaia;2023;Secretaria de Educação;Outros Benefícios Assistenciais do servidor e do militar;1077
Alto Araguaia;2023;Secretaria de Educação;Vencimentos e Vantagens Fixas - Pessoal Civil;12960965
Alto Araguaia;2023;Secretaria de Educação;Obrigações Patronais;2748822
Alto Araguaia;2023;Secretaria de Educação;Diárias - Civil;36340
Alto Araguaia;2023;Secretaria de Educação;Material de Consumo;1179131
Alto Araguaia;2023;Secretaria de Educação;Outros Serviços de Terceiros - Pessoa Física;3490493
Alto Araguaia;2023;Secretaria de Educação;Outros Serviços de Terceiros - Pessoa Jurídica;4533395
Alto Araguaia;2023;Secretaria de Educação;Serviços de Tecnologia da Informação e Comunicação - Pessoa Jurídica;127105
Alto Araguaia;2023;Secretaria de Educação;Contribuições;300000
Alto Araguaia;2023;Secretaria de Educação;Subvenções Sociais;418965
Alto Araguaia;2023;Secretaria de Educação;Obrigações Tributárias e Contributivas;630597
Alto Araguaia;2023;Secretaria de Educação;Obras e Instalações;6292639
Alto Araguaia;2023;Secretaria de Educação;Equipamentos e Material Permanente;754
Alto Araguaia;2023;Secretaria de Educação;Despesas de Exercícios Anteriores;372120
Alto Araguaia;2023;Secretaria de Educação;Indenizações e Restituições Trabalhistas;963988
Alto Araguaia;2023;Secretaria de Obras;Vencimentos e Vantagens Fixas - Pessoal Civil;1050896
Alto Araguaia;2023;Secretaria de Obras;Obrigações Patronais;204810
Alto Araguaia;2023;Secretaria de Obras;Diárias - Civil;1300
Alto Araguaia;2023;Secretaria de Obras;Material de Consumo;578434
Alto Araguaia;2023;Secretaria de Obras;Outros Serviços de Terceiros - Pessoa Jurídica;166760
Alto Araguaia;2023;Secretaria de Obras;Obras e Instalações;2590173
Alto Araguaia;2023;Secretaria de Obras;Despesas de Exercícios Anteriores;218604
Alto Araguaia;2023;Secretaria de Obras;Indenizações e Restituições Trabalhistas;25977
Alto Araguaia;2023;Secretaria de Infra-estrutura e Serviços Urbanos;Vencimentos e Vantagens Fixas - Pessoal Civil;3771058
Alto Araguaia;2023;Secretaria de Infra-estrutura e Serviços Urbanos;Obrigações Patronais;626139
Alto Araguaia;2023;Secretaria de Infra-estrutura e Serviços Urbanos;Diárias - Civil;1820
Alto Araguaia;2023;Secretaria de Infra-estrutura e Serviços Urbanos;Material de Consumo;523012
Alto Araguaia;2023;Secretaria de Infra-estrutura e Serviços Urbanos;Outros Serviços de Terceiros - Pessoa Física;178587
Alto Araguaia;2023;Secretaria de Infra-estrutura e Serviços Urbanos;Outros Serviços de Terceiros - Pessoa Jurídica;5535242
Alto Araguaia;2023;Secretaria de Infra-estrutura e Serviços Urbanos;Serviços de Tecnologia da Informação e Comunicação - Pessoa Jurídica;63995
Alto Araguaia;2023;Secretaria de Infra-estrutura e Serviços Urbanos;Obras e Instalações;12760357
Alto Araguaia;2023;Secretaria de Infra-estrutura e Serviços Urbanos;Despesas de Exercícios Anteriores;359531
Alto Araguaia;2023;Secretaria de Infra-estrutura e Serviços Urbanos;Indenizações e Restituições Trabalhistas;379095
Alto Araguaia;2023;Secretaria de Finanças e Planejamento;Vencimentos e Vantagens Fixas - Pessoal Civil;1241533
Alto Araguaia;2023;Secretaria de Finanças e Planejamento;Obrigações Patronais;250351
Alto Araguaia;2023;Secretaria de Finanças e Planejamento;Diárias - Civil;7540
Alto Araguaia;2023;Secretaria de Finanças e Planejamento;Juros sobre a Dívida por Contrato;2914560
Alto Araguaia;2023;Secretaria de Finanças e Planejamento;Material de Consumo;25431
Alto Araguaia;2023;Secretaria de Finanças e Planejamento;Outros Serviços de Terceiros - Pessoa Física;5180
Alto Araguaia;2023;Secretaria de Finanças e Planejamento;Outros Serviços de Terceiros - Pessoa Jurídica;560433
Alto Araguaia;2023;Secretaria de Finanças e Planejamento;Obrigações Tributárias e Contributivas;979268
Alto Araguaia;2023;Secretaria de Finanças e Planejamento;Principal da Dívida Contratual Resgatado;779473
Alto Araguaia;2023;Secretaria de Finanças e Planejamento;Sentenças Judiciais;799747
Alto Araguaia;2023;Secretaria de Finanças e Planejamento;Despesas de Exercícios Anteriores;51114
Alto Araguaia;2023;Secretaria de Finanças e Planejamento;Indenizações e Restituições Trabalhistas;331197
Alto Araguaia;2023;Secretaria de Cultura, Esporte, Lazer e Turismo;Contratação por Tempo Determinado;35848
Alto Araguaia;2023;Secretaria de Cultura, Esporte, Lazer e Turismo;Vencimentos e Vantagens Fixas - Pessoal Civil;640821
Alto Araguaia;2023;Secretaria de Cultura, Esporte, Lazer e Turismo;Obrigações Patronais;139228
Alto Araguaia;2023;Secretaria de Cultura, Esporte, Lazer e Turismo;Diárias - Civil;15340
Alto Araguaia;2023;Secretaria de Cultura, Esporte, Lazer e Turismo;Material de Consumo;39103
Alto Araguaia;2023;Secretaria de Cultura, Esporte, Lazer e Turismo;Premiações Culturais, Artísticas, Científicas, Desportivas e Outras;203137
Alto Araguaia;2023;Secretaria de Cultura, Esporte, Lazer e Turismo;Serviços de Consultoria;9000
Alto Araguaia;2023;Secretaria de Cultura, Esporte, Lazer e Turismo;Outros Serviços de Terceiros - Pessoa Física;13942
Alto Araguaia;2023;Secretaria de Cultura, Esporte, Lazer e Turismo;Outros Serviços de Terceiros - Pessoa Jurídica;1515972
Alto Araguaia;2023;Secretaria de Cultura, Esporte, Lazer e Turismo;Contribuições;15000
Alto Araguaia;2023;Secretaria de Cultura, Esporte, Lazer e Turismo;Outros Auxílios Financeiros a Pessoas Físicas;5000
Alto Araguaia;2023;Secretaria de Cultura, Esporte, Lazer e Turismo;Despesas de Exercícios Anteriores;87446
Alto Araguaia;2023;Secretaria de Cultura, Esporte, Lazer e Turismo;Indenizações e Restituições;1593
Alto Araguaia;2023;Secretaria de Cultura, Esporte, Lazer e Turismo;Indenizações e Restituições Trabalhistas;59407
Alto Araguaia;2023;Secretaria de Assistência e Desenvolvimento Social;Vencimentos e Vantagens Fixas - Pessoal Civil;2959983
Alto Araguaia;2023;Secretaria de Assistência e Desenvolvimento Social;Obrigações Patronais;597493
Alto Araguaia;2023;Secretaria de Assistência e Desenvolvimento Social;Diárias - Civil;56820
Alto Araguaia;2023;Secretaria de Assistência e Desenvolvimento Social;Material de Consumo;461652
Alto Araguaia;2023;Secretaria de Assistência e Desenvolvimento Social;Material, Bem Ou Serviço para Distribuição Gratuita;247824
Alto Araguaia;2023;Secretaria de Assistência e Desenvolvimento Social;Outros Serviços de Terceiros - Pessoa Física;321490
Alto Araguaia;2023;Secretaria de Assistência e Desenvolvimento Social;Outros Serviços de Terceiros - Pessoa Jurídica;555006
Alto Araguaia;2023;Secretaria de Assistência e Desenvolvimento Social;Serviços de Tecnologia da Informação e Comunicação - Pessoa Jurídica;23493
Alto Araguaia;2023;Secretaria de Assistência e Desenvolvimento Social;Contribuições;130923
Alto Araguaia;2023;Secretaria de Assistência e Desenvolvimento Social;Subvenções Sociais;694412
Alto Araguaia;2023;Secretaria de Assistência e Desenvolvimento Social;Outros Auxílios Financeiros a Pessoas Físicas;1221174
Alto Araguaia;2023;Secretaria de Assistência e Desenvolvimento Social;Obras e Instalações;4463309
Alto Araguaia;2023;Secretaria de Assistência e Desenvolvimento Social;Equipamentos e Material Permanente;16367
Alto Araguaia;2023;Secretaria de Assistência e Desenvolvimento Social;Despesas de Exercícios Anteriores;196356
Alto Araguaia;2023;Secretaria de Assistência e Desenvolvimento Social;Indenizações e Restituições Trabalhistas;233245
Alto Araguaia;2023;Secretaria de Indústria, Comércio e Serviços;Vencimentos e Vantagens Fixas - Pessoal Civil;116405
Alto Araguaia;2023;Secretaria de Indústria, Comércio e Serviços;Obrigações Patronais;24207
Alto Araguaia;2023;Secretaria de Indústria, Comércio e Serviços;Diárias - Civil;3120
Alto Araguaia;2023;Secretaria de Indústria, Comércio e Serviços;Indenizações e Restituições Trabalhistas;2100
Alto Araguaia;2023;Secretaria de Transporte e Frotas;Vencimentos e Vantagens Fixas - Pessoal Civil;1156440
Alto Araguaia;2023;Secretaria de Transporte e Frotas;Obrigações Patronais;186854
Alto Araguaia;2023;Secretaria de Transporte e Frotas;Diárias - Civil;160
Alto Araguaia;2023;Secretaria de Transporte e Frotas;Material de Consumo;1042556
Alto Araguaia;2023;Secretaria de Transporte e Frotas;Outros Serviços de Terceiros - Pessoa Jurídica;207681
Alto Araguaia;2023;Secretaria de Transporte e Frotas;Serviços de Tecnologia da Informação e Comunicação - Pessoa Jurídica;267
Alto Araguaia;2023;Secretaria de Transporte e Frotas;Indenizações e Restituições Trabalhistas;54499
Alto Araguaia;2023;Previmar - Fundo Municipal de Previdencia Social dos Servidores de Alto Araguaia;Aposentadorias, Reserva Remunerada e Reformas;9185346
Alto Araguaia;2023;Previmar - Fundo Municipal de Previdencia Social dos Servidores de Alto Araguaia;Pensões;1196214
Alto Araguaia;2023;Previmar - Fundo Municipal de Previdencia Social dos Servidores de Alto Araguaia;Vencimentos e Vantagens Fixas - Pessoal Civil;172475
Alto Araguaia;2023;Previmar - Fundo Municipal de Previdencia Social dos Servidores de Alto Araguaia;Obrigações Patronais;29282
Alto Araguaia;2023;Previmar - Fundo Municipal de Previdencia Social dos Servidores de Alto Araguaia;Material de Consumo;7228
Alto Araguaia;2023;Previmar - Fundo Municipal de Previdencia Social dos Servidores de Alto Araguaia;Serviços de Consultoria;12000
Alto Araguaia;2023;Previmar - Fundo Municipal de Previdencia Social dos Servidores de Alto Araguaia;Outros Serviços de Terceiros - Pessoa Jurídica;18093
Alto Araguaia;2023;Previmar - Fundo Municipal de Previdencia Social dos Servidores de Alto Araguaia;Serviços de Tecnologia da Informação e Comunicação - Pessoa Jurídica;71569
Alto Araguaia;2023;Previmar - Fundo Municipal de Previdencia Social dos Servidores de Alto Araguaia;Obrigações Tributárias e Contributivas;118561
Alto Araguaia;2023;Previmar - Fundo Municipal de Previdencia Social dos Servidores de Alto Araguaia;Equipamentos e Material Permanente;10855
Alto Araguaia;2023;Secretaria de Meio Ambiente e Desenv. Urbano;Vencimentos e Vantagens Fixas - Pessoal Civil;55057
Alto Araguaia;2023;Secretaria de Meio Ambiente e Desenv. Urbano;Obrigações Patronais;11562
Alto Araguaia;2023;Secretaria de Meio Ambiente e Desenv. Urbano;Outros Serviços de Terceiros - Pessoa Jurídica;1388
Alto Araguaia;2023;Secretaria de Agricultura,pecuária e Abastecimento;Vencimentos e Vantagens Fixas - Pessoal Civil;369290
Alto Araguaia;2023;Secretaria de Agricultura,pecuária e Abastecimento;Obrigações Patronais;70558
Alto Araguaia;2023;Secretaria de Agricultura,pecuária e Abastecimento;Diárias - Civil;260
Alto Araguaia;2023;Secretaria de Agricultura,pecuária e Abastecimento;Material de Consumo;32071
Alto Araguaia;2023;Secretaria de Agricultura,pecuária e Abastecimento;Outros Serviços de Terceiros - Pessoa Física;1500
Alto Araguaia;2023;Secretaria de Agricultura,pecuária e Abastecimento;Outros Serviços de Terceiros - Pessoa Jurídica;20880
Alto Araguaia;2023;Secretaria de Agricultura,pecuária e Abastecimento;Equipamentos e Material Permanente;1022000
Alto Araguaia;2023;Secretaria de Agricultura,pecuária e Abastecimento;Despesas de Exercícios Anteriores;35114
Alto Araguaia;2023;Secretaria de Agricultura,pecuária e Abastecimento;Indenizações e Restituições Trabalhistas;10601
Alto Araguaia;2024;Gabinete do Prefeito;Vencimentos e Vantagens Fixas - Pessoal Civil;2073190
Alto Araguaia;2024;Gabinete do Prefeito;Obrigações Patronais;342676
Alto Araguaia;2024;Gabinete do Prefeito;Diárias - Civil;16400
Alto Araguaia;2024;Gabinete do Prefeito;Outros Serviços de Terceiros - Pessoa Física;170
Alto Araguaia;2024;Gabinete do Prefeito;Indenizações e Restituições;165240
Alto Araguaia;2024;Gabinete do Prefeito;Indenizações e Restituições Trabalhistas;206685
Alto Araguaia;2024;Camara Municipal;Vencimentos e Vantagens Fixas - Pessoal Civil;3289790
Alto Araguaia;2024;Camara Municipal;Obrigações Patronais;606139
Alto Araguaia;2024;Camara Municipal;Diárias - Civil;24875
Alto Araguaia;2024;Camara Municipal;Material de Consumo;127179
Alto Araguaia;2024;Camara Municipal;Serviços de Consultoria;66000
Alto Araguaia;2024;Camara Municipal;Outros Serviços de Terceiros - Pessoa Jurídica;515067
Alto Araguaia;2024;Camara Municipal;Auxílio-Alimentação;342747
Alto Araguaia;2024;Camara Municipal;Outros Auxílios Financeiros a Pessoas Físicas;9243
Alto Araguaia;2024;Camara Municipal;Obras e Instalações;96644
Alto Araguaia;2024;Camara Municipal;Equipamentos e Material Permanente;205808
Alto Araguaia;2024;Camara Municipal;Indenizações e Restituições;618300
Alto Araguaia;2024;Camara Municipal;Indenizações e Restituições Trabalhistas;241939
Alto Araguaia;2024;Secretaria de Administração;Pensões;82005
Alto Araguaia;2024;Secretaria de Administração;Vencimentos e Vantagens Fixas - Pessoal Civil;2747127
Alto Araguaia;2024;Secretaria de Administração;Obrigações Patronais;539199
Alto Araguaia;2024;Secretaria de Administração;Diárias - Civil;27780
Alto Araguaia;2024;Secretaria de Administração;Material de Consumo;103855
Alto Araguaia;2024;Secretaria de Administração;Serviços de Consultoria;439067
Alto Araguaia;2024;Secretaria de Administração;Outros Serviços de Terceiros - Pessoa Física;47306
Alto Araguaia;2024;Secretaria de Administração;Outros Serviços de Terceiros - Pessoa Jurídica;2023310
Alto Araguaia;2024;Secretaria de Administração;Serviços de Tecnologia da Informação e Comunicação - Pessoa Jurídica;968726
Alto Araguaia;2024;Secretaria de Administração;Contribuições;55000
Alto Araguaia;2024;Secretaria de Administração;Obrigações Tributárias e Contributivas;124466
Alto Araguaia;2024;Secretaria de Administração;Despesas de Exercícios Anteriores;743219
Alto Araguaia;2024;Secretaria de Administração;Indenizações e Restituições;169796
Alto Araguaia;2024;Secretaria de Administração;Indenizações e Restituições Trabalhistas;314806
Alto Araguaia;2024;Secretaria de Saúde;Contratação por Tempo Determinado;634200
Alto Araguaia;2024;Secretaria de Saúde;Vencimentos e Vantagens Fixas - Pessoal Civil;15418717
Alto Araguaia;2024;Secretaria de Saúde;Obrigações Patronais;3129867
Alto Araguaia;2024;Secretaria de Saúde;Diárias - Civil;319620
Alto Araguaia;2024;Secretaria de Saúde;Material de Consumo;1031596
Alto Araguaia;2024;Secretaria de Saúde;Material, Bem Ou Serviço para Distribuição Gratuita;3480823
Alto Araguaia;2024;Secretaria de Saúde;Outros Serviços de Terceiros - Pessoa Física;139355
Alto Araguaia;2024;Secretaria de Saúde;Outros Serviços de Terceiros - Pessoa Jurídica;2108369
Alto Araguaia;2024;Secretaria de Saúde;Contribuições;1342651
Alto Araguaia;2024;Secretaria de Saúde;Obrigações Tributárias e Contributivas;3088
Alto Araguaia;2024;Secretaria de Saúde;Outros Auxílios Financeiros a Pessoas Físicas;74454
Alto Araguaia;2024;Secretaria de Saúde;Equipamentos e Material Permanente;510507
Alto Araguaia;2024;Secretaria de Saúde;Rateio Pela Participação em Consórcio Público;6079075
Alto Araguaia;2024;Secretaria de Saúde;Contrato de Gestão;9966308
Alto Araguaia;2024;Secretaria de Saúde;Sentenças Judiciais;19490
Alto Araguaia;2024;Secretaria de Saúde;Despesas de Exercícios Anteriores;4614662
Alto Araguaia;2024;Secretaria de Saúde;Indenizações e Restituições;58414
Alto Araguaia;2024;Secretaria de Saúde;Indenizações e Restituições Trabalhistas;1111962
Alto Araguaia;2024;Secretaria de Educação;Outros Benefícios Assistenciais do servidor e do militar;609
Alto Araguaia;2024;Secretaria de Educação;Vencimentos e Vantagens Fixas - Pessoal Civil;14200083
Alto Araguaia;2024;Secretaria de Educação;Obrigações Patronais;3433432
Alto Araguaia;2024;Secretaria de Educação;Diárias - Civil;30540
Alto Araguaia;2024;Secretaria de Educação;Material de Consumo;2195833
Alto Araguaia;2024;Secretaria de Educação;Outros Serviços de Terceiros - Pessoa Física;3649239
Alto Araguaia;2024;Secretaria de Educação;Outros Serviços de Terceiros - Pessoa Jurídica;5144178
Alto Araguaia;2024;Secretaria de Educação;Serviços de Tecnologia da Informação e Comunicação - Pessoa Jurídica;154675
Alto Araguaia;2024;Secretaria de Educação;Contribuições;180000
Alto Araguaia;2024;Secretaria de Educação;Subvenções Sociais;449226
Alto Araguaia;2024;Secretaria de Educação;Obrigações Tributárias e Contributivas;683089
Alto Araguaia;2024;Secretaria de Educação;Obras e Instalações;7197717
Alto Araguaia;2024;Secretaria de Educação;Equipamentos e Material Permanente;30854
Alto Araguaia;2024;Secretaria de Educação;Despesas de Exercícios Anteriores;1334618
Alto Araguaia;2024;Secretaria de Educação;Indenizações e Restituições Trabalhistas;887258
Alto Araguaia;2024;Secretaria de Educação;Ressarcimento de Despesas de Pessoal Requisitado;24841
Alto Araguaia;2024;Secretaria de Obras;Vencimentos e Vantagens Fixas - Pessoal Civil;1240857
Alto Araguaia;2024;Secretaria de Obras;Obrigações Patronais;224695
Alto Araguaia;2024;Secretaria de Obras;Diárias - Civil;620
Alto Araguaia;2024;Secretaria de Obras;Material de Consumo;461011
Alto Araguaia;2024;Secretaria de Obras;Outros Serviços de Terceiros - Pessoa Física;20576
Alto Araguaia;2024;Secretaria de Obras;Outros Serviços de Terceiros - Pessoa Jurídica;795442
Alto Araguaia;2024;Secretaria de Obras;Obras e Instalações;1875270
Alto Araguaia;2024;Secretaria de Obras;Despesas de Exercícios Anteriores;211312
Alto Araguaia;2024;Secretaria de Obras;Indenizações e Restituições Trabalhistas;194107
Alto Araguaia;2024;Secretaria de Infra-estrutura e Serviços Urbanos;Vencimentos e Vantagens Fixas - Pessoal Civil;4250725
Alto Araguaia;2024;Secretaria de Infra-estrutura e Serviços Urbanos;Obrigações Patronais;763058
Alto Araguaia;2024;Secretaria de Infra-estrutura e Serviços Urbanos;Diárias - Civil;4460
Alto Araguaia;2024;Secretaria de Infra-estrutura e Serviços Urbanos;Material de Consumo;878175
Alto Araguaia;2024;Secretaria de Infra-estrutura e Serviços Urbanos;Outros Serviços de Terceiros - Pessoa Física;319999
Alto Araguaia;2024;Secretaria de Infra-estrutura e Serviços Urbanos;Outros Serviços de Terceiros - Pessoa Jurídica;3431855
Alto Araguaia;2024;Secretaria de Infra-estrutura e Serviços Urbanos;Serviços de Tecnologia da Informação e Comunicação - Pessoa Jurídica;66786
Alto Araguaia;2024;Secretaria de Infra-estrutura e Serviços Urbanos;Obras e Instalações;5724022
Alto Araguaia;2024;Secretaria de Infra-estrutura e Serviços Urbanos;Equipamentos e Material Permanente;10303
Alto Araguaia;2024;Secretaria de Infra-estrutura e Serviços Urbanos;Despesas de Exercícios Anteriores;1323853
Alto Araguaia;2024;Secretaria de Infra-estrutura e Serviços Urbanos;Indenizações e Restituições Trabalhistas;447236
Alto Araguaia;2024;Secretaria de Finanças e Planejamento;Vencimentos e Vantagens Fixas - Pessoal Civil;1695286
Alto Araguaia;2024;Secretaria de Finanças e Planejamento;Obrigações Patronais;371677
Alto Araguaia;2024;Secretaria de Finanças e Planejamento;Diárias - Civil;3120
Alto Araguaia;2024;Secretaria de Finanças e Planejamento;Juros sobre a Dívida por Contrato;2691268
Alto Araguaia;2024;Secretaria de Finanças e Planejamento;Material de Consumo;9404
Alto Araguaia;2024;Secretaria de Finanças e Planejamento;Outros Serviços de Terceiros - Pessoa Física;4725
Alto Araguaia;2024;Secretaria de Finanças e Planejamento;Outros Serviços de Terceiros - Pessoa Jurídica;2515746
Alto Araguaia;2024;Secretaria de Finanças e Planejamento;Obrigações Tributárias e Contributivas;1056129
Alto Araguaia;2024;Secretaria de Finanças e Planejamento;Principal da Dívida Contratual Resgatado;2551000
Alto Araguaia;2024;Secretaria de Finanças e Planejamento;Sentenças Judiciais;2631526
Alto Araguaia;2024;Secretaria de Finanças e Planejamento;Despesas de Exercícios Anteriores;99854
Alto Araguaia;2024;Secretaria de Finanças e Planejamento;Indenizações e Restituições Trabalhistas;355136
Alto Araguaia;2024;Secretaria de Cultura, Esporte, Lazer e Turismo;Vencimentos e Vantagens Fixas - Pessoal Civil;605554
Alto Araguaia;2024;Secretaria de Cultura, Esporte, Lazer e Turismo;Obrigações Patronais;144809
Alto Araguaia;2024;Secretaria de Cultura, Esporte, Lazer e Turismo;Diárias - Civil;13160
Alto Araguaia;2024;Secretaria de Cultura, Esporte, Lazer e Turismo;Material de Consumo;223158
Alto Araguaia;2024;Secretaria de Cultura, Esporte, Lazer e Turismo;Premiações Culturais, Artísticas, Científicas, Desportivas e Outras;151661
Alto Araguaia;2024;Secretaria de Cultura, Esporte, Lazer e Turismo;Serviços de Consultoria;7036
Alto Araguaia;2024;Secretaria de Cultura, Esporte, Lazer e Turismo;Outros Serviços de Terceiros - Pessoa Física;29671
Alto Araguaia;2024;Secretaria de Cultura, Esporte, Lazer e Turismo;Outros Serviços de Terceiros - Pessoa Jurídica;1012615
Alto Araguaia;2024;Secretaria de Cultura, Esporte, Lazer e Turismo;Despesas de Exercícios Anteriores;225422
Alto Araguaia;2024;Secretaria de Cultura, Esporte, Lazer e Turismo;Indenizações e Restituições;7991
Alto Araguaia;2024;Secretaria de Cultura, Esporte, Lazer e Turismo;Indenizações e Restituições Trabalhistas;41239
Alto Araguaia;2024;Secretaria de Assistência e Desenvolvimento Social;Vencimentos e Vantagens Fixas - Pessoal Civil;3044830
Alto Araguaia;2024;Secretaria de Assistência e Desenvolvimento Social;Obrigações Patronais;628760
Alto Araguaia;2024;Secretaria de Assistência e Desenvolvimento Social;Diárias - Civil;110080
Alto Araguaia;2024;Secretaria de Assistência e Desenvolvimento Social;Material de Consumo;499884
Alto Araguaia;2024;Secretaria de Assistência e Desenvolvimento Social;Material, Bem Ou Serviço para Distribuição Gratuita;219834
Alto Araguaia;2024;Secretaria de Assistência e Desenvolvimento Social;Outros Serviços de Terceiros - Pessoa Física;421742
Alto Araguaia;2024;Secretaria de Assistência e Desenvolvimento Social;Outros Serviços de Terceiros - Pessoa Jurídica;634555
Alto Araguaia;2024;Secretaria de Assistência e Desenvolvimento Social;Serviços de Tecnologia da Informação e Comunicação - Pessoa Jurídica;27600
Alto Araguaia;2024;Secretaria de Assistência e Desenvolvimento Social;Contribuições;104714
Alto Araguaia;2024;Secretaria de Assistência e Desenvolvimento Social;Subvenções Sociais;876825
Alto Araguaia;2024;Secretaria de Assistência e Desenvolvimento Social;Outros Auxílios Financeiros a Pessoas Físicas;1278332
Alto Araguaia;2024;Secretaria de Assistência e Desenvolvimento Social;Obras e Instalações;1652865
Alto Araguaia;2024;Secretaria de Assistência e Desenvolvimento Social;Equipamentos e Material Permanente;28083
Alto Araguaia;2024;Secretaria de Assistência e Desenvolvimento Social;Despesas de Exercícios Anteriores;564145
Alto Araguaia;2024;Secretaria de Assistência e Desenvolvimento Social;Indenizações e Restituições Trabalhistas;669894
Alto Araguaia;2024;Secretaria de Indústria, Comércio e Serviços;Vencimentos e Vantagens Fixas - Pessoal Civil;147407
Alto Araguaia;2024;Secretaria de Indústria, Comércio e Serviços;Obrigações Patronais;26769
Alto Araguaia;2024;Secretaria de Indústria, Comércio e Serviços;Diárias - Civil;520
Alto Araguaia;2024;Secretaria de Indústria, Comércio e Serviços;Indenizações e Restituições Trabalhistas;16140
Alto Araguaia;2024;Secretaria de Transporte e Frotas;Vencimentos e Vantagens Fixas - Pessoal Civil;1172548
Alto Araguaia;2024;Secretaria de Transporte e Frotas;Obrigações Patronais;226194
Alto Araguaia;2024;Secretaria de Transporte e Frotas;Material de Consumo;1439064
Alto Araguaia;2024;Secretaria de Transporte e Frotas;Outros Serviços de Terceiros - Pessoa Física;12500
Alto Araguaia;2024;Secretaria de Transporte e Frotas;Outros Serviços de Terceiros - Pessoa Jurídica;17239
Alto Araguaia;2024;Secretaria de Transporte e Frotas;Despesas de Exercícios Anteriores;91194
Alto Araguaia;2024;Secretaria de Transporte e Frotas;Indenizações e Restituições Trabalhistas;97292
Alto Araguaia;2024;Previmar - Fundo Municipal de Previdencia Social dos Servidores de Alto Araguaia;Aposentadorias, Reserva Remunerada e Reformas;9866715
Alto Araguaia;2024;Previmar - Fundo Municipal de Previdencia Social dos Servidores de Alto Araguaia;Pensões;1373617
Alto Araguaia;2024;Previmar - Fundo Municipal de Previdencia Social dos Servidores de Alto Araguaia;Vencimentos e Vantagens Fixas - Pessoal Civil;180037
Alto Araguaia;2024;Previmar - Fundo Municipal de Previdencia Social dos Servidores de Alto Araguaia;Obrigações Patronais;40280
Alto Araguaia;2024;Previmar - Fundo Municipal de Previdencia Social dos Servidores de Alto Araguaia;Material de Consumo;6972
Alto Araguaia;2024;Previmar - Fundo Municipal de Previdencia Social dos Servidores de Alto Araguaia;Serviços de Consultoria;13200
Alto Araguaia;2024;Previmar - Fundo Municipal de Previdencia Social dos Servidores de Alto Araguaia;Outros Serviços de Terceiros - Pessoa Jurídica;16139
Alto Araguaia;2024;Previmar - Fundo Municipal de Previdencia Social dos Servidores de Alto Araguaia;Serviços de Tecnologia da Informação e Comunicação - Pessoa Jurídica;104505
Alto Araguaia;2024;Previmar - Fundo Municipal de Previdencia Social dos Servidores de Alto Araguaia;Obrigações Tributárias e Contributivas;145947
Alto Araguaia;2024;Secretaria de Meio Ambiente e Desenv. Urbano;Vencimentos e Vantagens Fixas - Pessoal Civil;71347
Alto Araguaia;2024;Secretaria de Meio Ambiente e Desenv. Urbano;Obrigações Patronais;11833
Alto Araguaia;2024;Secretaria de Meio Ambiente e Desenv. Urbano;Diárias - Civil;520
Alto Araguaia;2024;Secretaria de Meio Ambiente e Desenv. Urbano;Indenizações e Restituições Trabalhistas;12640
Alto Araguaia;2024;Secretaria de Agricultura,pecuária e Abastecimento;Vencimentos e Vantagens Fixas - Pessoal Civil;366390
Alto Araguaia;2024;Secretaria de Agricultura,pecuária e Abastecimento;Obrigações Patronais;46919
Alto Araguaia;2024;Secretaria de Agricultura,pecuária e Abastecimento;Diárias - Civil;980
Alto Araguaia;2024;Secretaria de Agricultura,pecuária e Abastecimento;Material de Consumo;14255
Alto Araguaia;2024;Secretaria de Agricultura,pecuária e Abastecimento;Outros Serviços de Terceiros - Pessoa Física;1517
Alto Araguaia;2024;Secretaria de Agricultura,pecuária e Abastecimento;Outros Serviços de Terceiros - Pessoa Jurídica;17153
Alto Araguaia;2024;Secretaria de Agricultura,pecuária e Abastecimento;Despesas de Exercícios Anteriores;44576
Alto Araguaia;2024;Secretaria de Agricultura,pecuária e Abastecimento;Indenizações e Restituições Trabalhistas;127863
Alto Araguaia;2025;Gabinete do Prefeito;Vencimentos e Vantagens Fixas - Pessoal Civil;2140125
Alto Araguaia;2025;Gabinete do Prefeito;Obrigações Patronais;388089
Alto Araguaia;2025;Gabinete do Prefeito;Diárias - Civil;33800
Alto Araguaia;2025;Gabinete do Prefeito;Outras Despesas Variáveis - Pessoal Civil;8987
Alto Araguaia;2025;Gabinete do Prefeito;Material de Consumo;13463
Alto Araguaia;2025;Gabinete do Prefeito;Outros Serviços de Terceiros - Pessoa Física;518
Alto Araguaia;2025;Gabinete do Prefeito;Outros Serviços de Terceiros - Pessoa Jurídica;440
Alto Araguaia;2025;Gabinete do Prefeito;Equipamentos e Material Permanente;8360
Alto Araguaia;2025;Gabinete do Prefeito;Indenizações e Restituições;165240
Alto Araguaia;2025;Gabinete do Prefeito;Indenizações e Restituições Trabalhistas;77682
Alto Araguaia;2025;Camara Municipal;Vencimentos e Vantagens Fixas - Pessoal Civil;3580079
Alto Araguaia;2025;Camara Municipal;Obrigações Patronais;722875
Alto Araguaia;2025;Camara Municipal;Diárias - Civil;21425
Alto Araguaia;2025;Camara Municipal;Material de Consumo;123333
Alto Araguaia;2025;Camara Municipal;Outros Serviços de Terceiros - Pessoa Física;336
Alto Araguaia;2025;Camara Municipal;Outros Serviços de Terceiros - Pessoa Jurídica;478110
Alto Araguaia;2025;Camara Municipal;Auxílio-Alimentação;344293
Alto Araguaia;2025;Camara Municipal;Outros Auxílios Financeiros a Pessoas Físicas;3441
Alto Araguaia;2025;Camara Municipal;Equipamentos e Material Permanente;2399
Alto Araguaia;2025;Camara Municipal;Indenizações e Restituições;674553
Alto Araguaia;2025;Camara Municipal;Indenizações e Restituições Trabalhistas;275109
Alto Araguaia;2025;Secretaria de Administração;Pensões;85213
Alto Araguaia;2025;Secretaria de Administração;Vencimentos e Vantagens Fixas - Pessoal Civil;3029074
Alto Araguaia;2025;Secretaria de Administração;Obrigações Patronais;593955
Alto Araguaia;2025;Secretaria de Administração;Diárias - Civil;4880
Alto Araguaia;2025;Secretaria de Administração;Material de Consumo;70117
Alto Araguaia;2025;Secretaria de Administração;Serviços de Consultoria;282444
Alto Araguaia;2025;Secretaria de Administração;Outros Serviços de Terceiros - Pessoa Física;46253
Alto Araguaia;2025;Secretaria de Administração;Outros Serviços de Terceiros - Pessoa Jurídica;1568876
Alto Araguaia;2025;Secretaria de Administração;Serviços de Tecnologia da Informação e Comunicação - Pessoa Jurídica;1013555
Alto Araguaia;2025;Secretaria de Administração;Contribuições;48884
Alto Araguaia;2025;Secretaria de Administração;Obrigações Tributárias e Contributivas;61194
Alto Araguaia;2025;Secretaria de Administração;Equipamentos e Material Permanente;6750
Alto Araguaia;2025;Secretaria de Administração;Despesas de Exercícios Anteriores;82884
Alto Araguaia;2025;Secretaria de Administração;Indenizações e Restituições;394002
Alto Araguaia;2025;Secretaria de Administração;Indenizações e Restituições Trabalhistas;76875
Alto Araguaia;2025;Secretaria de Saúde;Vencimentos e Vantagens Fixas - Pessoal Civil;16614317
Alto Araguaia;2025;Secretaria de Saúde;Obrigações Patronais;3297630
Alto Araguaia;2025;Secretaria de Saúde;Diárias - Civil;350600
Alto Araguaia;2025;Secretaria de Saúde;Material de Consumo;1360099
Alto Araguaia;2025;Secretaria de Saúde;Material, Bem Ou Serviço para Distribuição Gratuita;331926
Alto Araguaia;2025;Secretaria de Saúde;Passagens e Despesas com Locomoção;122529
Alto Araguaia;2025;Secretaria de Saúde;Outros Serviços de Terceiros - Pessoa Física;134271
Alto Araguaia;2025;Secretaria de Saúde;Outros Serviços de Terceiros - Pessoa Jurídica;2052841
Alto Araguaia;2025;Secretaria de Saúde;Contribuições;250000
Alto Araguaia;2025;Secretaria de Saúde;Obrigações Tributárias e Contributivas;651
Alto Araguaia;2025;Secretaria de Saúde;Outros Auxílios Financeiros a Pessoas Físicas;91419
Alto Araguaia;2025;Secretaria de Saúde;Obras e Instalações;310879
Alto Araguaia;2025;Secretaria de Saúde;Equipamentos e Material Permanente;519420
Alto Araguaia;2025;Secretaria de Saúde;Rateio Pela Participação em Consórcio Público;7648035
Alto Araguaia;2025;Secretaria de Saúde;Contrato de Gestão;10636355
Alto Araguaia;2025;Secretaria de Saúde;Despesas de Exercícios Anteriores;7984
Alto Araguaia;2025;Secretaria de Saúde;Indenizações e Restituições;505590
Alto Araguaia;2025;Secretaria de Saúde;Indenizações e Restituições Trabalhistas;897795
Alto Araguaia;2025;Secretaria de Saúde;Ressarcimento de Despesas de Pessoal Requisitado;80823
Alto Araguaia;2025;Secretaria de Educação;Outros Benefícios Assistenciais do servidor e do militar;390
Alto Araguaia;2025;Secretaria de Educação;Vencimentos e Vantagens Fixas - Pessoal Civil;16120533
Alto Araguaia;2025;Secretaria de Educação;Obrigações Patronais;3785058
Alto Araguaia;2025;Secretaria de Educação;Diárias - Civil;36760
Alto Araguaia;2025;Secretaria de Educação;Material de Consumo;1645947
Alto Araguaia;2025;Secretaria de Educação;Passagens e Despesas com Locomoção;365
Alto Araguaia;2025;Secretaria de Educação;Outros Serviços de Terceiros - Pessoa Física;3096612
Alto Araguaia;2025;Secretaria de Educação;Outros Serviços de Terceiros - Pessoa Jurídica;5126324
Alto Araguaia;2025;Secretaria de Educação;Serviços de Tecnologia da Informação e Comunicação - Pessoa Jurídica;117189
Alto Araguaia;2025;Secretaria de Educação;Contribuições;235946
Alto Araguaia;2025;Secretaria de Educação;Subvenções Sociais;564000
Alto Araguaia;2025;Secretaria de Educação;Obrigações Tributárias e Contributivas;552673
Alto Araguaia;2025;Secretaria de Educação;Obras e Instalações;3244626
Alto Araguaia;2025;Secretaria de Educação;Equipamentos e Material Permanente;5486
Alto Araguaia;2025;Secretaria de Educação;Despesas de Exercícios Anteriores;31137
Alto Araguaia;2025;Secretaria de Educação;Indenizações e Restituições;433860
Alto Araguaia;2025;Secretaria de Educação;Indenizações e Restituições Trabalhistas;1331474
Alto Araguaia;2025;Secretaria de Obras;Vencimentos e Vantagens Fixas - Pessoal Civil;1361007
Alto Araguaia;2025;Secretaria de Obras;Obrigações Patronais;269745
Alto Araguaia;2025;Secretaria de Obras;Diárias - Civil;2600
Alto Araguaia;2025;Secretaria de Obras;Material de Consumo;436408
Alto Araguaia;2025;Secretaria de Obras;Outros Serviços de Terceiros - Pessoa Física;14590
Alto Araguaia;2025;Secretaria de Obras;Outros Serviços de Terceiros - Pessoa Jurídica;147079
Alto Araguaia;2025;Secretaria de Obras;Despesas de Exercícios Anteriores;2700
Alto Araguaia;2025;Secretaria de Obras;Indenizações e Restituições Trabalhistas;50548
Alto Araguaia;2025;Secretaria de Obras;Ressarcimento de Despesas de Pessoal Requisitado;4343
Alto Araguaia;2025;Secretaria de Infra-estrutura e Serviços Urbanos;Vencimentos e Vantagens Fixas - Pessoal Civil;3691886
Alto Araguaia;2025;Secretaria de Infra-estrutura e Serviços Urbanos;Obrigações Patronais;703491
Alto Araguaia;2025;Secretaria de Infra-estrutura e Serviços Urbanos;Diárias - Civil;1240
Alto Araguaia;2025;Secretaria de Infra-estrutura e Serviços Urbanos;Material de Consumo;1007506
Alto Araguaia;2025;Secretaria de Infra-estrutura e Serviços Urbanos;Outros Serviços de Terceiros - Pessoa Física;158208
Alto Araguaia;2025;Secretaria de Infra-estrutura e Serviços Urbanos;Outros Serviços de Terceiros - Pessoa Jurídica;3094478
Alto Araguaia;2025;Secretaria de Infra-estrutura e Serviços Urbanos;Serviços de Tecnologia da Informação e Comunicação - Pessoa Jurídica;69517
Alto Araguaia;2025;Secretaria de Infra-estrutura e Serviços Urbanos;Obras e Instalações;273022
Alto Araguaia;2025;Secretaria de Infra-estrutura e Serviços Urbanos;Equipamentos e Material Permanente;12921
Alto Araguaia;2025;Secretaria de Infra-estrutura e Serviços Urbanos;Despesas de Exercícios Anteriores;11596
Alto Araguaia;2025;Secretaria de Infra-estrutura e Serviços Urbanos;Indenizações e Restituições Trabalhistas;439602
Alto Araguaia;2025;Secretaria de Finanças e Planejamento;Vencimentos e Vantagens Fixas - Pessoal Civil;1686081
Alto Araguaia;2025;Secretaria de Finanças e Planejamento;Obrigações Patronais;353698
Alto Araguaia;2025;Secretaria de Finanças e Planejamento;Diárias - Civil;13840
Alto Araguaia;2025;Secretaria de Finanças e Planejamento;Juros sobre a Dívida por Contrato;2771640
Alto Araguaia;2025;Secretaria de Finanças e Planejamento;Material de Consumo;8499
Alto Araguaia;2025;Secretaria de Finanças e Planejamento;Material, Bem Ou Serviço para Distribuição Gratuita;8464
Alto Araguaia;2025;Secretaria de Finanças e Planejamento;Serviços de Consultoria;27500
Alto Araguaia;2025;Secretaria de Finanças e Planejamento;Outros Serviços de Terceiros - Pessoa Física;7045
Alto Araguaia;2025;Secretaria de Finanças e Planejamento;Outros Serviços de Terceiros - Pessoa Jurídica;61273
Alto Araguaia;2025;Secretaria de Finanças e Planejamento;Obrigações Tributárias e Contributivas;1106167
Alto Araguaia;2025;Secretaria de Finanças e Planejamento;Equipamentos e Material Permanente;1780
Alto Araguaia;2025;Secretaria de Finanças e Planejamento;Principal da Dívida Contratual Resgatado;2912838
Alto Araguaia;2025;Secretaria de Finanças e Planejamento;Sentenças Judiciais;874752
Alto Araguaia;2025;Secretaria de Finanças e Planejamento;Indenizações e Restituições Trabalhistas;195051
Alto Araguaia;2025;Secretaria de Cultura, Esporte, Lazer e Turismo;Vencimentos e Vantagens Fixas - Pessoal Civil;859042
Alto Araguaia;2025;Secretaria de Cultura, Esporte, Lazer e Turismo;Obrigações Patronais;187082
Alto Araguaia;2025;Secretaria de Cultura, Esporte, Lazer e Turismo;Diárias - Civil;8700
Alto Araguaia;2025;Secretaria de Cultura, Esporte, Lazer e Turismo;Material de Consumo;35242
Alto Araguaia;2025;Secretaria de Cultura, Esporte, Lazer e Turismo;Premiações Culturais, Artísticas, Científicas, Desportivas e Outras;7400
Alto Araguaia;2025;Secretaria de Cultura, Esporte, Lazer e Turismo;Outros Serviços de Terceiros - Pessoa Física;7218
Alto Araguaia;2025;Secretaria de Cultura, Esporte, Lazer e Turismo;Outros Serviços de Terceiros - Pessoa Jurídica;208630
Alto Araguaia;2025;Secretaria de Cultura, Esporte, Lazer e Turismo;Contribuições;6200
Alto Araguaia;2025;Secretaria de Cultura, Esporte, Lazer e Turismo;Obras e Instalações;150090
Alto Araguaia;2025;Secretaria de Cultura, Esporte, Lazer e Turismo;Indenizações e Restituições Trabalhistas;38454
Alto Araguaia;2025;Secretaria de Assistência e Desenvolvimento Social;Vencimentos e Vantagens Fixas - Pessoal Civil;2779141
Alto Araguaia;2025;Secretaria de Assistência e Desenvolvimento Social;Obrigações Patronais;570146
Alto Araguaia;2025;Secretaria de Assistência e Desenvolvimento Social;Diárias - Civil;67660
Alto Araguaia;2025;Secretaria de Assistência e Desenvolvimento Social;Material de Consumo;358770
Alto Araguaia;2025;Secretaria de Assistência e Desenvolvimento Social;Material, Bem Ou Serviço para Distribuição Gratuita;102138
Alto Araguaia;2025;Secretaria de Assistência e Desenvolvimento Social;Passagens e Despesas com Locomoção;39592
Alto Araguaia;2025;Secretaria de Assistência e Desenvolvimento Social;Outros Serviços de Terceiros - Pessoa Física;312013
Alto Araguaia;2025;Secretaria de Assistência e Desenvolvimento Social;Outros Serviços de Terceiros - Pessoa Jurídica;526504
Alto Araguaia;2025;Secretaria de Assistência e Desenvolvimento Social;Serviços de Tecnologia da Informação e Comunicação - Pessoa Jurídica;27600
Alto Araguaia;2025;Secretaria de Assistência e Desenvolvimento Social;Contribuições;80000
Alto Araguaia;2025;Secretaria de Assistência e Desenvolvimento Social;Subvenções Sociais;792827
Alto Araguaia;2025;Secretaria de Assistência e Desenvolvimento Social;Outros Auxílios Financeiros a Pessoas Físicas;1195625
Alto Araguaia;2025;Secretaria de Assistência e Desenvolvimento Social;Obras e Instalações;221602
Alto Araguaia;2025;Secretaria de Assistência e Desenvolvimento Social;Equipamentos e Material Permanente;35475
Alto Araguaia;2025;Secretaria de Assistência e Desenvolvimento Social;Despesas de Exercícios Anteriores;8479
Alto Araguaia;2025;Secretaria de Assistência e Desenvolvimento Social;Indenizações e Restituições Trabalhistas;183124
Alto Araguaia;2025;Secretaria de Indústria, Comércio e Serviços;Vencimentos e Vantagens Fixas - Pessoal Civil;233419
Alto Araguaia;2025;Secretaria de Indústria, Comércio e Serviços;Obrigações Patronais;49384
Alto Araguaia;2025;Secretaria de Indústria, Comércio e Serviços;Passagens e Despesas com Locomoção;183
Alto Araguaia;2025;Secretaria de Indústria, Comércio e Serviços;Contribuições;20000
Alto Araguaia;2025;Secretaria de Indústria, Comércio e Serviços;Indenizações e Restituições Trabalhistas;6325
Alto Araguaia;2025;Secretaria de Transporte e Frotas;Vencimentos e Vantagens Fixas - Pessoal Civil;1031333
Alto Araguaia;2025;Secretaria de Transporte e Frotas;Obrigações Patronais;176099
Alto Araguaia;2025;Secretaria de Transporte e Frotas;Diárias - Civil;1180
Alto Araguaia;2025;Secretaria de Transporte e Frotas;Material de Consumo;382194
Alto Araguaia;2025;Secretaria de Transporte e Frotas;Outros Serviços de Terceiros - Pessoa Física;6000
Alto Araguaia;2025;Secretaria de Transporte e Frotas;Outros Serviços de Terceiros - Pessoa Jurídica;258696
Alto Araguaia;2025;Secretaria de Transporte e Frotas;Serviços de Tecnologia da Informação e Comunicação - Pessoa Jurídica;1872
Alto Araguaia;2025;Secretaria de Transporte e Frotas;Indenizações e Restituições Trabalhistas;241848
Alto Araguaia;2025;Previmar - Fundo Municipal de Previdencia Social dos Servidores de Alto Araguaia;Aposentadorias, Reserva Remunerada e Reformas;11252531
Alto Araguaia;2025;Previmar - Fundo Municipal de Previdencia Social dos Servidores de Alto Araguaia;Pensões;1484636
Alto Araguaia;2025;Previmar - Fundo Municipal de Previdencia Social dos Servidores de Alto Araguaia;Vencimentos e Vantagens Fixas - Pessoal Civil;314170
Alto Araguaia;2025;Previmar - Fundo Municipal de Previdencia Social dos Servidores de Alto Araguaia;Obrigações Patronais;52171
Alto Araguaia;2025;Previmar - Fundo Municipal de Previdencia Social dos Servidores de Alto Araguaia;Material de Consumo;12012
Alto Araguaia;2025;Previmar - Fundo Municipal de Previdencia Social dos Servidores de Alto Araguaia;Serviços de Consultoria;16700
Alto Araguaia;2025;Previmar - Fundo Municipal de Previdencia Social dos Servidores de Alto Araguaia;Outros Serviços de Terceiros - Pessoa Jurídica;29114
Alto Araguaia;2025;Previmar - Fundo Municipal de Previdencia Social dos Servidores de Alto Araguaia;Serviços de Tecnologia da Informação e Comunicação - Pessoa Jurídica;111774
Alto Araguaia;2025;Previmar - Fundo Municipal de Previdencia Social dos Servidores de Alto Araguaia;Obrigações Tributárias e Contributivas;401930
Alto Araguaia;2025;Previmar - Fundo Municipal de Previdencia Social dos Servidores de Alto Araguaia;Equipamentos e Material Permanente;6400
Alto Araguaia;2025;Previmar - Fundo Municipal de Previdencia Social dos Servidores de Alto Araguaia;Indenizações e Restituições;130145
Alto Araguaia;2025;Secretaria de Meio Ambiente e Desenv. Urbano;Vencimentos e Vantagens Fixas - Pessoal Civil;133875
Alto Araguaia;2025;Secretaria de Meio Ambiente e Desenv. Urbano;Obrigações Patronais;27319
Alto Araguaia;2025;Secretaria de Meio Ambiente e Desenv. Urbano;Material de Consumo;2472
Alto Araguaia;2025;Secretaria de Meio Ambiente e Desenv. Urbano;Indenizações e Restituições Trabalhistas;2590
Alto Araguaia;2025;Secretaria de Agricultura,pecuária e Abastecimento;Vencimentos e Vantagens Fixas - Pessoal Civil;302629
Alto Araguaia;2025;Secretaria de Agricultura,pecuária e Abastecimento;Obrigações Patronais;50398
Alto Araguaia;2025;Secretaria de Agricultura,pecuária e Abastecimento;Diárias - Civil;1480
Alto Araguaia;2025;Secretaria de Agricultura,pecuária e Abastecimento;Material de Consumo;49241
Alto Araguaia;2025;Secretaria de Agricultura,pecuária e Abastecimento;Outros Serviços de Terceiros - Pessoa Física;460
Alto Araguaia;2025;Secretaria de Agricultura,pecuária e Abastecimento;Outros Serviços de Terceiros - Pessoa Jurídica;45551
Alto Araguaia;2025;Secretaria de Agricultura,pecuária e Abastecimento;Indenizações e Restituições Trabalhistas;15708
Alto Araguaia;2026;Gabinete do Prefeito;Vencimentos e Vantagens Fixas - Pessoal Civil;1380271
Alto Araguaia;2026;Gabinete do Prefeito;Obrigações Patronais;271754
Alto Araguaia;2026;Gabinete do Prefeito;Diárias - Civil;20180
Alto Araguaia;2026;Gabinete do Prefeito;Material de Consumo;920
Alto Araguaia;2026;Gabinete do Prefeito;Outros Serviços de Terceiros - Pessoa Física;850
Alto Araguaia;2026;Gabinete do Prefeito;Indenizações e Restituições;96390
Alto Araguaia;2026;Gabinete do Prefeito;Indenizações e Restituições Trabalhistas;47428
Alto Araguaia;2026;Camara Municipal;Vencimentos e Vantagens Fixas - Pessoal Civil;2120491
Alto Araguaia;2026;Camara Municipal;Obrigações Patronais;445479
Alto Araguaia;2026;Camara Municipal;Diárias - Civil;8875
Alto Araguaia;2026;Camara Municipal;Material de Consumo;50872
Alto Araguaia;2026;Camara Municipal;Serviços de Consultoria;42000
Alto Araguaia;2026;Camara Municipal;Outros Serviços de Terceiros - Pessoa Jurídica;216005
Alto Araguaia;2026;Camara Municipal;Auxílio-Alimentação;208027
Alto Araguaia;2026;Camara Municipal;Equipamentos e Material Permanente;4020
Alto Araguaia;2026;Camara Municipal;Indenizações e Restituições;405683
Alto Araguaia;2026;Camara Municipal;Indenizações e Restituições Trabalhistas;49510
Alto Araguaia;2026;Secretaria de Administração;Pensões;35613
Alto Araguaia;2026;Secretaria de Administração;Vencimentos e Vantagens Fixas - Pessoal Civil;1539719
Alto Araguaia;2026;Secretaria de Administração;Obrigações Patronais;335667
Alto Araguaia;2026;Secretaria de Administração;Diárias - Civil;300
Alto Araguaia;2026;Secretaria de Administração;Material de Consumo;40325
Alto Araguaia;2026;Secretaria de Administração;Serviços de Consultoria;30000
Alto Araguaia;2026;Secretaria de Administração;Outros Serviços de Terceiros - Pessoa Física;12581
Alto Araguaia;2026;Secretaria de Administração;Outros Serviços de Terceiros - Pessoa Jurídica;428037
Alto Araguaia;2026;Secretaria de Administração;Serviços de Tecnologia da Informação e Comunicação - Pessoa Jurídica;501017
Alto Araguaia;2026;Secretaria de Administração;Contribuições;195000
Alto Araguaia;2026;Secretaria de Administração;Obrigações Tributárias e Contributivas;68100
Alto Araguaia;2026;Secretaria de Administração;Equipamentos e Material Permanente;40689
Alto Araguaia;2026;Secretaria de Administração;Indenizações e Restituições;105665
Alto Araguaia;2026;Secretaria de Administração;Indenizações e Restituições Trabalhistas;56624
Alto Araguaia;2026;Secretaria de Saúde;Vencimentos e Vantagens Fixas - Pessoal Civil;9863124
Alto Araguaia;2026;Secretaria de Saúde;Obrigações Patronais;2074768
Alto Araguaia;2026;Secretaria de Saúde;Diárias - Civil;214220
Alto Araguaia;2026;Secretaria de Saúde;Material de Consumo;861497
Alto Araguaia;2026;Secretaria de Saúde;Material, Bem Ou Serviço para Distribuição Gratuita;288298
Alto Araguaia;2026;Secretaria de Saúde;Passagens e Despesas com Locomoção;36588
Alto Araguaia;2026;Secretaria de Saúde;Outros Serviços de Terceiros - Pessoa Física;110422
Alto Araguaia;2026;Secretaria de Saúde;Outros Serviços de Terceiros - Pessoa Jurídica;1255233
Alto Araguaia;2026;Secretaria de Saúde;Serviços de Tecnologia da Informação e Comunicação - Pessoa Jurídica;11400
Alto Araguaia;2026;Secretaria de Saúde;Obrigações Tributárias e Contributivas;10731
Alto Araguaia;2026;Secretaria de Saúde;Outros Auxílios Financeiros a Pessoas Físicas;35972
Alto Araguaia;2026;Secretaria de Saúde;Equipamentos e Material Permanente;750558
Alto Araguaia;2026;Secretaria de Saúde;Rateio Pela Participação em Consórcio Público;1308757
Alto Araguaia;2026;Secretaria de Saúde;Contrato de Gestão;4917683
Alto Araguaia;2026;Secretaria de Saúde;Despesas de Exercícios Anteriores;68526
Alto Araguaia;2026;Secretaria de Saúde;Indenizações e Restituições Trabalhistas;499195
Alto Araguaia;2026;Secretaria de Saúde;Ressarcimento de Despesas de Pessoal Requisitado;100169
Alto Araguaia;2026;Secretaria de Educação e Cultura;Outros Benefícios Assistenciais do servidor e do militar;68
Alto Araguaia;2026;Secretaria de Educação e Cultura;Vencimentos e Vantagens Fixas - Pessoal Civil;9059136
Alto Araguaia;2026;Secretaria de Educação e Cultura;Obrigações Patronais;2272839
Alto Araguaia;2026;Secretaria de Educação e Cultura;Diárias - Civil;25580
Alto Araguaia;2026;Secretaria de Educação e Cultura;Material de Consumo;895157
Alto Araguaia;2026;Secretaria de Educação e Cultura;Premiações Culturais, Artísticas, Científicas, Desportivas e Outras;31825
Alto Araguaia;2026;Secretaria de Educação e Cultura;Passagens e Despesas com Locomoção;276
Alto Araguaia;2026;Secretaria de Educação e Cultura;Serviços de Consultoria;6923
Alto Araguaia;2026;Secretaria de Educação e Cultura;Outros Serviços de Terceiros - Pessoa Física;1473185
Alto Araguaia;2026;Secretaria de Educação e Cultura;Outros Serviços de Terceiros - Pessoa Jurídica;2432438
Alto Araguaia;2026;Secretaria de Educação e Cultura;Serviços de Tecnologia da Informação e Comunicação - Pessoa Jurídica;60000
Alto Araguaia;2026;Secretaria de Educação e Cultura;Contribuições;169000
Alto Araguaia;2026;Secretaria de Educação e Cultura;Subvenções Sociais;322000
Alto Araguaia;2026;Secretaria de Educação e Cultura;Obrigações Tributárias e Contributivas;303641
Alto Araguaia;2026;Secretaria de Educação e Cultura;Obras e Instalações;678142
Alto Araguaia;2026;Secretaria de Educação e Cultura;Equipamentos e Material Permanente;6241
Alto Araguaia;2026;Secretaria de Educação e Cultura;Despesas de Exercícios Anteriores;37357
Alto Araguaia;2026;Secretaria de Educação e Cultura;Indenizações e Restituições;38613
Alto Araguaia;2026;Secretaria de Educação e Cultura;Indenizações e Restituições Trabalhistas;636946
Alto Araguaia;2026;Secretaria de Obras;Vencimentos e Vantagens Fixas - Pessoal Civil;772036
Alto Araguaia;2026;Secretaria de Obras;Obrigações Patronais;164509
Alto Araguaia;2026;Secretaria de Obras;Diárias - Civil;100
Alto Araguaia;2026;Secretaria de Obras;Material de Consumo;168156
Alto Araguaia;2026;Secretaria de Obras;Outros Serviços de Terceiros - Pessoa Física;9660
Alto Araguaia;2026;Secretaria de Obras;Outros Serviços de Terceiros - Pessoa Jurídica;142947
Alto Araguaia;2026;Secretaria de Obras;Obras e Instalações;22193
Alto Araguaia;2026;Secretaria de Obras;Equipamentos e Material Permanente;4195
Alto Araguaia;2026;Secretaria de Obras;Indenizações e Restituições Trabalhistas;7817
Alto Araguaia;2026;Secretaria de Obras;Ressarcimento de Despesas de Pessoal Requisitado;11095
Alto Araguaia;2026;Secretaria de Infra-estrutura e Serviços Urbanos;Vencimentos e Vantagens Fixas - Pessoal Civil;2217233
Alto Araguaia;2026;Secretaria de Infra-estrutura e Serviços Urbanos;Obrigações Patronais;439535
Alto Araguaia;2026;Secretaria de Infra-estrutura e Serviços Urbanos;Diárias - Civil;260
Alto Araguaia;2026;Secretaria de Infra-estrutura e Serviços Urbanos;Material de Consumo;1173439
Alto Araguaia;2026;Secretaria de Infra-estrutura e Serviços Urbanos;Outros Serviços de Terceiros - Pessoa Física;166056
Alto Araguaia;2026;Secretaria de Infra-estrutura e Serviços Urbanos;Outros Serviços de Terceiros - Pessoa Jurídica;1848006
Alto Araguaia;2026;Secretaria de Infra-estrutura e Serviços Urbanos;Serviços de Tecnologia da Informação e Comunicação - Pessoa Jurídica;33078
Alto Araguaia;2026;Secretaria de Infra-estrutura e Serviços Urbanos;Equipamentos e Material Permanente;59035
Alto Araguaia;2026;Secretaria de Infra-estrutura e Serviços Urbanos;Despesas de Exercícios Anteriores;36746
Alto Araguaia;2026;Secretaria de Infra-estrutura e Serviços Urbanos;Indenizações e Restituições;226362
Alto Araguaia;2026;Secretaria de Infra-estrutura e Serviços Urbanos;Indenizações e Restituições Trabalhistas;125604
Alto Araguaia;2026;Secretaria de Finanças e Planejamento;Vencimentos e Vantagens Fixas - Pessoal Civil;1000802
Alto Araguaia;2026;Secretaria de Finanças e Planejamento;Obrigações Patronais;231738
Alto Araguaia;2026;Secretaria de Finanças e Planejamento;Diárias - Civil;10700
Alto Araguaia;2026;Secretaria de Finanças e Planejamento;Juros sobre a Dívida por Contrato;1450689
Alto Araguaia;2026;Secretaria de Finanças e Planejamento;Material de Consumo;7887
Alto Araguaia;2026;Secretaria de Finanças e Planejamento;Serviços de Consultoria;69000
Alto Araguaia;2026;Secretaria de Finanças e Planejamento;Outros Serviços de Terceiros - Pessoa Jurídica;96256
Alto Araguaia;2026;Secretaria de Finanças e Planejamento;Obrigações Tributárias e Contributivas;673420
Alto Araguaia;2026;Secretaria de Finanças e Planejamento;Equipamentos e Material Permanente;1275
Alto Araguaia;2026;Secretaria de Finanças e Planejamento;Principal da Dívida Contratual Resgatado;3895003
Alto Araguaia;2026;Secretaria de Finanças e Planejamento;Sentenças Judiciais;312024
Alto Araguaia;2026;Secretaria de Finanças e Planejamento;Indenizações e Restituições;8364
Alto Araguaia;2026;Secretaria de Finanças e Planejamento;Indenizações e Restituições Trabalhistas;172839
Alto Araguaia;2026;Secretaria de Assistência e Desenvolvimento Social;Vencimentos e Vantagens Fixas - Pessoal Civil;1619643
Alto Araguaia;2026;Secretaria de Assistência e Desenvolvimento Social;Obrigações Patronais;358720
Alto Araguaia;2026;Secretaria de Assistência e Desenvolvimento Social;Diárias - Civil;45520
Alto Araguaia;2026;Secretaria de Assistência e Desenvolvimento Social;Material de Consumo;206222
Alto Araguaia;2026;Secretaria de Assistência e Desenvolvimento Social;Material, Bem Ou Serviço para Distribuição Gratuita;69371
Alto Araguaia;2026;Secretaria de Assistência e Desenvolvimento Social;Passagens e Despesas com Locomoção;16047
Alto Araguaia;2026;Secretaria de Assistência e Desenvolvimento Social;Outros Serviços de Terceiros - Pessoa Física;199452
Alto Araguaia;2026;Secretaria de Assistência e Desenvolvimento Social;Outros Serviços de Terceiros - Pessoa Jurídica;300755
Alto Araguaia;2026;Secretaria de Assistência e Desenvolvimento Social;Serviços de Tecnologia da Informação e Comunicação - Pessoa Jurídica;13800
Alto Araguaia;2026;Secretaria de Assistência e Desenvolvimento Social;Contribuições;25000
Alto Araguaia;2026;Secretaria de Assistência e Desenvolvimento Social;Subvenções Sociais;484126
Alto Araguaia;2026;Secretaria de Assistência e Desenvolvimento Social;Outros Auxílios Financeiros a Pessoas Físicas;677875
Alto Araguaia;2026;Secretaria de Assistência e Desenvolvimento Social;Equipamentos e Material Permanente;227192
Alto Araguaia;2026;Secretaria de Assistência e Desenvolvimento Social;Despesas de Exercícios Anteriores;990
Alto Araguaia;2026;Secretaria de Assistência e Desenvolvimento Social;Indenizações e Restituições Trabalhistas;152758
Alto Araguaia;2026;Secretaria de Transporte e Frotas;Vencimentos e Vantagens Fixas - Pessoal Civil;627077
Alto Araguaia;2026;Secretaria de Transporte e Frotas;Obrigações Patronais;108909
Alto Araguaia;2026;Secretaria de Transporte e Frotas;Diárias - Civil;100
Alto Araguaia;2026;Secretaria de Transporte e Frotas;Material de Consumo;31626
Alto Araguaia;2026;Secretaria de Transporte e Frotas;Outros Serviços de Terceiros - Pessoa Jurídica;9470
Alto Araguaia;2026;Secretaria de Transporte e Frotas;Indenizações e Restituições Trabalhistas;9321
Alto Araguaia;2026;Previmar - Fundo Municipal de Previdencia Social dos Servidores de Alto Araguaia;Aposentadorias, Reserva Remunerada e Reformas;7018105
Alto Araguaia;2026;Previmar - Fundo Municipal de Previdencia Social dos Servidores de Alto Araguaia;Pensões;910300
Alto Araguaia;2026;Previmar - Fundo Municipal de Previdencia Social dos Servidores de Alto Araguaia;Vencimentos e Vantagens Fixas - Pessoal Civil;179501
Alto Araguaia;2026;Previmar - Fundo Municipal de Previdencia Social dos Servidores de Alto Araguaia;Obrigações Patronais;36531
Alto Araguaia;2026;Previmar - Fundo Municipal de Previdencia Social dos Servidores de Alto Araguaia;Diárias - Civil;2592
Alto Araguaia;2026;Previmar - Fundo Municipal de Previdencia Social dos Servidores de Alto Araguaia;Material de Consumo;8992
Alto Araguaia;2026;Previmar - Fundo Municipal de Previdencia Social dos Servidores de Alto Araguaia;Serviços de Consultoria;25750
Alto Araguaia;2026;Previmar - Fundo Municipal de Previdencia Social dos Servidores de Alto Araguaia;Outros Serviços de Terceiros - Pessoa Física;150
Alto Araguaia;2026;Previmar - Fundo Municipal de Previdencia Social dos Servidores de Alto Araguaia;Outros Serviços de Terceiros - Pessoa Jurídica;46957
Alto Araguaia;2026;Previmar - Fundo Municipal de Previdencia Social dos Servidores de Alto Araguaia;Serviços de Tecnologia da Informação e Comunicação - Pessoa Jurídica;60600
Alto Araguaia;2026;Previmar - Fundo Municipal de Previdencia Social dos Servidores de Alto Araguaia;Obrigações Tributárias e Contributivas;6149
Alto Araguaia;2026;Previmar - Fundo Municipal de Previdencia Social dos Servidores de Alto Araguaia;Equipamentos e Material Permanente;8989
Alto Araguaia;2026;Previmar - Fundo Municipal de Previdencia Social dos Servidores de Alto Araguaia;Indenizações e Restituições;34138
Alto Araguaia;2026;Previmar - Fundo Municipal de Previdencia Social dos Servidores de Alto Araguaia;Indenizações e Restituições Trabalhistas;7793
Alto Araguaia;2026;Previmar - Fundo Municipal de Previdencia Social dos Servidores de Alto Araguaia;Ressarcimento de Despesas de Pessoal Requisitado;52790
Alto Araguaia;2026;Secretaria de Meio Ambiente e Desenv. Urbano;Vencimentos e Vantagens Fixas - Pessoal Civil;6742
Alto Araguaia;2026;Secretaria de Meio Ambiente e Desenv. Urbano;Obrigações Patronais;1424
Alto Araguaia;2026;Secretaria de Meio Ambiente e Desenv. Urbano;Diárias - Civil;1120
Alto Araguaia;2026;Secretaria de Meio Ambiente e Desenv. Urbano;Material de Consumo;1475
Alto Araguaia;2026;Secretaria de Meio Ambiente e Desenv. Urbano;Indenizações e Restituições Trabalhistas;15542
Alto Araguaia;2026;Secretaria de Agricultura,pecuária e Abastecimento;Vencimentos e Vantagens Fixas - Pessoal Civil;189013
Alto Araguaia;2026;Secretaria de Agricultura,pecuária e Abastecimento;Obrigações Patronais;33217
Alto Araguaia;2026;Secretaria de Agricultura,pecuária e Abastecimento;Diárias - Civil;3620
Alto Araguaia;2026;Secretaria de Agricultura,pecuária e Abastecimento;Material de Consumo;24156
Alto Araguaia;2026;Secretaria de Agricultura,pecuária e Abastecimento;Outros Serviços de Terceiros - Pessoa Física;11500
Alto Araguaia;2026;Secretaria de Agricultura,pecuária e Abastecimento;Outros Serviços de Terceiros - Pessoa Jurídica;70474
Alto Araguaia;2026;Secretaria de Agricultura,pecuária e Abastecimento;Despesas de Exercícios Anteriores;195
Alto Araguaia;2026;Secretaria de Agricultura,pecuária e Abastecimento;Indenizações e Restituições Trabalhistas;5592
Alto Araguaia;2026;Secretaria de Esporte, Lazer e Turismo;Vencimentos e Vantagens Fixas - Pessoal Civil;455536
Alto Araguaia;2026;Secretaria de Esporte, Lazer e Turismo;Obrigações Patronais;103662
Alto Araguaia;2026;Secretaria de Esporte, Lazer e Turismo;Diárias - Civil;8460
Alto Araguaia;2026;Secretaria de Esporte, Lazer e Turismo;Material de Consumo;71699
Alto Araguaia;2026;Secretaria de Esporte, Lazer e Turismo;Outros Serviços de Terceiros - Pessoa Física;2400
Alto Araguaia;2026;Secretaria de Esporte, Lazer e Turismo;Outros Serviços de Terceiros - Pessoa Jurídica;119387
Alto Araguaia;2026;Secretaria de Esporte, Lazer e Turismo;Indenizações e Restituições Trabalhistas;15814
Alto Araguaia;2026;Secretaria de Indústria, Comércio e Serviços e Empregos;Vencimentos e Vantagens Fixas - Pessoal Civil;194072
Alto Araguaia;2026;Secretaria de Indústria, Comércio e Serviços e Empregos;Obrigações Patronais;43995
Alto Araguaia;2026;Secretaria de Indústria, Comércio e Serviços e Empregos;Diárias - Civil;2340
Alto Araguaia;2026;Secretaria de Indústria, Comércio e Serviços e Empregos;Outros Serviços de Terceiros - Pessoa Jurídica;279
Alto Araguaia;2026;Secretaria de Indústria, Comércio e Serviços e Empregos;Equipamentos e Material Permanente;2590
Alto Araguaia;2026;Secretaria de Indústria, Comércio e Serviços e Empregos;Indenizações e Restituições Trabalhistas;14545
Arenápolis;2021;Secretaria Municipal de Assistencia Social;Contratação por Tempo Determinado;6600
Arenápolis;2021;Secretaria Municipal de Assistencia Social;Vencimentos e Vantagens Fixas - Pessoal Civil;471598
Arenápolis;2021;Secretaria Municipal de Assistencia Social;Obrigações Patronais;110793
Arenápolis;2021;Secretaria Municipal de Assistencia Social;Diárias - Civil;18713
Arenápolis;2021;Secretaria Municipal de Assistencia Social;Material de Consumo;118664
Arenápolis;2021;Secretaria Municipal de Assistencia Social;Outros Serviços de Terceiros - Pessoa Física;57798
Arenápolis;2021;Secretaria Municipal de Assistencia Social;Outros Serviços de Terceiros - Pessoa Jurídica;137310
Arenápolis;2021;Secretaria Municipal de Assistencia Social;Contribuições;29949
Arenápolis;2021;Secretaria Municipal de Assistencia Social;Equipamentos e Material Permanente;139515
Arenápolis;2021;Secretaria Municipal de Assistencia Social;Serviços de Tecnologia da Informação e Comunicação - Pessoa Jurídica;11694
Arenápolis;2021;Secretaria Municipal de Saude;Contratação por Tempo Determinado;687697
Arenápolis;2021;Secretaria Municipal de Saude;Vencimentos e Vantagens Fixas - Pessoal Civil;3533163
Arenápolis;2021;Secretaria Municipal de Saude;Obrigações Patronais;1012370
Arenápolis;2021;Secretaria Municipal de Saude;Diárias - Civil;153344
Arenápolis;2021;Secretaria Municipal de Saude;Material de Consumo;1284841
Arenápolis;2021;Secretaria Municipal de Saude;Material, Bem Ou Serviço para Distribuição Gratuita;501333
Arenápolis;2021;Secretaria Municipal de Saude;Outros Serviços de Terceiros - Pessoa Física;625239
Arenápolis;2021;Secretaria Municipal de Saude;Outros Serviços de Terceiros - Pessoa Jurídica;7499393
Arenápolis;2021;Secretaria Municipal de Saude;Contribuições;77718
Arenápolis;2021;Secretaria Municipal de Saude;Subvenções Sociais;2171999
Arenápolis;2021;Secretaria Municipal de Saude;Equipamentos e Material Permanente;355691
Arenápolis;2021;Secretaria Municipal de Saude;Rateio Pela Participação em Consórcio Público;75295
Arenápolis;2021;Secretaria Municipal de Saude;Serviços de Tecnologia da Informação e Comunicação - Pessoa Jurídica;29822
Arenápolis;2021;Secretaria Municipal de Governo;Vencimentos e Vantagens Fixas - Pessoal Civil;737935
Arenápolis;2021;Secretaria Municipal de Governo;Obrigações Patronais;159445
Arenápolis;2021;Secretaria Municipal de Governo;Diárias - Civil;88328
Arenápolis;2021;Secretaria Municipal de Governo;Material de Consumo;30698
Arenápolis;2021;Secretaria Municipal de Governo;Outros Serviços de Terceiros - Pessoa Jurídica;151897
Arenápolis;2021;Secretaria Municipal de Governo;Equipamentos e Material Permanente;11639
Arenápolis;2021;Secretaria Municipal de Governo;Sentenças Judiciais;19277
Arenápolis;2021;Secretaria Municipal de Gestao;Contratação por Tempo Determinado;1742
Arenápolis;2021;Secretaria Municipal de Gestao;Vencimentos e Vantagens Fixas - Pessoal Civil;1348010
Arenápolis;2021;Secretaria Municipal de Gestao;Obrigações Patronais;294132
Arenápolis;2021;Secretaria Municipal de Gestao;Diárias - Civil;20893
Arenápolis;2021;Secretaria Municipal de Gestao;Material de Consumo;143355
Arenápolis;2021;Secretaria Municipal de Gestao;Outros Serviços de Terceiros - Pessoa Física;136420
Arenápolis;2021;Secretaria Municipal de Gestao;Outros Serviços de Terceiros - Pessoa Jurídica;442426
Arenápolis;2021;Secretaria Municipal de Gestao;Obrigações Tributárias e Contributivas;418949
Arenápolis;2021;Secretaria Municipal de Gestao;Equipamentos e Material Permanente;28726
Arenápolis;2021;Secretaria Municipal de Gestao;Principal da Dívida Contratual Resgatado;510089
Arenápolis;2021;Secretaria Municipal de Gestao;Serviços de Tecnologia da Informação e Comunicação - Pessoa Jurídica;80562
Arenápolis;2021;Secretaria Municipal de Infraestrutura e Transportes;Contratação por Tempo Determinado;193694
Arenápolis;2021;Secretaria Municipal de Infraestrutura e Transportes;Vencimentos e Vantagens Fixas - Pessoal Civil;1226273
Arenápolis;2021;Secretaria Municipal de Infraestrutura e Transportes;Obrigações Patronais;324958
Arenápolis;2021;Secretaria Municipal de Infraestrutura e Transportes;Diárias - Civil;10725
Arenápolis;2021;Secretaria Municipal de Infraestrutura e Transportes;Material de Consumo;1269063
Arenápolis;2021;Secretaria Municipal de Infraestrutura e Transportes;Outros Serviços de Terceiros - Pessoa Física;128286
Arenápolis;2021;Secretaria Municipal de Infraestrutura e Transportes;Outros Serviços de Terceiros - Pessoa Jurídica;1068147
Arenápolis;2021;Secretaria Municipal de Infraestrutura e Transportes;Obras e Instalações;1452569
Arenápolis;2021;Secretaria Municipal de Infraestrutura e Transportes;Equipamentos e Material Permanente;18199
Arenápolis;2021;Secr Mun. Desenvolvimento Economico e Agropecuario;Vencimentos e Vantagens Fixas - Pessoal Civil;129386
Arenápolis;2021;Secr Mun. Desenvolvimento Economico e Agropecuario;Obrigações Patronais;28429
Arenápolis;2021;Secr Mun. Desenvolvimento Economico e Agropecuario;Diárias - Civil;4650
Arenápolis;2021;Secr Mun. Desenvolvimento Economico e Agropecuario;Material de Consumo;143141
Arenápolis;2021;Secr Mun. Desenvolvimento Economico e Agropecuario;Outros Serviços de Terceiros - Pessoa Jurídica;209292
Arenápolis;2021;Secr Mun de Educacao Cultura Desporto e Lazer;Contratação por Tempo Determinado;232071
Arenápolis;2021;Secr Mun de Educacao Cultura Desporto e Lazer;Vencimentos e Vantagens Fixas - Pessoal Civil;4591108
Arenápolis;2021;Secr Mun de Educacao Cultura Desporto e Lazer;Obrigações Patronais;950160
Arenápolis;2021;Secr Mun de Educacao Cultura Desporto e Lazer;Diárias - Civil;6827
Arenápolis;2021;Secr Mun de Educacao Cultura Desporto e Lazer;Material de Consumo;826748
Arenápolis;2021;Secr Mun de Educacao Cultura Desporto e Lazer;Outros Serviços de Terceiros - Pessoa Física;13500
Arenápolis;2021;Secr Mun de Educacao Cultura Desporto e Lazer;Outros Serviços de Terceiros - Pessoa Jurídica;587994
Arenápolis;2021;Secr Mun de Educacao Cultura Desporto e Lazer;Contribuições;30000
Arenápolis;2021;Secr Mun de Educacao Cultura Desporto e Lazer;Obras e Instalações;135887
Arenápolis;2021;Secr Mun de Educacao Cultura Desporto e Lazer;Equipamentos e Material Permanente;389910
Arenápolis;2021;Secr Mun de Educacao Cultura Desporto e Lazer;Serviços de Tecnologia da Informação e Comunicação - Pessoa Jurídica;94135
Arenápolis;2021;Camara Municipal de Arenapolis;Vencimentos e Vantagens Fixas - Pessoal Civil;585185
Arenápolis;2021;Camara Municipal de Arenapolis;Obrigações Patronais;119822
Arenápolis;2021;Camara Municipal de Arenapolis;Diárias - Civil;25450
Arenápolis;2021;Camara Municipal de Arenapolis;Material de Consumo;85791
Arenápolis;2021;Camara Municipal de Arenapolis;Serviços de Consultoria;14400
Arenápolis;2021;Camara Municipal de Arenapolis;Outros Serviços de Terceiros - Pessoa Física;20096
Arenápolis;2021;Camara Municipal de Arenapolis;Outros Serviços de Terceiros - Pessoa Jurídica;84893
Arenápolis;2021;Camara Municipal de Arenapolis;Obras e Instalações;43345
Arenápolis;2021;Camara Municipal de Arenapolis;Equipamentos e Material Permanente;11920
Arenápolis;2021;Camara Municipal de Arenapolis;Indenizações e Restituições;83010
Arenápolis;2021;Camara Municipal de Arenapolis;Serviços de Tecnologia da Informação e Comunicação - Pessoa Jurídica;48089
Arenápolis;2021;Secretaria Municipal de Representacao Instituciona;Vencimentos e Vantagens Fixas - Pessoal Civil;44244
Arenápolis;2021;Secretaria Municipal de Representacao Instituciona;Obrigações Patronais;9734
Arenápolis;2021;Secretaria Municipal de Representacao Instituciona;Diárias - Civil;600
Arenápolis;2022;Secretaria Municipal de Administracao;Vencimentos e Vantagens Fixas - Pessoal Civil;1078510
Arenápolis;2022;Secretaria Municipal de Administracao;Obrigações Patronais;286152
Arenápolis;2022;Secretaria Municipal de Administracao;Diárias - Civil;18150
Arenápolis;2022;Secretaria Municipal de Administracao;Material de Consumo;147719
Arenápolis;2022;Secretaria Municipal de Administracao;Serviços de Consultoria;20600
Arenápolis;2022;Secretaria Municipal de Administracao;Outros Serviços de Terceiros - Pessoa Física;49000
Arenápolis;2022;Secretaria Municipal de Administracao;Outros Serviços de Terceiros - Pessoa Jurídica;412284
Arenápolis;2022;Secretaria Municipal de Administracao;Serviços de Tecnologia da Informação e Comunicação - Pessoa Jurídica;48180
Arenápolis;2022;Secretaria Municipal de Administracao;Equipamentos e Material Permanente;31180
Arenápolis;2022;Secretaria Municipal de Assistencia Social;Vencimentos e Vantagens Fixas - Pessoal Civil;644643
Arenápolis;2022;Secretaria Municipal de Assistencia Social;Obrigações Patronais;149241
Arenápolis;2022;Secretaria Municipal de Assistencia Social;Diárias - Civil;42712
Arenápolis;2022;Secretaria Municipal de Assistencia Social;Material de Consumo;280349
Arenápolis;2022;Secretaria Municipal de Assistencia Social;Outros Serviços de Terceiros - Pessoa Física;87509
Arenápolis;2022;Secretaria Municipal de Assistencia Social;Outros Serviços de Terceiros - Pessoa Jurídica;226337
Arenápolis;2022;Secretaria Municipal de Assistencia Social;Serviços de Tecnologia da Informação e Comunicação - Pessoa Jurídica;8939
Arenápolis;2022;Secretaria Municipal de Assistencia Social;Contribuições;58328
Arenápolis;2022;Secretaria Municipal de Assistencia Social;Equipamentos e Material Permanente;178002
Arenápolis;2022;Secretaria Municipal de Saude;Contratação por Tempo Determinado;594151
Arenápolis;2022;Secretaria Municipal de Saude;Vencimentos e Vantagens Fixas - Pessoal Civil;4659388
Arenápolis;2022;Secretaria Municipal de Saude;Obrigações Patronais;1177655
Arenápolis;2022;Secretaria Municipal de Saude;Diárias - Civil;167324
Arenápolis;2022;Secretaria Municipal de Saude;Material de Consumo;1689214
Arenápolis;2022;Secretaria Municipal de Saude;Material, Bem Ou Serviço para Distribuição Gratuita;268550
Arenápolis;2022;Secretaria Municipal de Saude;Outros Serviços de Terceiros - Pessoa Física;565082
Arenápolis;2022;Secretaria Municipal de Saude;Outros Serviços de Terceiros - Pessoa Jurídica;2975631
Arenápolis;2022;Secretaria Municipal de Saude;Serviços de Tecnologia da Informação e Comunicação - Pessoa Jurídica;28197
Arenápolis;2022;Secretaria Municipal de Saude;Contribuições;37515
Arenápolis;2022;Secretaria Municipal de Saude;Subvenções Sociais;8391719
Arenápolis;2022;Secretaria Municipal de Saude;Equipamentos e Material Permanente;1601539
Arenápolis;2022;Secretaria Municipal de Saude;Aquisição de Imóveis;2500000
Arenápolis;2022;Secretaria Municipal de Saude;Rateio Pela Participação em Consórcio Público;54204
Arenápolis;2022;Secretaria Municipal de Fazenda;Vencimentos e Vantagens Fixas - Pessoal Civil;786273
Arenápolis;2022;Secretaria Municipal de Fazenda;Obrigações Patronais;152513
Arenápolis;2022;Secretaria Municipal de Fazenda;Diárias - Civil;10449
Arenápolis;2022;Secretaria Municipal de Fazenda;Material de Consumo;11999
Arenápolis;2022;Secretaria Municipal de Fazenda;Outros Serviços de Terceiros - Pessoa Física;21708
Arenápolis;2022;Secretaria Municipal de Fazenda;Outros Serviços de Terceiros - Pessoa Jurídica;96930
Arenápolis;2022;Secretaria Municipal de Fazenda;Serviços de Tecnologia da Informação e Comunicação - Pessoa Jurídica;34191
Arenápolis;2022;Secretaria Municipal de Fazenda;Obrigações Tributárias e Contributivas;519556
Arenápolis;2022;Secretaria Municipal de Fazenda;Equipamentos e Material Permanente;7559
Arenápolis;2022;Secretaria Municipal de Fazenda;Principal da Dívida Contratual Resgatado;469789
Arenápolis;2022;Camara Municipal de Vereadores de Arenapolis;Vencimentos e Vantagens Fixas - Pessoal Civil;763586
Arenápolis;2022;Camara Municipal de Vereadores de Arenapolis;Obrigações Patronais;154958
Arenápolis;2022;Camara Municipal de Vereadores de Arenapolis;Diárias - Civil;86592
Arenápolis;2022;Camara Municipal de Vereadores de Arenapolis;Material de Consumo;64435
Arenápolis;2022;Camara Municipal de Vereadores de Arenapolis;Outros Serviços de Terceiros - Pessoa Jurídica;178877
Arenápolis;2022;Camara Municipal de Vereadores de Arenapolis;Equipamentos e Material Permanente;9599
Arenápolis;2022;Camara Municipal de Vereadores de Arenapolis;Sentenças Judiciais;6060
Arenápolis;2022;Camara Municipal de Arenapolis;Vencimentos e Vantagens Fixas - Pessoal Civil;770044
Arenápolis;2022;Camara Municipal de Arenapolis;Obrigações Patronais;148849
Arenápolis;2022;Camara Municipal de Arenapolis;Diárias - Civil;42800
Arenápolis;2022;Camara Municipal de Arenapolis;Material de Consumo;107305
Arenápolis;2022;Camara Municipal de Arenapolis;Serviços de Consultoria;4500
Arenápolis;2022;Camara Municipal de Arenapolis;Outros Serviços de Terceiros - Pessoa Física;13458
Arenápolis;2022;Camara Municipal de Arenapolis;Outros Serviços de Terceiros - Pessoa Jurídica;113207
Arenápolis;2022;Camara Municipal de Arenapolis;Serviços de Tecnologia da Informação e Comunicação - Pessoa Jurídica;40299
Arenápolis;2022;Camara Municipal de Arenapolis;Obras e Instalações;15509
Arenápolis;2022;Camara Municipal de Arenapolis;Equipamentos e Material Permanente;43516
Arenápolis;2022;Camara Municipal de Arenapolis;Indenizações e Restituições;154600
Arenápolis;2022;Secr Mun de Educacao e Cultura;Contratação por Tempo Determinado;856846
Arenápolis;2022;Secr Mun de Educacao e Cultura;Vencimentos e Vantagens Fixas - Pessoal Civil;5442243
Arenápolis;2022;Secr Mun de Educacao e Cultura;Obrigações Patronais;1283860
Arenápolis;2022;Secr Mun de Educacao e Cultura;Diárias - Civil;15167
Arenápolis;2022;Secr Mun de Educacao e Cultura;Material de Consumo;2320522
Arenápolis;2022;Secr Mun de Educacao e Cultura;Outros Serviços de Terceiros - Pessoa Física;14600
Arenápolis;2022;Secr Mun de Educacao e Cultura;Outros Serviços de Terceiros - Pessoa Jurídica;3322670
Arenápolis;2022;Secr Mun de Educacao e Cultura;Serviços de Tecnologia da Informação e Comunicação - Pessoa Jurídica;98668
Arenápolis;2022;Secr Mun de Educacao e Cultura;Contribuições;30000
Arenápolis;2022;Secr Mun de Educacao e Cultura;Obras e Instalações;502614
Arenápolis;2022;Secr Mun de Educacao e Cultura;Equipamentos e Material Permanente;535818
Arenápolis;2022;Secretaria Munic. Transporte Obras Serv. Publicos;Contratação por Tempo Determinado;468610
Arenápolis;2022;Secretaria Munic. Transporte Obras Serv. Publicos;Vencimentos e Vantagens Fixas - Pessoal Civil;1356066
Arenápolis;2022;Secretaria Munic. Transporte Obras Serv. Publicos;Obrigações Patronais;382270
Arenápolis;2022;Secretaria Munic. Transporte Obras Serv. Publicos;Diárias - Civil;13259
Arenápolis;2022;Secretaria Munic. Transporte Obras Serv. Publicos;Material de Consumo;2382126
Arenápolis;2022;Secretaria Munic. Transporte Obras Serv. Publicos;Outros Serviços de Terceiros - Pessoa Física;4570
Arenápolis;2022;Secretaria Munic. Transporte Obras Serv. Publicos;Outros Serviços de Terceiros - Pessoa Jurídica;1393544
Arenápolis;2022;Secretaria Munic. Transporte Obras Serv. Publicos;Obras e Instalações;2662436
Arenápolis;2022;Secretaria Munic. Transporte Obras Serv. Publicos;Equipamentos e Material Permanente;84779
Arenápolis;2022;Secretaria Munic. Agricultura e Meio Ambiente;Vencimentos e Vantagens Fixas - Pessoal Civil;177915
Arenápolis;2022;Secretaria Munic. Agricultura e Meio Ambiente;Obrigações Patronais;38521
Arenápolis;2022;Secretaria Munic. Agricultura e Meio Ambiente;Diárias - Civil;3928
Arenápolis;2022;Secretaria Munic. Agricultura e Meio Ambiente;Material de Consumo;189247
Arenápolis;2022;Secretaria Munic. Agricultura e Meio Ambiente;Outros Serviços de Terceiros - Pessoa Física;690
Arenápolis;2022;Secretaria Munic. Agricultura e Meio Ambiente;Outros Serviços de Terceiros - Pessoa Jurídica;90932
Arenápolis;2022;Secretaria Munic. Agricultura e Meio Ambiente;Equipamentos e Material Permanente;317776
Arenápolis;2022;Secretaria Munic. de Representacao Institucional;Vencimentos e Vantagens Fixas - Pessoal Civil;78101
Arenápolis;2022;Secretaria Munic. de Representacao Institucional;Obrigações Patronais;16110
Arenápolis;2022;Secretaria Munic. Desporto Lazer e Turismo;Vencimentos e Vantagens Fixas - Pessoal Civil;114107
Arenápolis;2022;Secretaria Munic. Desporto Lazer e Turismo;Obrigações Patronais;23718
Arenápolis;2022;Secretaria Munic. Desporto Lazer e Turismo;Diárias - Civil;14848
Arenápolis;2022;Secretaria Munic. Desporto Lazer e Turismo;Material de Consumo;22061
Arenápolis;2022;Secretaria Munic. Desporto Lazer e Turismo;Outros Serviços de Terceiros - Pessoa Jurídica;51859
Arenápolis;2023;Secretaria Municipal de Administracao;Contratação por Tempo Determinado;21963
Arenápolis;2023;Secretaria Municipal de Administracao;Vencimentos e Vantagens Fixas - Pessoal Civil;1184474
Arenápolis;2023;Secretaria Municipal de Administracao;Obrigações Patronais;458801
Arenápolis;2023;Secretaria Municipal de Administracao;Diárias - Civil;20468
Arenápolis;2023;Secretaria Municipal de Administracao;Material de Consumo;279371
Arenápolis;2023;Secretaria Municipal de Administracao;Outros Serviços de Terceiros - Pessoa Física;33580
Arenápolis;2023;Secretaria Municipal de Administracao;Outros Serviços de Terceiros - Pessoa Jurídica;819645
Arenápolis;2023;Secretaria Municipal de Administracao;Serviços de Tecnologia da Informação e Comunicação - Pessoa Jurídica;137547
Arenápolis;2023;Secretaria Municipal de Administracao;Equipamentos e Material Permanente;40908
Arenápolis;2023;Secretaria Municipal de Assistencia Social;Contratação por Tempo Determinado;16854
Arenápolis;2023;Secretaria Municipal de Assistencia Social;Vencimentos e Vantagens Fixas - Pessoal Civil;661413
Arenápolis;2023;Secretaria Municipal de Assistencia Social;Obrigações Patronais;158025
Arenápolis;2023;Secretaria Municipal de Assistencia Social;Diárias - Civil;74375
Arenápolis;2023;Secretaria Municipal de Assistencia Social;Material de Consumo;291011
Arenápolis;2023;Secretaria Municipal de Assistencia Social;Outros Serviços de Terceiros - Pessoa Física;121737
Arenápolis;2023;Secretaria Municipal de Assistencia Social;Outros Serviços de Terceiros - Pessoa Jurídica;256490
Arenápolis;2023;Secretaria Municipal de Assistencia Social;Serviços de Tecnologia da Informação e Comunicação - Pessoa Jurídica;1549
Arenápolis;2023;Secretaria Municipal de Assistencia Social;Contribuições;80539
Arenápolis;2023;Secretaria Municipal de Assistencia Social;Equipamentos e Material Permanente;115525
Arenápolis;2023;Secretaria Municipal de Saude;Contratação por Tempo Determinado;627142
Arenápolis;2023;Secretaria Municipal de Saude;Vencimentos e Vantagens Fixas - Pessoal Civil;5629708
Arenápolis;2023;Secretaria Municipal de Saude;Obrigações Patronais;1379218
Arenápolis;2023;Secretaria Municipal de Saude;Diárias - Civil;174005
Arenápolis;2023;Secretaria Municipal de Saude;Material de Consumo;1589405
Arenápolis;2023;Secretaria Municipal de Saude;Material, Bem Ou Serviço para Distribuição Gratuita;570095
Arenápolis;2023;Secretaria Municipal de Saude;Serviços de Consultoria;55570
Arenápolis;2023;Secretaria Municipal de Saude;Outros Serviços de Terceiros - Pessoa Física;217625
Arenápolis;2023;Secretaria Municipal de Saude;Outros Serviços de Terceiros - Pessoa Jurídica;3116604
Arenápolis;2023;Secretaria Municipal de Saude;Serviços de Tecnologia da Informação e Comunicação - Pessoa Jurídica;21837
Arenápolis;2023;Secretaria Municipal de Saude;Contribuições;30114
Arenápolis;2023;Secretaria Municipal de Saude;Outros Auxílios Financeiros a Pessoas Físicas;18900
Arenápolis;2023;Secretaria Municipal de Saude;Equipamentos e Material Permanente;340496
Arenápolis;2023;Secretaria Municipal de Saude;Rateio Pela Participação em Consórcio Público;72272
Arenápolis;2023;Secretaria Municipal de Saude;Contrato de Gestão;7338001
Arenápolis;2023;Secretaria Municipal de Fazenda;Vencimentos e Vantagens Fixas - Pessoal Civil;792587
Arenápolis;2023;Secretaria Municipal de Fazenda;Obrigações Patronais;149483
Arenápolis;2023;Secretaria Municipal de Fazenda;Diárias - Civil;10305
Arenápolis;2023;Secretaria Municipal de Fazenda;Material de Consumo;12836
Arenápolis;2023;Secretaria Municipal de Fazenda;Outros Serviços de Terceiros - Pessoa Física;15789
Arenápolis;2023;Secretaria Municipal de Fazenda;Outros Serviços de Terceiros - Pessoa Jurídica;166104
Arenápolis;2023;Secretaria Municipal de Fazenda;Serviços de Tecnologia da Informação e Comunicação - Pessoa Jurídica;16031
Arenápolis;2023;Secretaria Municipal de Fazenda;Obrigações Tributárias e Contributivas;558956
Arenápolis;2023;Secretaria Municipal de Fazenda;Equipamentos e Material Permanente;13335
Arenápolis;2023;Secretaria Municipal de Fazenda;Principal da Dívida Contratual Resgatado;350815
Arenápolis;2023;Camara Municipal de Vereadores de Arenapolis;Vencimentos e Vantagens Fixas - Pessoal Civil;845173
Arenápolis;2023;Camara Municipal de Vereadores de Arenapolis;Obrigações Patronais;176263
Arenápolis;2023;Camara Municipal de Vereadores de Arenapolis;Diárias - Civil;112803
Arenápolis;2023;Camara Municipal de Vereadores de Arenapolis;Material de Consumo;93537
Arenápolis;2023;Camara Municipal de Vereadores de Arenapolis;Outros Serviços de Terceiros - Pessoa Jurídica;175602
Arenápolis;2023;Camara Municipal de Vereadores de Arenapolis;Equipamentos e Material Permanente;15499
Arenápolis;2023;Camara Municipal de Vereadores de Arenapolis;Sentenças Judiciais;216150
Arenápolis;2023;Camara Municipal de Arenapolis;Vencimentos e Vantagens Fixas - Pessoal Civil;897975
Arenápolis;2023;Camara Municipal de Arenapolis;Obrigações Patronais;190737
Arenápolis;2023;Camara Municipal de Arenapolis;Diárias - Civil;32700
Arenápolis;2023;Camara Municipal de Arenapolis;Material de Consumo;125234
Arenápolis;2023;Camara Municipal de Arenapolis;Serviços de Consultoria;24000
Arenápolis;2023;Camara Municipal de Arenapolis;Outros Serviços de Terceiros - Pessoa Física;24422
Arenápolis;2023;Camara Municipal de Arenapolis;Outros Serviços de Terceiros - Pessoa Jurídica;183134
Arenápolis;2023;Camara Municipal de Arenapolis;Serviços de Tecnologia da Informação e Comunicação - Pessoa Jurídica;19666
Arenápolis;2023;Camara Municipal de Arenapolis;Contribuições;3000
Arenápolis;2023;Camara Municipal de Arenapolis;Obrigações Tributárias e Contributivas;280
Arenápolis;2023;Camara Municipal de Arenapolis;Equipamentos e Material Permanente;10737
Arenápolis;2023;Camara Municipal de Arenapolis;Indenizações e Restituições;217270
Arenápolis;2023;Secr Mun de Educacao e Cultura;Contratação por Tempo Determinado;1376305
Arenápolis;2023;Secr Mun de Educacao e Cultura;Vencimentos e Vantagens Fixas - Pessoal Civil;6803479
Arenápolis;2023;Secr Mun de Educacao e Cultura;Obrigações Patronais;1566652
Arenápolis;2023;Secr Mun de Educacao e Cultura;Diárias - Civil;22626
Arenápolis;2023;Secr Mun de Educacao e Cultura;Material de Consumo;2417754
Arenápolis;2023;Secr Mun de Educacao e Cultura;Outros Serviços de Terceiros - Pessoa Física;23059
Arenápolis;2023;Secr Mun de Educacao e Cultura;Outros Serviços de Terceiros - Pessoa Jurídica;2532393
Arenápolis;2023;Secr Mun de Educacao e Cultura;Serviços de Tecnologia da Informação e Comunicação - Pessoa Jurídica;119861
Arenápolis;2023;Secr Mun de Educacao e Cultura;Contribuições;42500
Arenápolis;2023;Secr Mun de Educacao e Cultura;Obras e Instalações;250307
Arenápolis;2023;Secr Mun de Educacao e Cultura;Equipamentos e Material Permanente;174611
Arenápolis;2023;Secretaria Munic. Transporte Obras Serv. Publicos;Contratação por Tempo Determinado;442308
Arenápolis;2023;Secretaria Munic. Transporte Obras Serv. Publicos;Vencimentos e Vantagens Fixas - Pessoal Civil;1298657
Arenápolis;2023;Secretaria Munic. Transporte Obras Serv. Publicos;Obrigações Patronais;396190
Arenápolis;2023;Secretaria Munic. Transporte Obras Serv. Publicos;Diárias - Civil;13082
Arenápolis;2023;Secretaria Munic. Transporte Obras Serv. Publicos;Material de Consumo;2126726
Arenápolis;2023;Secretaria Munic. Transporte Obras Serv. Publicos;Outros Serviços de Terceiros - Pessoa Física;23814
Arenápolis;2023;Secretaria Munic. Transporte Obras Serv. Publicos;Outros Serviços de Terceiros - Pessoa Jurídica;1955185
Arenápolis;2023;Secretaria Munic. Transporte Obras Serv. Publicos;Obras e Instalações;1570524
Arenápolis;2023;Secretaria Munic. Transporte Obras Serv. Publicos;Equipamentos e Material Permanente;86477
Arenápolis;2023;Secretaria Munic. Agricultura e Meio Ambiente;Vencimentos e Vantagens Fixas - Pessoal Civil;201232
Arenápolis;2023;Secretaria Munic. Agricultura e Meio Ambiente;Obrigações Patronais;41802
Arenápolis;2023;Secretaria Munic. Agricultura e Meio Ambiente;Diárias - Civil;8670
Arenápolis;2023;Secretaria Munic. Agricultura e Meio Ambiente;Material de Consumo;187479
Arenápolis;2023;Secretaria Munic. Agricultura e Meio Ambiente;Outros Serviços de Terceiros - Pessoa Jurídica;228253
Arenápolis;2023;Secretaria Munic. Agricultura e Meio Ambiente;Serviços de Tecnologia da Informação e Comunicação - Pessoa Jurídica;700
Arenápolis;2023;Secretaria Munic. Agricultura e Meio Ambiente;Equipamentos e Material Permanente;80989
Arenápolis;2023;Secretaria Munic. de Representacao Institucional;Vencimentos e Vantagens Fixas - Pessoal Civil;42375
Arenápolis;2023;Secretaria Munic. de Representacao Institucional;Obrigações Patronais;8899
Arenápolis;2023;Secretaria Munic. de Representacao Institucional;Diárias - Civil;2430
Arenápolis;2023;Secretaria Municipal de Desporto, Lazer e Turismo;Vencimentos e Vantagens Fixas - Pessoal Civil;116837
Arenápolis;2023;Secretaria Municipal de Desporto, Lazer e Turismo;Obrigações Patronais;24339
Arenápolis;2023;Secretaria Municipal de Desporto, Lazer e Turismo;Diárias - Civil;15159
Arenápolis;2023;Secretaria Municipal de Desporto, Lazer e Turismo;Material de Consumo;61234
Arenápolis;2023;Secretaria Municipal de Desporto, Lazer e Turismo;Outros Serviços de Terceiros - Pessoa Jurídica;307814
Arenápolis;2023;Secretaria Municipal de Desporto, Lazer e Turismo;Obras e Instalações;342149
Arenápolis;2023;Secretaria Municipal de Desporto, Lazer e Turismo;Equipamentos e Material Permanente;3799
Arenápolis;2024;Gabinete do Prefeito;Vencimentos e Vantagens Fixas - Pessoal Civil;1098058
Arenápolis;2024;Gabinete do Prefeito;Obrigações Patronais;91451
Arenápolis;2024;Gabinete do Prefeito;Diárias - Civil;107475
Arenápolis;2024;Gabinete do Prefeito;Material de Consumo;73662
Arenápolis;2024;Gabinete do Prefeito;Outros Serviços de Terceiros - Pessoa Jurídica;240350
Arenápolis;2024;Gabinete do Prefeito;Equipamentos e Material Permanente;13490
Arenápolis;2024;Gabinete do Prefeito;Sentenças Judiciais;177902
Arenápolis;2024;Secretaria Municipal de Administracao;Contratação por Tempo Determinado;27822
Arenápolis;2024;Secretaria Municipal de Administracao;Vencimentos e Vantagens Fixas - Pessoal Civil;1223260
Arenápolis;2024;Secretaria Municipal de Administracao;Obrigações Patronais;283103
Arenápolis;2024;Secretaria Municipal de Administracao;Diárias - Civil;12832
Arenápolis;2024;Secretaria Municipal de Administracao;Material de Consumo;270518
Arenápolis;2024;Secretaria Municipal de Administracao;Outros Serviços de Terceiros - Pessoa Física;48000
Arenápolis;2024;Secretaria Municipal de Administracao;Outros Serviços de Terceiros - Pessoa Jurídica;758198
Arenápolis;2024;Secretaria Municipal de Administracao;Serviços de Tecnologia da Informação e Comunicação - Pessoa Jurídica;153499
Arenápolis;2024;Secretaria Municipal de Administracao;Contribuições;153577
Arenápolis;2024;Secretaria Municipal de Administracao;Equipamentos e Material Permanente;21778
Arenápolis;2024;Secretaria Municipal de Assistencia Social;Contratação por Tempo Determinado;21021
Arenápolis;2024;Secretaria Municipal de Assistencia Social;Vencimentos e Vantagens Fixas - Pessoal Civil;930633
Arenápolis;2024;Secretaria Municipal de Assistencia Social;Obrigações Patronais;110025
Arenápolis;2024;Secretaria Municipal de Assistencia Social;Diárias - Civil;73527
Arenápolis;2024;Secretaria Municipal de Assistencia Social;Material de Consumo;277443
Arenápolis;2024;Secretaria Municipal de Assistencia Social;Outros Serviços de Terceiros - Pessoa Física;77828
Arenápolis;2024;Secretaria Municipal de Assistencia Social;Outros Serviços de Terceiros - Pessoa Jurídica;304214
Arenápolis;2024;Secretaria Municipal de Assistencia Social;Serviços de Tecnologia da Informação e Comunicação - Pessoa Jurídica;23600
Arenápolis;2024;Secretaria Municipal de Assistencia Social;Contribuições;79638
Arenápolis;2024;Secretaria Municipal de Assistencia Social;Obras e Instalações;1423551
Arenápolis;2024;Secretaria Municipal de Assistencia Social;Equipamentos e Material Permanente;34217
Arenápolis;2024;Secretaria Municipal de Saude;Contratação por Tempo Determinado;1059769
Arenápolis;2024;Secretaria Municipal de Saude;Vencimentos e Vantagens Fixas - Pessoal Civil;6403442
Arenápolis;2024;Secretaria Municipal de Saude;Obrigações Patronais;891826
Arenápolis;2024;Secretaria Municipal de Saude;Diárias - Civil;176190
Arenápolis;2024;Secretaria Municipal de Saude;Material de Consumo;1814376
Arenápolis;2024;Secretaria Municipal de Saude;Material, Bem Ou Serviço para Distribuição Gratuita;635586
Arenápolis;2024;Secretaria Municipal de Saude;Serviços de Consultoria;74100
Arenápolis;2024;Secretaria Municipal de Saude;Outros Serviços de Terceiros - Pessoa Física;208057
Arenápolis;2024;Secretaria Municipal de Saude;Outros Serviços de Terceiros - Pessoa Jurídica;4800037
Arenápolis;2024;Secretaria Municipal de Saude;Serviços de Tecnologia da Informação e Comunicação - Pessoa Jurídica;22548
Arenápolis;2024;Secretaria Municipal de Saude;Contribuições;33125
Arenápolis;2024;Secretaria Municipal de Saude;Outros Auxílios Financeiros a Pessoas Físicas;26400
Arenápolis;2024;Secretaria Municipal de Saude;Equipamentos e Material Permanente;147544
Arenápolis;2024;Secretaria Municipal de Saude;Rateio Pela Participação em Consórcio Público;72272
Arenápolis;2024;Secretaria Municipal de Saude;Contrato de Gestão;7156304
Arenápolis;2024;Secretaria Municipal de Fazenda;Vencimentos e Vantagens Fixas - Pessoal Civil;1022906
Arenápolis;2024;Secretaria Municipal de Fazenda;Obrigações Patronais;79478
Arenápolis;2024;Secretaria Municipal de Fazenda;Diárias - Civil;32660
Arenápolis;2024;Secretaria Municipal de Fazenda;Material de Consumo;23844
Arenápolis;2024;Secretaria Municipal de Fazenda;Outros Serviços de Terceiros - Pessoa Física;26980
Arenápolis;2024;Secretaria Municipal de Fazenda;Outros Serviços de Terceiros - Pessoa Jurídica;236800
Arenápolis;2024;Secretaria Municipal de Fazenda;Serviços de Tecnologia da Informação e Comunicação - Pessoa Jurídica;18363
Arenápolis;2024;Secretaria Municipal de Fazenda;Obrigações Tributárias e Contributivas;680419
Arenápolis;2024;Secretaria Municipal de Fazenda;Principal da Dívida Contratual Resgatado;388394
Arenápolis;2024;Camara Municipal de Arenapolis;Contratação por Tempo Determinado;14279
Arenápolis;2024;Camara Municipal de Arenapolis;Vencimentos e Vantagens Fixas - Pessoal Civil;1022755
Arenápolis;2024;Camara Municipal de Arenapolis;Obrigações Patronais;91083
Arenápolis;2024;Camara Municipal de Arenapolis;Diárias - Civil;67425
Arenápolis;2024;Camara Municipal de Arenapolis;Material de Consumo;138506
Arenápolis;2024;Camara Municipal de Arenapolis;Serviços de Consultoria;28820
Arenápolis;2024;Camara Municipal de Arenapolis;Outros Serviços de Terceiros - Pessoa Física;8950
Arenápolis;2024;Camara Municipal de Arenapolis;Outros Serviços de Terceiros - Pessoa Jurídica;208210
Arenápolis;2024;Camara Municipal de Arenapolis;Serviços de Tecnologia da Informação e Comunicação - Pessoa Jurídica;18294
Arenápolis;2024;Camara Municipal de Arenapolis;Contribuições;5004
Arenápolis;2024;Camara Municipal de Arenapolis;Obrigações Tributárias e Contributivas;280
Arenápolis;2024;Camara Municipal de Arenapolis;Equipamentos e Material Permanente;29353
Arenápolis;2024;Camara Municipal de Arenapolis;Indenizações e Restituições;222840
Arenápolis;2024;Camara Municipal de Arenapolis;Indenizações e Restituições Trabalhistas;118178
Arenápolis;2024;Secr Mun de Educacao e Cultura;Contratação por Tempo Determinado;2757684
Arenápolis;2024;Secr Mun de Educacao e Cultura;Vencimentos e Vantagens Fixas - Pessoal Civil;6305625
Arenápolis;2024;Secr Mun de Educacao e Cultura;Obrigações Patronais;851693
Arenápolis;2024;Secr Mun de Educacao e Cultura;Diárias - Civil;22266
Arenápolis;2024;Secr Mun de Educacao e Cultura;Material de Consumo;2774474
Arenápolis;2024;Secr Mun de Educacao e Cultura;Outros Serviços de Terceiros - Pessoa Jurídica;6136585
Arenápolis;2024;Secr Mun de Educacao e Cultura;Serviços de Tecnologia da Informação e Comunicação - Pessoa Jurídica;162780
Arenápolis;2024;Secr Mun de Educacao e Cultura;Contribuições;38500
Arenápolis;2024;Secr Mun de Educacao e Cultura;Obras e Instalações;47142
Arenápolis;2024;Secr Mun de Educacao e Cultura;Equipamentos e Material Permanente;395095
Arenápolis;2024;Secretaria Munic. Agricultura e Meio Ambiente;Vencimentos e Vantagens Fixas - Pessoal Civil;270813
Arenápolis;2024;Secretaria Munic. Agricultura e Meio Ambiente;Obrigações Patronais;22033
Arenápolis;2024;Secretaria Munic. Agricultura e Meio Ambiente;Diárias - Civil;12680
Arenápolis;2024;Secretaria Munic. Agricultura e Meio Ambiente;Material de Consumo;243068
Arenápolis;2024;Secretaria Munic. Agricultura e Meio Ambiente;Outros Serviços de Terceiros - Pessoa Jurídica;202890
Arenápolis;2024;Secretaria Municipal de Convenios, Licitacoes e Contratos;Vencimentos e Vantagens Fixas - Pessoal Civil;52003
Arenápolis;2024;Secretaria Municipal de Convenios, Licitacoes e Contratos;Obrigações Patronais;4448
Arenápolis;2024;Secretaria Munic. Transporte, Obras Serv. Publicos;Contratação por Tempo Determinado;582574
Arenápolis;2024;Secretaria Munic. Transporte, Obras Serv. Publicos;Vencimentos e Vantagens Fixas - Pessoal Civil;1531134
Arenápolis;2024;Secretaria Munic. Transporte, Obras Serv. Publicos;Obrigações Patronais;286280
Arenápolis;2024;Secretaria Munic. Transporte, Obras Serv. Publicos;Diárias - Civil;18005
Arenápolis;2024;Secretaria Munic. Transporte, Obras Serv. Publicos;Material de Consumo;1947917
Arenápolis;2024;Secretaria Munic. Transporte, Obras Serv. Publicos;Outros Serviços de Terceiros - Pessoa Física;139104
Arenápolis;2024;Secretaria Munic. Transporte, Obras Serv. Publicos;Outros Serviços de Terceiros - Pessoa Jurídica;2968294
Arenápolis;2024;Secretaria Munic. Transporte, Obras Serv. Publicos;Obras e Instalações;724762
Arenápolis;2024;Secretaria Munic. Desporto, Lazer e Turismo;Vencimentos e Vantagens Fixas - Pessoal Civil;167444
Arenápolis;2024;Secretaria Munic. Desporto, Lazer e Turismo;Obrigações Patronais;15194
Arenápolis;2024;Secretaria Munic. Desporto, Lazer e Turismo;Diárias - Civil;18687
Arenápolis;2024;Secretaria Munic. Desporto, Lazer e Turismo;Material de Consumo;71684
Arenápolis;2024;Secretaria Munic. Desporto, Lazer e Turismo;Outros Serviços de Terceiros - Pessoa Jurídica;350333
Arenápolis;2025;Gabinete do Prefeito;Vencimentos e Vantagens Fixas - Pessoal Civil;1201449
Arenápolis;2025;Gabinete do Prefeito;Obrigações Patronais;141702
Arenápolis;2025;Gabinete do Prefeito;Diárias - Civil;133860
Arenápolis;2025;Gabinete do Prefeito;Outras Despesas Variáveis - Pessoal Civil;81518
Arenápolis;2025;Gabinete do Prefeito;Material de Consumo;58535
Arenápolis;2025;Gabinete do Prefeito;Outros Serviços de Terceiros - Pessoa Jurídica;276097
Arenápolis;2025;Gabinete do Prefeito;Equipamentos e Material Permanente;2890
Arenápolis;2025;Gabinete do Prefeito;Sentenças Judiciais;834212
Arenápolis;2025;Secretaria Municipal de Administracao;Contratação por Tempo Determinado;33511
Arenápolis;2025;Secretaria Municipal de Administracao;Vencimentos e Vantagens Fixas - Pessoal Civil;1407338
Arenápolis;2025;Secretaria Municipal de Administracao;Obrigações Patronais;167364
Arenápolis;2025;Secretaria Municipal de Administracao;Diárias - Civil;16632
Arenápolis;2025;Secretaria Municipal de Administracao;Material de Consumo;381906
Arenápolis;2025;Secretaria Municipal de Administracao;Outros Serviços de Terceiros - Pessoa Física;11500
Arenápolis;2025;Secretaria Municipal de Administracao;Outros Serviços de Terceiros - Pessoa Jurídica;1784197
Arenápolis;2025;Secretaria Municipal de Administracao;Serviços de Tecnologia da Informação e Comunicação - Pessoa Jurídica;153927
Arenápolis;2025;Secretaria Municipal de Administracao;Contribuições;159520
Arenápolis;2025;Secretaria Municipal de Administracao;Equipamentos e Material Permanente;79085
Arenápolis;2025;Secretaria Municipal de Administracao;Indenizações e Restituições;21601
Arenápolis;2025;Secretaria Municipal de Assistencia Social;Contratação por Tempo Determinado;22773
Arenápolis;2025;Secretaria Municipal de Assistencia Social;Vencimentos e Vantagens Fixas - Pessoal Civil;1028336
Arenápolis;2025;Secretaria Municipal de Assistencia Social;Obrigações Patronais;146315
Arenápolis;2025;Secretaria Municipal de Assistencia Social;Diárias - Civil;66970
Arenápolis;2025;Secretaria Municipal de Assistencia Social;Material de Consumo;261090
Arenápolis;2025;Secretaria Municipal de Assistencia Social;Outros Serviços de Terceiros - Pessoa Física;68739
Arenápolis;2025;Secretaria Municipal de Assistencia Social;Outros Serviços de Terceiros - Pessoa Jurídica;490351
Arenápolis;2025;Secretaria Municipal de Assistencia Social;Serviços de Tecnologia da Informação e Comunicação - Pessoa Jurídica;35400
Arenápolis;2025;Secretaria Municipal de Assistencia Social;Contribuições;183042
Arenápolis;2025;Secretaria Municipal de Assistencia Social;Obras e Instalações;27131
Arenápolis;2025;Secretaria Municipal de Assistencia Social;Equipamentos e Material Permanente;33302
Arenápolis;2025;Secretaria Municipal de Saude;Contratação por Tempo Determinado;720247
Arenápolis;2025;Secretaria Municipal de Saude;Vencimentos e Vantagens Fixas - Pessoal Civil;6814296
Arenápolis;2025;Secretaria Municipal de Saude;Obrigações Patronais;1347434
Arenápolis;2025;Secretaria Municipal de Saude;Diárias - Civil;224654
Arenápolis;2025;Secretaria Municipal de Saude;Material de Consumo;3073511
Arenápolis;2025;Secretaria Municipal de Saude;Serviços de Consultoria;74100
Arenápolis;2025;Secretaria Municipal de Saude;Outros Serviços de Terceiros - Pessoa Física;351917
Arenápolis;2025;Secretaria Municipal de Saude;Outros Serviços de Terceiros - Pessoa Jurídica;7275114
Arenápolis;2025;Secretaria Municipal de Saude;Serviços de Tecnologia da Informação e Comunicação - Pessoa Jurídica;22548
Arenápolis;2025;Secretaria Municipal de Saude;Outros Auxílios Financeiros a Pessoas Físicas;27758
Arenápolis;2025;Secretaria Municipal de Saude;Equipamentos e Material Permanente;794162
Arenápolis;2025;Secretaria Municipal de Saude;Rateio Pela Participação em Consórcio Público;287409
Arenápolis;2025;Secretaria Municipal de Saude;Contrato de Gestão;8515993
Arenápolis;2025;Secretaria Municipal de Educacao;Contratação por Tempo Determinado;2941380
Arenápolis;2025;Secretaria Municipal de Educacao;Vencimentos e Vantagens Fixas - Pessoal Civil;7336358
Arenápolis;2025;Secretaria Municipal de Educacao;Obrigações Patronais;1206056
Arenápolis;2025;Secretaria Municipal de Educacao;Diárias - Civil;25026
Arenápolis;2025;Secretaria Municipal de Educacao;Material de Consumo;2711415
Arenápolis;2025;Secretaria Municipal de Educacao;Outros Serviços de Terceiros - Pessoa Física;2997
Arenápolis;2025;Secretaria Municipal de Educacao;Outros Serviços de Terceiros - Pessoa Jurídica;3034891
Arenápolis;2025;Secretaria Municipal de Educacao;Serviços de Tecnologia da Informação e Comunicação - Pessoa Jurídica;176780
Arenápolis;2025;Secretaria Municipal de Educacao;Contribuições;42000
Arenápolis;2025;Secretaria Municipal de Educacao;Obras e Instalações;884282
Arenápolis;2025;Secretaria Municipal de Educacao;Equipamentos e Material Permanente;974386
Arenápolis;2025;Secretaria Municipal de Fazenda;Vencimentos e Vantagens Fixas - Pessoal Civil;1016914
Arenápolis;2025;Secretaria Municipal de Fazenda;Obrigações Patronais;115148
Arenápolis;2025;Secretaria Municipal de Fazenda;Diárias - Civil;37181
Arenápolis;2025;Secretaria Municipal de Fazenda;Material de Consumo;37923
Arenápolis;2025;Secretaria Municipal de Fazenda;Outros Serviços de Terceiros - Pessoa Jurídica;258421
Arenápolis;2025;Secretaria Municipal de Fazenda;Serviços de Tecnologia da Informação e Comunicação - Pessoa Jurídica;18369
Arenápolis;2025;Secretaria Municipal de Fazenda;Obrigações Tributárias e Contributivas;830168
Arenápolis;2025;Secretaria Municipal de Fazenda;Equipamentos e Material Permanente;8170
Arenápolis;2025;Secretaria Municipal de Fazenda;Principal da Dívida Contratual Resgatado;43196
Arenápolis;2025;Camara Municipal de Arenapolis;Contratação por Tempo Determinado;25569
Arenápolis;2025;Camara Municipal de Arenapolis;Vencimentos e Vantagens Fixas - Pessoal Civil;1352023
Arenápolis;2025;Camara Municipal de Arenapolis;Obrigações Patronais;178967
Arenápolis;2025;Camara Municipal de Arenapolis;Diárias - Civil;141850
Arenápolis;2025;Camara Municipal de Arenapolis;Material de Consumo;89838
Arenápolis;2025;Camara Municipal de Arenapolis;Outros Serviços de Terceiros - Pessoa Física;12300
Arenápolis;2025;Camara Municipal de Arenapolis;Outros Serviços de Terceiros - Pessoa Jurídica;227074
Arenápolis;2025;Camara Municipal de Arenapolis;Serviços de Tecnologia da Informação e Comunicação - Pessoa Jurídica;15159
Arenápolis;2025;Camara Municipal de Arenapolis;Auxílio-Alimentação;75600
Arenápolis;2025;Camara Municipal de Arenapolis;Obrigações Tributárias e Contributivas;280
Arenápolis;2025;Camara Municipal de Arenapolis;Equipamentos e Material Permanente;72703
Arenápolis;2025;Camara Municipal de Arenapolis;Indenizações e Restituições;399000
Arenápolis;2025;Secretaria Munic. Agricultura e Meio Ambiente;Vencimentos e Vantagens Fixas - Pessoal Civil;340952
Arenápolis;2025;Secretaria Munic. Agricultura e Meio Ambiente;Obrigações Patronais;46251
Arenápolis;2025;Secretaria Munic. Agricultura e Meio Ambiente;Diárias - Civil;13005
Arenápolis;2025;Secretaria Munic. Agricultura e Meio Ambiente;Material de Consumo;280840
Arenápolis;2025;Secretaria Munic. Agricultura e Meio Ambiente;Outros Serviços de Terceiros - Pessoa Jurídica;440928
Arenápolis;2025;Secretaria Munic. Agricultura e Meio Ambiente;Equipamentos e Material Permanente;33000
Arenápolis;2025;Secretaria Munic. Agricultura e Meio Ambiente;Rateio Pela Participação em Consórcio Público;31424
Arenápolis;2025;Secretaria Municipal de Esporte, Cultura, Lazer e Turismo;Vencimentos e Vantagens Fixas - Pessoal Civil;239399
Arenápolis;2025;Secretaria Municipal de Esporte, Cultura, Lazer e Turismo;Obrigações Patronais;30858
Arenápolis;2025;Secretaria Municipal de Esporte, Cultura, Lazer e Turismo;Diárias - Civil;26877
Arenápolis;2025;Secretaria Municipal de Esporte, Cultura, Lazer e Turismo;Material de Consumo;92158
Arenápolis;2025;Secretaria Municipal de Esporte, Cultura, Lazer e Turismo;Outros Serviços de Terceiros - Pessoa Jurídica;4290784
Arenápolis;2025;Secretaria Municipal de Convenios, Licitacoes e Contratos;Vencimentos e Vantagens Fixas - Pessoal Civil;216932
Arenápolis;2025;Secretaria Municipal de Convenios, Licitacoes e Contratos;Obrigações Patronais;21761
Arenápolis;2025;Secretaria Municipal de Convenios, Licitacoes e Contratos;Diárias - Civil;569
Arenápolis;2025;Secretaria Munic. Transporte, Obras Serv. Publicos;Contratação por Tempo Determinado;624488
Arenápolis;2025;Secretaria Munic. Transporte, Obras Serv. Publicos;Vencimentos e Vantagens Fixas - Pessoal Civil;1691728
Arenápolis;2025;Secretaria Munic. Transporte, Obras Serv. Publicos;Obrigações Patronais;351827
Arenápolis;2025;Secretaria Munic. Transporte, Obras Serv. Publicos;Diárias - Civil;25550
Arenápolis;2025;Secretaria Munic. Transporte, Obras Serv. Publicos;Material de Consumo;1431071
Arenápolis;2025;Secretaria Munic. Transporte, Obras Serv. Publicos;Outros Serviços de Terceiros - Pessoa Física;89899
Arenápolis;2025;Secretaria Munic. Transporte, Obras Serv. Publicos;Outros Serviços de Terceiros - Pessoa Jurídica;3986977
Arenápolis;2025;Secretaria Munic. Transporte, Obras Serv. Publicos;Obras e Instalações;3477847
Arenápolis;2025;Secretaria Munic. Transporte, Obras Serv. Publicos;Equipamentos e Material Permanente;5040
Arenápolis;2026;Gabinete do Prefeito;Vencimentos e Vantagens Fixas - Pessoal Civil;676312
Arenápolis;2026;Gabinete do Prefeito;Obrigações Patronais;114389
Arenápolis;2026;Gabinete do Prefeito;Diárias - Civil;91212
Arenápolis;2026;Gabinete do Prefeito;Material de Consumo;69597
Arenápolis;2026;Gabinete do Prefeito;Outros Serviços de Terceiros - Pessoa Jurídica;139823
Arenápolis;2026;Gabinete do Prefeito;Sentenças Judiciais;157738
Arenápolis;2026;Secretaria Municipal de Administracao;Contratação por Tempo Determinado;34043
Arenápolis;2026;Secretaria Municipal de Administracao;Vencimentos e Vantagens Fixas - Pessoal Civil;782714
Arenápolis;2026;Secretaria Municipal de Administracao;Obrigações Patronais;141710
Arenápolis;2026;Secretaria Municipal de Administracao;Diárias - Civil;8953
Arenápolis;2026;Secretaria Municipal de Administracao;Material de Consumo;288155
Arenápolis;2026;Secretaria Municipal de Administracao;Outros Serviços de Terceiros - Pessoa Física;9500
Arenápolis;2026;Secretaria Municipal de Administracao;Outros Serviços de Terceiros - Pessoa Jurídica;434886
Arenápolis;2026;Secretaria Municipal de Administracao;Serviços de Tecnologia da Informação e Comunicação - Pessoa Jurídica;89318
Arenápolis;2026;Secretaria Municipal de Administracao;Contribuições;88760
Arenápolis;2026;Secretaria Municipal de Administracao;Equipamentos e Material Permanente;21686
Arenápolis;2026;Secretaria Municipal de Administracao;Despesas de Exercícios Anteriores;187560
Arenápolis;2026;Secretaria Municipal de Administracao;Indenizações e Restituições;73350
Arenápolis;2026;Secretaria Municipal de Assistencia Social;Contratação por Tempo Determinado;36964
Arenápolis;2026;Secretaria Municipal de Assistencia Social;Vencimentos e Vantagens Fixas - Pessoal Civil;611258
Arenápolis;2026;Secretaria Municipal de Assistencia Social;Obrigações Patronais;117300
Arenápolis;2026;Secretaria Municipal de Assistencia Social;Diárias - Civil;68703
Arenápolis;2026;Secretaria Municipal de Assistencia Social;Material de Consumo;232204
Arenápolis;2026;Secretaria Municipal de Assistencia Social;Outros Serviços de Terceiros - Pessoa Física;37555
Arenápolis;2026;Secretaria Municipal de Assistencia Social;Outros Serviços de Terceiros - Pessoa Jurídica;182432
Arenápolis;2026;Secretaria Municipal de Assistencia Social;Serviços de Tecnologia da Informação e Comunicação - Pessoa Jurídica;20994
Arenápolis;2026;Secretaria Municipal de Assistencia Social;Contribuições;112987
Arenápolis;2026;Secretaria Municipal de Saude;Contratação por Tempo Determinado;583429
Arenápolis;2026;Secretaria Municipal de Saude;Vencimentos e Vantagens Fixas - Pessoal Civil;4494282
Arenápolis;2026;Secretaria Municipal de Saude;Obrigações Patronais;1060670
Arenápolis;2026;Secretaria Municipal de Saude;Diárias - Civil;168419
Arenápolis;2026;Secretaria Municipal de Saude;Material de Consumo;1540600
Arenápolis;2026;Secretaria Municipal de Saude;Material, Bem Ou Serviço para Distribuição Gratuita;476299
Arenápolis;2026;Secretaria Municipal de Saude;Serviços de Consultoria;43225
Arenápolis;2026;Secretaria Municipal de Saude;Outros Serviços de Terceiros - Pessoa Física;173677
Arenápolis;2026;Secretaria Municipal de Saude;Outros Serviços de Terceiros - Pessoa Jurídica;4125606
Arenápolis;2026;Secretaria Municipal de Saude;Serviços de Tecnologia da Informação e Comunicação - Pessoa Jurídica;13153
Arenápolis;2026;Secretaria Municipal de Saude;Contribuições;36871
Arenápolis;2026;Secretaria Municipal de Saude;Obrigações Tributárias e Contributivas;125
Arenápolis;2026;Secretaria Municipal de Saude;Equipamentos e Material Permanente;1114988
Arenápolis;2026;Secretaria Municipal de Saude;Rateio Pela Participação em Consórcio Público;42159
Arenápolis;2026;Secretaria Municipal de Saude;Contrato de Gestão;5496531
Arenápolis;2026;Secretaria Municipal de Saude;Despesas de Exercícios Anteriores;60690
Arenápolis;2026;Secretaria Municipal de Fazenda;Vencimentos e Vantagens Fixas - Pessoal Civil;610215
Arenápolis;2026;Secretaria Municipal de Fazenda;Obrigações Patronais;98250
Arenápolis;2026;Secretaria Municipal de Fazenda;Diárias - Civil;30399
Arenápolis;2026;Secretaria Municipal de Fazenda;Material de Consumo;23723
Arenápolis;2026;Secretaria Municipal de Fazenda;Outros Serviços de Terceiros - Pessoa Jurídica;674101
Arenápolis;2026;Secretaria Municipal de Fazenda;Serviços de Tecnologia da Informação e Comunicação - Pessoa Jurídica;9185
Arenápolis;2026;Secretaria Municipal de Fazenda;Obrigações Tributárias e Contributivas;533388
Arenápolis;2026;Secretaria Municipal de Fazenda;Equipamentos e Material Permanente;2540
Arenápolis;2026;Secretaria Municipal de Fazenda;Principal da Dívida Contratual Resgatado;460537
Arenápolis;2026;Camara Municipal de Arenapolis;Contratação por Tempo Determinado;15077
Arenápolis;2026;Camara Municipal de Arenapolis;Vencimentos e Vantagens Fixas - Pessoal Civil;891462
Arenápolis;2026;Camara Municipal de Arenapolis;Obrigações Patronais;154709
Arenápolis;2026;Camara Municipal de Arenapolis;Diárias - Civil;135550
Arenápolis;2026;Camara Municipal de Arenapolis;Material de Consumo;183315
Arenápolis;2026;Camara Municipal de Arenapolis;Outros Serviços de Terceiros - Pessoa Física;340
Arenápolis;2026;Camara Municipal de Arenapolis;Outros Serviços de Terceiros - Pessoa Jurídica;138593
Arenápolis;2026;Camara Municipal de Arenapolis;Serviços de Tecnologia da Informação e Comunicação - Pessoa Jurídica;10649
Arenápolis;2026;Camara Municipal de Arenapolis;Auxílio-Alimentação;52366
Arenápolis;2026;Camara Municipal de Arenapolis;Obrigações Tributárias e Contributivas;396
Arenápolis;2026;Camara Municipal de Arenapolis;Equipamentos e Material Permanente;56609
Arenápolis;2026;Camara Municipal de Arenapolis;Indenizações e Restituições;266000
Arenápolis;2026;Camara Municipal de Arenapolis;Indenizações e Restituições Trabalhistas;3107
Arenápolis;2026;Secr Mun de Educacao e Cultura;Contratação por Tempo Determinado;2390379
Arenápolis;2026;Secr Mun de Educacao e Cultura;Vencimentos e Vantagens Fixas - Pessoal Civil;4182577
Arenápolis;2026;Secr Mun de Educacao e Cultura;Obrigações Patronais;1128570
Arenápolis;2026;Secr Mun de Educacao e Cultura;Diárias - Civil;34279
Arenápolis;2026;Secr Mun de Educacao e Cultura;Material de Consumo;1662721
Arenápolis;2026;Secr Mun de Educacao e Cultura;Outros Serviços de Terceiros - Pessoa Jurídica;2309733
Arenápolis;2026;Secr Mun de Educacao e Cultura;Serviços de Tecnologia da Informação e Comunicação - Pessoa Jurídica;94714
Arenápolis;2026;Secr Mun de Educacao e Cultura;Contribuições;24500
Arenápolis;2026;Secr Mun de Educacao e Cultura;Obrigações Tributárias e Contributivas;3274
Arenápolis;2026;Secr Mun de Educacao e Cultura;Obras e Instalações;959989
Arenápolis;2026;Secr Mun de Educacao e Cultura;Equipamentos e Material Permanente;49320
Arenápolis;2026;Secretaria Munic. Agricultura e Meio Ambiente;Contratação por Tempo Determinado;6633
Arenápolis;2026;Secretaria Munic. Agricultura e Meio Ambiente;Vencimentos e Vantagens Fixas - Pessoal Civil;210407
Arenápolis;2026;Secretaria Munic. Agricultura e Meio Ambiente;Obrigações Patronais;40870
Arenápolis;2026;Secretaria Munic. Agricultura e Meio Ambiente;Diárias - Civil;7581
Arenápolis;2026;Secretaria Munic. Agricultura e Meio Ambiente;Material de Consumo;171816
Arenápolis;2026;Secretaria Munic. Agricultura e Meio Ambiente;Outros Serviços de Terceiros - Pessoa Jurídica;234572
Arenápolis;2026;Secretaria Munic. Agricultura e Meio Ambiente;Obras e Instalações;27435
Arenápolis;2026;Secretaria Munic. Agricultura e Meio Ambiente;Rateio Pela Participação em Consórcio Público;36662
Arenápolis;2026;Secretaria Munic. Transporte, Obras Serv. Publicos;Contratação por Tempo Determinado;623867
Arenápolis;2026;Secretaria Munic. Transporte, Obras Serv. Publicos;Vencimentos e Vantagens Fixas - Pessoal Civil;1189986
Arenápolis;2026;Secretaria Munic. Transporte, Obras Serv. Publicos;Obrigações Patronais;336669
Arenápolis;2026;Secretaria Munic. Transporte, Obras Serv. Publicos;Diárias - Civil;20286
Arenápolis;2026;Secretaria Munic. Transporte, Obras Serv. Publicos;Material de Consumo;897353
Arenápolis;2026;Secretaria Munic. Transporte, Obras Serv. Publicos;Outros Serviços de Terceiros - Pessoa Física;2674
Arenápolis;2026;Secretaria Munic. Transporte, Obras Serv. Publicos;Outros Serviços de Terceiros - Pessoa Jurídica;2539387
Arenápolis;2026;Secretaria Munic. Transporte, Obras Serv. Publicos;Obras e Instalações;695192
Arenápolis;2026;Secretaria Munic. Transporte, Obras Serv. Publicos;Equipamentos e Material Permanente;2430
Arenápolis;2026;Secretaria Munic. Desporto, Lazer e Turismo;Vencimentos e Vantagens Fixas - Pessoal Civil;130505
Arenápolis;2026;Secretaria Munic. Desporto, Lazer e Turismo;Obrigações Patronais;22451
Arenápolis;2026;Secretaria Munic. Desporto, Lazer e Turismo;Diárias - Civil;17699
Arenápolis;2026;Secretaria Munic. Desporto, Lazer e Turismo;Material de Consumo;229865
Arenápolis;2026;Secretaria Munic. Desporto, Lazer e Turismo;Outros Serviços de Terceiros - Pessoa Jurídica;3123443
Arenápolis;2026;Secretaria Munic. Convenios, Licitacoes e Contratos;Vencimentos e Vantagens Fixas - Pessoal Civil;133991
Arenápolis;2026;Secretaria Munic. Convenios, Licitacoes e Contratos;Obrigações Patronais;21613
Arenápolis;2026;Secretaria Munic. Convenios, Licitacoes e Contratos;Diárias - Civil;473
Canarana;2021;Camara Municipal;Vencimentos e Vantagens Fixas - Pessoal Civil;1880417
Canarana;2021;Camara Municipal;Obrigações Patronais;348370
Canarana;2021;Camara Municipal;Diárias - Civil;12300
Canarana;2021;Camara Municipal;Material de Consumo;77321
Canarana;2021;Camara Municipal;Serviços de Consultoria;29000
Canarana;2021;Camara Municipal;Outros Serviços de Terceiros - Pessoa Física;2000
Canarana;2021;Camara Municipal;Outros Serviços de Terceiros - Pessoa Jurídica;225527
Canarana;2021;Camara Municipal;Subvenções Sociais;22000
Canarana;2021;Camara Municipal;Auxílio - Alimentação;79343
Canarana;2021;Camara Municipal;Obrigações Tributárias e Contributivas;4754
Canarana;2021;Camara Municipal;Equipamentos e Material Permanente;57945
Canarana;2021;Camara Municipal;Indenizações e Restituições;559992
Canarana;2021;Secretaria Municipal de Educação e Cultura;Contratação por Tempo Determinado;5796310
Canarana;2021;Secretaria Municipal de Educação e Cultura;Vencimentos e Vantagens Fixas - Pessoal Civil;10569016
Canarana;2021;Secretaria Municipal de Educação e Cultura;Obrigações Patronais;2898051
Canarana;2021;Secretaria Municipal de Educação e Cultura;Diárias - Civil;30000
Canarana;2021;Secretaria Municipal de Educação e Cultura;Material de Consumo;4025627
Canarana;2021;Secretaria Municipal de Educação e Cultura;Passagens e Despesas com Locomoção;1182
Canarana;2021;Secretaria Municipal de Educação e Cultura;Outras Desp.pessoal Dec. Contratos Terceiriz.;103086
Canarana;2021;Secretaria Municipal de Educação e Cultura;Outros Serviços de Terceiros - Pessoa Física;34050
Canarana;2021;Secretaria Municipal de Educação e Cultura;Outros Serviços de Terceiros - Pessoa Jurídica;3604448
Canarana;2021;Secretaria Municipal de Educação e Cultura;Obras e Instalações;1575603
Canarana;2021;Secretaria Municipal de Educação e Cultura;Equipamentos e Material Permanente;4127993
Canarana;2021;Secretaria Municipal de Educação e Cultura;Despesas de Exercícios Anteriores;306
Canarana;2021;Secretaria Municipal de Educação e Cultura;Indenizações e Restituições;74724
Canarana;2021;Secretaria Municipal de Educação e Cultura;Serviços de Tecnologia da Informação e Comunicação - Pessoa Jurídica;428073
Canarana;2021;Secretaria Municipal de Finanças;Contratação por Tempo Determinado;178702
Canarana;2021;Secretaria Municipal de Finanças;Vencimentos e Vantagens Fixas - Pessoal Civil;1283140
Canarana;2021;Secretaria Municipal de Finanças;Obrigações Patronais;253246
Canarana;2021;Secretaria Municipal de Finanças;Diárias - Civil;8800
Canarana;2021;Secretaria Municipal de Finanças;Juros sobre a Dívida por Contrato;1128081
Canarana;2021;Secretaria Municipal de Finanças;Material de Consumo;35491
Canarana;2021;Secretaria Municipal de Finanças;Passagens e Despesas com Locomoção;1405
Canarana;2021;Secretaria Municipal de Finanças;Outros Serviços de Terceiros - Pessoa Física;500
Canarana;2021;Secretaria Municipal de Finanças;Outros Serviços de Terceiros - Pessoa Jurídica;171203
Canarana;2021;Secretaria Municipal de Finanças;Contribuições;185877
Canarana;2021;Secretaria Municipal de Finanças;Obrigações Tributárias e Contributivas;1294929
Canarana;2021;Secretaria Municipal de Finanças;Equipamentos e Material Permanente;9160
Canarana;2021;Secretaria Municipal de Finanças;Principal Corrigido da Dívida Contratual Refinanciado;287372
Canarana;2021;Secretaria Municipal de Finanças;Sentenças Judiciais;68170
Canarana;2021;Secretaria Municipal de Finanças;Indenizações e Restituições;235111
Canarana;2021;Secretaria Municipal de Finanças;Serviços de Tecnologia da Informação e Comunicação - Pessoa Jurídica;252873
Canarana;2021;Secretaria Municipal de Saúde e Saneamento;Contratação por Tempo Determinado;2100294
Canarana;2021;Secretaria Municipal de Saúde e Saneamento;Vencimentos e Vantagens Fixas - Pessoal Civil;12877970
Canarana;2021;Secretaria Municipal de Saúde e Saneamento;Obrigações Patronais;2543449
Canarana;2021;Secretaria Municipal de Saúde e Saneamento;Diárias - Civil;110760
Canarana;2021;Secretaria Municipal de Saúde e Saneamento;Material de Consumo;7057835
Canarana;2021;Secretaria Municipal de Saúde e Saneamento;Outras Desp.pessoal Dec. Contratos Terceiriz.;702279
Canarana;2021;Secretaria Municipal de Saúde e Saneamento;Outros Serviços de Terceiros - Pessoa Física;149989
Canarana;2021;Secretaria Municipal de Saúde e Saneamento;Outros Serviços de Terceiros - Pessoa Jurídica;8252115
Canarana;2021;Secretaria Municipal de Saúde e Saneamento;Obras e Instalações;797381
Canarana;2021;Secretaria Municipal de Saúde e Saneamento;Equipamentos e Material Permanente;739527
Canarana;2021;Secretaria Municipal de Saúde e Saneamento;Rateio Pela Participação em Consórcio Público;1048450
Canarana;2021;Secretaria Municipal de Saúde e Saneamento;Indenizações e Restituições;145467
Canarana;2021;Secretaria Municipal de Saúde e Saneamento;Indenizações e Restituições Trabalhistas;1797534
Canarana;2021;Secretaria Municipal de Saúde e Saneamento;Serviços de Tecnologia da Informação e Comunicação - Pessoa Jurídica;266542
Canarana;2021;Secretaria Municipal de Esportes e Lazer;Contratação por Tempo Determinado;176282
Canarana;2021;Secretaria Municipal de Esportes e Lazer;Vencimentos e Vantagens Fixas - Pessoal Civil;324861
Canarana;2021;Secretaria Municipal de Esportes e Lazer;Obrigações Patronais;105117
Canarana;2021;Secretaria Municipal de Esportes e Lazer;Diárias - Civil;38000
Canarana;2021;Secretaria Municipal de Esportes e Lazer;Material de Consumo;383014
Canarana;2021;Secretaria Municipal de Esportes e Lazer;Premiações Culturais, Artísticas, Científicas, Desportivas e Outras;50000
Canarana;2021;Secretaria Municipal de Esportes e Lazer;Outras Desp.pessoal Dec. Contratos Terceiriz.;143590
Canarana;2021;Secretaria Municipal de Esportes e Lazer;Outros Serviços de Terceiros - Pessoa Física;75959
Canarana;2021;Secretaria Municipal de Esportes e Lazer;Outros Serviços de Terceiros - Pessoa Jurídica;171598
Canarana;2021;Secretaria Municipal de Esportes e Lazer;Subvenções Sociais;36900
Canarana;2021;Secretaria Municipal de Esportes e Lazer;Obras e Instalações;140910
Canarana;2021;Secretaria Municipal de Esportes e Lazer;Equipamentos e Material Permanente;17600
Canarana;2021;Secretaria Mun. de Assistência Social;Contratação por Tempo Determinado;1069870
Canarana;2021;Secretaria Mun. de Assistência Social;Vencimentos e Vantagens Fixas - Pessoal Civil;597279
Canarana;2021;Secretaria Mun. de Assistência Social;Obrigações Patronais;291055
Canarana;2021;Secretaria Mun. de Assistência Social;Diárias - Civil;11040
Canarana;2021;Secretaria Mun. de Assistência Social;Material de Consumo;903598
Canarana;2021;Secretaria Mun. de Assistência Social;Material, Bem Ou Serviço para Distribuição Gratuita;157512
Canarana;2021;Secretaria Mun. de Assistência Social;Passagens e Despesas com Locomoção;433
Canarana;2021;Secretaria Mun. de Assistência Social;Outras Desp.pessoal Dec. Contratos Terceiriz.;225213
Canarana;2021;Secretaria Mun. de Assistência Social;Outros Serviços de Terceiros - Pessoa Física;5657
Canarana;2021;Secretaria Mun. de Assistência Social;Outros Serviços de Terceiros - Pessoa Jurídica;711495
Canarana;2021;Secretaria Mun. de Assistência Social;Subvenções Sociais;243593
Canarana;2021;Secretaria Mun. de Assistência Social;Equipamentos e Material Permanente;188521
Canarana;2021;Secretaria Mun. Desenvol. Sócioeconômico e Turisti;Contratação por Tempo Determinado;232208
Canarana;2021;Secretaria Mun. Desenvol. Sócioeconômico e Turisti;Obrigações Patronais;48139
Canarana;2021;Secretaria Mun. Desenvol. Sócioeconômico e Turisti;Diárias - Civil;15910
Canarana;2021;Secretaria Mun. Desenvol. Sócioeconômico e Turisti;Material de Consumo;37552
Canarana;2021;Secretaria Mun. Desenvol. Sócioeconômico e Turisti;Outros Serviços de Terceiros - Pessoa Física;3800
Canarana;2021;Secretaria Mun. Desenvol. Sócioeconômico e Turisti;Outros Serviços de Terceiros - Pessoa Jurídica;249633
Canarana;2021;Secretaria Mun. de Administração e Serviços Gerais;Contratação por Tempo Determinado;563580
Canarana;2021;Secretaria Mun. de Administração e Serviços Gerais;Vencimentos e Vantagens Fixas - Pessoal Civil;732713
Canarana;2021;Secretaria Mun. de Administração e Serviços Gerais;Obrigações Patronais;349877
Canarana;2021;Secretaria Mun. de Administração e Serviços Gerais;Material de Consumo;656633
Canarana;2021;Secretaria Mun. de Administração e Serviços Gerais;Outras Desp.pessoal Dec. Contratos Terceiriz.;313725
Canarana;2021;Secretaria Mun. de Administração e Serviços Gerais;Outros Serviços de Terceiros - Pessoa Física;35904
Canarana;2021;Secretaria Mun. de Administração e Serviços Gerais;Outros Serviços de Terceiros - Pessoa Jurídica;1190758
Canarana;2021;Secretaria Mun. de Administração e Serviços Gerais;Contribuições;83441
Canarana;2021;Secretaria Mun. de Administração e Serviços Gerais;Obras e Instalações;158710
Canarana;2021;Secretaria Mun. de Administração e Serviços Gerais;Equipamentos e Material Permanente;23046
Canarana;2021;Secretaria Mun. de Administração e Serviços Gerais;Sentenças Judiciais;61311
Canarana;2021;Secretaria Mun. de Administração e Serviços Gerais;Indenizações e Restituições;56689
Canarana;2021;Secretaria Mun. de Administração e Serviços Gerais;Serviços de Tecnologia da Informação e Comunicação - Pessoa Jurídica;226330
Canarana;2021;Secretaria Municipal de Obras, Estradas e Rodagens;Contratação por Tempo Determinado;723360
Canarana;2021;Secretaria Municipal de Obras, Estradas e Rodagens;Vencimentos e Vantagens Fixas - Pessoal Civil;2244280
Canarana;2021;Secretaria Municipal de Obras, Estradas e Rodagens;Obrigações Patronais;426064
Canarana;2021;Secretaria Municipal de Obras, Estradas e Rodagens;Diárias - Civil;17710
Canarana;2021;Secretaria Municipal de Obras, Estradas e Rodagens;Material de Consumo;9208476
Canarana;2021;Secretaria Municipal de Obras, Estradas e Rodagens;Outras Desp.pessoal Dec. Contratos Terceiriz.;608691
Canarana;2021;Secretaria Municipal de Obras, Estradas e Rodagens;Outros Serviços de Terceiros - Pessoa Física;83216
Canarana;2021;Secretaria Municipal de Obras, Estradas e Rodagens;Outros Serviços de Terceiros - Pessoa Jurídica;13567139
Canarana;2021;Secretaria Municipal de Obras, Estradas e Rodagens;Obras e Instalações;12416657
Canarana;2021;Secretaria Municipal de Obras, Estradas e Rodagens;Equipamentos e Material Permanente;90296
Canarana;2021;Secretaria Municipal de Obras, Estradas e Rodagens;Indenizações e Restituições;55416
Canarana;2021;Secretaria Mun. de Agricultura e Meio Ambeinte;Contratação por Tempo Determinado;62838
Canarana;2021;Secretaria Mun. de Agricultura e Meio Ambeinte;Vencimentos e Vantagens Fixas - Pessoal Civil;559623
Canarana;2021;Secretaria Mun. de Agricultura e Meio Ambeinte;Obrigações Patronais;81468
Canarana;2021;Secretaria Mun. de Agricultura e Meio Ambeinte;Diárias - Civil;7120
Canarana;2021;Secretaria Mun. de Agricultura e Meio Ambeinte;Material de Consumo;654858
Canarana;2021;Secretaria Mun. de Agricultura e Meio Ambeinte;Outros Serviços de Terceiros - Pessoa Física;125
Canarana;2021;Secretaria Mun. de Agricultura e Meio Ambeinte;Outros Serviços de Terceiros - Pessoa Jurídica;773097
Canarana;2021;Secretaria Mun. de Agricultura e Meio Ambeinte;Equipamentos e Material Permanente;28036
Canarana;2021;Secretaria Mun. de Agricultura e Meio Ambeinte;Indenizações e Restituições;238
Canarana;2021;Secretaria de Gestão Governamental;Contratação por Tempo Determinado;619593
Canarana;2021;Secretaria de Gestão Governamental;Vencimentos e Vantagens Fixas - Pessoal Civil;900298
Canarana;2021;Secretaria de Gestão Governamental;Obrigações Patronais;273557
Canarana;2021;Secretaria de Gestão Governamental;Diárias - Civil;25500
Canarana;2021;Secretaria de Gestão Governamental;Material de Consumo;171693
Canarana;2021;Secretaria de Gestão Governamental;Passagens e Despesas com Locomoção;280
Canarana;2021;Secretaria de Gestão Governamental;Outros Serviços de Terceiros - Pessoa Física;16330
Canarana;2021;Secretaria de Gestão Governamental;Outros Serviços de Terceiros - Pessoa Jurídica;425893
Canarana;2021;Secretaria de Gestão Governamental;Equipamentos e Material Permanente;30200
Canarana;2021;Secretaria de Gestão Governamental;Indenizações e Restituições;100205
Canarana;2021;Prevican-fundo Mun. Prev. Serv. Canarana;Pensões do RPPS e do Militar;814562
Canarana;2021;Prevican-fundo Mun. Prev. Serv. Canarana;Vencimentos e Vantagens Fixas - Pessoal Civil;166671
Canarana;2021;Prevican-fundo Mun. Prev. Serv. Canarana;Obrigações Patronais;15431
Canarana;2021;Prevican-fundo Mun. Prev. Serv. Canarana;Diárias - Civil;4950
Canarana;2021;Prevican-fundo Mun. Prev. Serv. Canarana;Material de Consumo;433
Canarana;2021;Prevican-fundo Mun. Prev. Serv. Canarana;Passagens e Despesas com Locomoção;2100
Canarana;2021;Prevican-fundo Mun. Prev. Serv. Canarana;Serviços de Consultoria;9474
Canarana;2021;Prevican-fundo Mun. Prev. Serv. Canarana;Outros Serviços de Terceiros - Pessoa Física;5130
Canarana;2021;Prevican-fundo Mun. Prev. Serv. Canarana;Outros Serviços de Terceiros - Pessoa Jurídica;14910
Canarana;2021;Prevican-fundo Mun. Prev. Serv. Canarana;Obrigações Tributárias e Contributivas;91500
Canarana;2021;Prevican-fundo Mun. Prev. Serv. Canarana;Equipamentos e Material Permanente;798
Canarana;2021;Prevican-fundo Mun. Prev. Serv. Canarana;Sentenças Judiciais;136298
Canarana;2021;Prevican-fundo Mun. Prev. Serv. Canarana;Aposentadorias, Reserva Remunerada e Reformas;4536703
Canarana;2021;Prevican-fundo Mun. Prev. Serv. Canarana;Serviços de Tecnologia da Informação e Comunicação - Pessoa Jurídica;61354
Canarana;2022;Camara Municipal;Vencimentos e Vantagens Fixas - Pessoal Civil;2309379
Canarana;2022;Camara Municipal;Obrigações Patronais;429316
Canarana;2022;Camara Municipal;Diárias - Civil;23520
Canarana;2022;Camara Municipal;Outras Despesas Variáveis - Pessoal Civil;6346
Canarana;2022;Camara Municipal;Material de Consumo;85695
Canarana;2022;Camara Municipal;Serviços de Consultoria;32831
Canarana;2022;Camara Municipal;Outros Serviços de Terceiros - Pessoa Física;1644
Canarana;2022;Camara Municipal;Outros Serviços de Terceiros - Pessoa Jurídica;194683
Canarana;2022;Camara Municipal;Serviços de Tecnologia da Informação e Comunicação - Pessoa Jurídica;98797
Canarana;2022;Camara Municipal;Subvenções Sociais;39000
Canarana;2022;Camara Municipal;Auxílio-Alimentação;94331
Canarana;2022;Camara Municipal;Obrigações Tributárias e Contributivas;638
Canarana;2022;Camara Municipal;Equipamentos e Material Permanente;109617
Canarana;2022;Camara Municipal;Despesas de Exercícios Anteriores;2711
Canarana;2022;Camara Municipal;Indenizações e Restituições;646536
Canarana;2022;Secretaria Municipal de Educação e Cultura;Contratação por Tempo Determinado;7503478
Canarana;2022;Secretaria Municipal de Educação e Cultura;Vencimentos e Vantagens Fixas - Pessoal Civil;12717992
Canarana;2022;Secretaria Municipal de Educação e Cultura;Obrigações Patronais;3972825
Canarana;2022;Secretaria Municipal de Educação e Cultura;Diárias - Civil;154815
Canarana;2022;Secretaria Municipal de Educação e Cultura;Material de Consumo;7134376
Canarana;2022;Secretaria Municipal de Educação e Cultura;Passagens e Despesas com Locomoção;21457
Canarana;2022;Secretaria Municipal de Educação e Cultura;Outras Despesas de Pessoal decorrentes de Contratos de Terceirização;40750
Canarana;2022;Secretaria Municipal de Educação e Cultura;Outros Serviços de Terceiros - Pessoa Física;72044
Canarana;2022;Secretaria Municipal de Educação e Cultura;Outros Serviços de Terceiros - Pessoa Jurídica;8552261
Canarana;2022;Secretaria Municipal de Educação e Cultura;Serviços de Tecnologia da Informação e Comunicação - Pessoa Jurídica;481725
Canarana;2022;Secretaria Municipal de Educação e Cultura;Auxílios;16500
Canarana;2022;Secretaria Municipal de Educação e Cultura;Obras e Instalações;1992521
Canarana;2022;Secretaria Municipal de Educação e Cultura;Equipamentos e Material Permanente;922621
Canarana;2022;Secretaria Municipal de Educação e Cultura;Sentenças Judiciais;10477
Canarana;2022;Secretaria Municipal de Educação e Cultura;Indenizações e Restituições;116558
Canarana;2022;Secretaria Municipal de Finanças;Contratação por Tempo Determinado;285582
Canarana;2022;Secretaria Municipal de Finanças;Vencimentos e Vantagens Fixas - Pessoal Civil;1588727
Canarana;2022;Secretaria Municipal de Finanças;Obrigações Patronais;338015
Canarana;2022;Secretaria Municipal de Finanças;Diárias - Civil;25500
Canarana;2022;Secretaria Municipal de Finanças;Juros sobre a Dívida por Contrato;1537299
Canarana;2022;Secretaria Municipal de Finanças;Material de Consumo;131226
Canarana;2022;Secretaria Municipal de Finanças;Passagens e Despesas com Locomoção;771
Canarana;2022;Secretaria Municipal de Finanças;Outros Serviços de Terceiros - Pessoa Física;33834
Canarana;2022;Secretaria Municipal de Finanças;Outros Serviços de Terceiros - Pessoa Jurídica;319208
Canarana;2022;Secretaria Municipal de Finanças;Serviços de Tecnologia da Informação e Comunicação - Pessoa Jurídica;253364
Canarana;2022;Secretaria Municipal de Finanças;Contribuições;210512
Canarana;2022;Secretaria Municipal de Finanças;Obrigações Tributárias e Contributivas;1451027
Canarana;2022;Secretaria Municipal de Finanças;Equipamentos e Material Permanente;38000
Canarana;2022;Secretaria Municipal de Finanças;Principal Corrigido da Dívida Contratual Refinanciado;208333
Canarana;2022;Secretaria Municipal de Finanças;Sentenças Judiciais;300985
Canarana;2022;Secretaria Municipal de Finanças;Despesas de Exercícios Anteriores;140
Canarana;2022;Secretaria Municipal de Finanças;Indenizações e Restituições;24
Canarana;2022;Secretaria Municipal de Saúde e Saneamento;Contratação por Tempo Determinado;1306488
Canarana;2022;Secretaria Municipal de Saúde e Saneamento;Vencimentos e Vantagens Fixas - Pessoal Civil;14746714
Canarana;2022;Secretaria Municipal de Saúde e Saneamento;Obrigações Patronais;2906698
Canarana;2022;Secretaria Municipal de Saúde e Saneamento;Diárias - Civil;227850
Canarana;2022;Secretaria Municipal de Saúde e Saneamento;Material de Consumo;7644998
Canarana;2022;Secretaria Municipal de Saúde e Saneamento;Passagens e Despesas com Locomoção;2744
Canarana;2022;Secretaria Municipal de Saúde e Saneamento;Outras Despesas de Pessoal decorrentes de Contratos de Terceirização;1011261
Canarana;2022;Secretaria Municipal de Saúde e Saneamento;Outros Serviços de Terceiros - Pessoa Física;179505
Canarana;2022;Secretaria Municipal de Saúde e Saneamento;Outros Serviços de Terceiros - Pessoa Jurídica;16668826
Canarana;2022;Secretaria Municipal de Saúde e Saneamento;Serviços de Tecnologia da Informação e Comunicação - Pessoa Jurídica;335449
Canarana;2022;Secretaria Municipal de Saúde e Saneamento;Contribuições;18000
Canarana;2022;Secretaria Municipal de Saúde e Saneamento;Obras e Instalações;1259146
Canarana;2022;Secretaria Municipal de Saúde e Saneamento;Equipamentos e Material Permanente;678410
Canarana;2022;Secretaria Municipal de Saúde e Saneamento;Rateio Pela Participação em Consórcio Público;1281115
Canarana;2022;Secretaria Municipal de Saúde e Saneamento;Indenizações e Restituições;92916
Canarana;2022;Secretaria Municipal de Saúde e Saneamento;Indenizações e Restituições Trabalhistas;1901125
Canarana;2022;Secretaria Mun. de Assistência Social;Contratação por Tempo Determinado;1415029
Canarana;2022;Secretaria Mun. de Assistência Social;Vencimentos e Vantagens Fixas - Pessoal Civil;718555
Canarana;2022;Secretaria Mun. de Assistência Social;Obrigações Patronais;401246
Canarana;2022;Secretaria Mun. de Assistência Social;Diárias - Civil;48850
Canarana;2022;Secretaria Mun. de Assistência Social;Material de Consumo;975850
Canarana;2022;Secretaria Mun. de Assistência Social;Material, Bem Ou Serviço para Distribuição Gratuita;409090
Canarana;2022;Secretaria Mun. de Assistência Social;Passagens e Despesas com Locomoção;18723
Canarana;2022;Secretaria Mun. de Assistência Social;Outras Despesas de Pessoal decorrentes de Contratos de Terceirização;378046
Canarana;2022;Secretaria Mun. de Assistência Social;Outros Serviços de Terceiros - Pessoa Física;92595
Canarana;2022;Secretaria Mun. de Assistência Social;Outros Serviços de Terceiros - Pessoa Jurídica;1482989
Canarana;2022;Secretaria Mun. de Assistência Social;Serviços de Tecnologia da Informação e Comunicação - Pessoa Jurídica;56024
Canarana;2022;Secretaria Mun. de Assistência Social;Auxílios;100000
Canarana;2022;Secretaria Mun. de Assistência Social;Subvenções Sociais;26745
Canarana;2022;Secretaria Mun. de Assistência Social;Outros Auxílios Financeiros a Pessoas Físicas;51819
Canarana;2022;Secretaria Mun. de Assistência Social;Equipamentos e Material Permanente;91710
Canarana;2022;Secretaria Mun. Desenvol. Sócioeconômico e Turisti;Contratação por Tempo Determinado;288866
Canarana;2022;Secretaria Mun. Desenvol. Sócioeconômico e Turisti;Obrigações Patronais;53617
Canarana;2022;Secretaria Mun. Desenvol. Sócioeconômico e Turisti;Diárias - Civil;42200
Canarana;2022;Secretaria Mun. Desenvol. Sócioeconômico e Turisti;Material de Consumo;109229
Canarana;2022;Secretaria Mun. Desenvol. Sócioeconômico e Turisti;Outros Serviços de Terceiros - Pessoa Física;7000
Canarana;2022;Secretaria Mun. Desenvol. Sócioeconômico e Turisti;Outros Serviços de Terceiros - Pessoa Jurídica;1418204
Canarana;2022;Secretaria Mun. Desenvol. Sócioeconômico e Turisti;Contribuições;8422
Canarana;2022;Secretaria Mun. Desenvol. Sócioeconômico e Turisti;Equipamentos e Material Permanente;14870
Canarana;2022;Secretaria Mun. de Administração e Serviços Gerais;Contratação por Tempo Determinado;677987
Canarana;2022;Secretaria Mun. de Administração e Serviços Gerais;Vencimentos e Vantagens Fixas - Pessoal Civil;867358
Canarana;2022;Secretaria Mun. de Administração e Serviços Gerais;Obrigações Patronais;263926
Canarana;2022;Secretaria Mun. de Administração e Serviços Gerais;Diárias - Civil;25300
Canarana;2022;Secretaria Mun. de Administração e Serviços Gerais;Material de Consumo;596766
Canarana;2022;Secretaria Mun. de Administração e Serviços Gerais;Passagens e Despesas com Locomoção;1680
Canarana;2022;Secretaria Mun. de Administração e Serviços Gerais;Outras Despesas de Pessoal decorrentes de Contratos de Terceirização;395580
Canarana;2022;Secretaria Mun. de Administração e Serviços Gerais;Outros Serviços de Terceiros - Pessoa Física;56754
Canarana;2022;Secretaria Mun. de Administração e Serviços Gerais;Outros Serviços de Terceiros - Pessoa Jurídica;1917370
Canarana;2022;Secretaria Mun. de Administração e Serviços Gerais;Serviços de Tecnologia da Informação e Comunicação - Pessoa Jurídica;214944
Canarana;2022;Secretaria Mun. de Administração e Serviços Gerais;Contribuições;44206
Canarana;2022;Secretaria Mun. de Administração e Serviços Gerais;Obras e Instalações;18039
Canarana;2022;Secretaria Mun. de Administração e Serviços Gerais;Equipamentos e Material Permanente;23180
Canarana;2022;Secretaria Mun. de Administração e Serviços Gerais;Sentenças Judiciais;17916
Canarana;2022;Secretaria Mun. de Administração e Serviços Gerais;Indenizações e Restituições;165
Canarana;2022;Secretaria Municipal de Obras, Estradas e Rodagens;Contratação por Tempo Determinado;982940
Canarana;2022;Secretaria Municipal de Obras, Estradas e Rodagens;Vencimentos e Vantagens Fixas - Pessoal Civil;2522551
Canarana;2022;Secretaria Municipal de Obras, Estradas e Rodagens;Obrigações Patronais;511341
Canarana;2022;Secretaria Municipal de Obras, Estradas e Rodagens;Diárias - Civil;29960
Canarana;2022;Secretaria Municipal de Obras, Estradas e Rodagens;Material de Consumo;10592420
Canarana;2022;Secretaria Municipal de Obras, Estradas e Rodagens;Outras Despesas de Pessoal decorrentes de Contratos de Terceirização;1177167
Canarana;2022;Secretaria Municipal de Obras, Estradas e Rodagens;Outros Serviços de Terceiros - Pessoa Física;140974
Canarana;2022;Secretaria Municipal de Obras, Estradas e Rodagens;Outros Serviços de Terceiros - Pessoa Jurídica;13184383
Canarana;2022;Secretaria Municipal de Obras, Estradas e Rodagens;Obrigações Tributárias e Contributivas;148
Canarana;2022;Secretaria Municipal de Obras, Estradas e Rodagens;Obras e Instalações;6332491
Canarana;2022;Secretaria Municipal de Obras, Estradas e Rodagens;Equipamentos e Material Permanente;296832
Canarana;2022;Secretaria Municipal de Obras, Estradas e Rodagens;Indenizações e Restituições;42079
Canarana;2022;Secretaria Mun. de Agricultura e Meio Ambeinte;Contratação por Tempo Determinado;150947
Canarana;2022;Secretaria Mun. de Agricultura e Meio Ambeinte;Vencimentos e Vantagens Fixas - Pessoal Civil;634361
Canarana;2022;Secretaria Mun. de Agricultura e Meio Ambeinte;Obrigações Patronais;109938
Canarana;2022;Secretaria Mun. de Agricultura e Meio Ambeinte;Diárias - Civil;34850
Canarana;2022;Secretaria Mun. de Agricultura e Meio Ambeinte;Material de Consumo;633395
Canarana;2022;Secretaria Mun. de Agricultura e Meio Ambeinte;Outras Despesas de Pessoal decorrentes de Contratos de Terceirização;212160
Canarana;2022;Secretaria Mun. de Agricultura e Meio Ambeinte;Outros Serviços de Terceiros - Pessoa Física;10021
Canarana;2022;Secretaria Mun. de Agricultura e Meio Ambeinte;Outros Serviços de Terceiros - Pessoa Jurídica;1342487
Canarana;2022;Secretaria Mun. de Agricultura e Meio Ambeinte;Equipamentos e Material Permanente;109613
Canarana;2022;Secretaria de Gestão Governamental;Contratação por Tempo Determinado;750472
Canarana;2022;Secretaria de Gestão Governamental;Vencimentos e Vantagens Fixas - Pessoal Civil;936623
Canarana;2022;Secretaria de Gestão Governamental;Obrigações Patronais;313101
Canarana;2022;Secretaria de Gestão Governamental;Diárias - Civil;91360
Canarana;2022;Secretaria de Gestão Governamental;Material de Consumo;126519
Canarana;2022;Secretaria de Gestão Governamental;Passagens e Despesas com Locomoção;7616
Canarana;2022;Secretaria de Gestão Governamental;Outros Serviços de Terceiros - Pessoa Física;7867
Canarana;2022;Secretaria de Gestão Governamental;Outros Serviços de Terceiros - Pessoa Jurídica;1176594
Canarana;2022;Secretaria de Gestão Governamental;Serviços de Tecnologia da Informação e Comunicação - Pessoa Jurídica;10560
Canarana;2022;Secretaria de Gestão Governamental;Contribuições;7273
Canarana;2022;Secretaria de Gestão Governamental;Equipamentos e Material Permanente;55702
Canarana;2022;Secretaria de Gestão Governamental;Indenizações e Restituições;107833
Canarana;2022;Prevican-fundo Mun. Prev. Serv. Canarana;Aposentadorias, Reserva Remunerada e Reformas;5799557
Canarana;2022;Prevican-fundo Mun. Prev. Serv. Canarana;Pensões;1005790
Canarana;2022;Prevican-fundo Mun. Prev. Serv. Canarana;Contratação por Tempo Determinado;11484
Canarana;2022;Prevican-fundo Mun. Prev. Serv. Canarana;Vencimentos e Vantagens Fixas - Pessoal Civil;181643
Canarana;2022;Prevican-fundo Mun. Prev. Serv. Canarana;Obrigações Patronais;51464
Canarana;2022;Prevican-fundo Mun. Prev. Serv. Canarana;Diárias - Civil;4580
Canarana;2022;Prevican-fundo Mun. Prev. Serv. Canarana;Material de Consumo;710
Canarana;2022;Prevican-fundo Mun. Prev. Serv. Canarana;Serviços de Consultoria;27071
Canarana;2022;Prevican-fundo Mun. Prev. Serv. Canarana;Outros Serviços de Terceiros - Pessoa Física;16018
Canarana;2022;Prevican-fundo Mun. Prev. Serv. Canarana;Outros Serviços de Terceiros - Pessoa Jurídica;21698
Canarana;2022;Prevican-fundo Mun. Prev. Serv. Canarana;Serviços de Tecnologia da Informação e Comunicação - Pessoa Jurídica;94674
Canarana;2022;Prevican-fundo Mun. Prev. Serv. Canarana;Obrigações Tributárias e Contributivas;103373
Canarana;2022;Prevican-fundo Mun. Prev. Serv. Canarana;Equipamentos e Material Permanente;7239
Canarana;2022;Prevican-fundo Mun. Prev. Serv. Canarana;Sentenças Judiciais;41647
Canarana;2022;Secretaria Municipal de Juventude Esportes e Lazer;Contratação por Tempo Determinado;321567
Canarana;2022;Secretaria Municipal de Juventude Esportes e Lazer;Vencimentos e Vantagens Fixas - Pessoal Civil;477336
Canarana;2022;Secretaria Municipal de Juventude Esportes e Lazer;Obrigações Patronais;185361
Canarana;2022;Secretaria Municipal de Juventude Esportes e Lazer;Diárias - Civil;106440
Canarana;2022;Secretaria Municipal de Juventude Esportes e Lazer;Material de Consumo;1358202
Canarana;2022;Secretaria Municipal de Juventude Esportes e Lazer;Premiações Culturais, Artísticas, Científicas, Desportivas e Outras;165563
Canarana;2022;Secretaria Municipal de Juventude Esportes e Lazer;Passagens e Despesas com Locomoção;1996
Canarana;2022;Secretaria Municipal de Juventude Esportes e Lazer;Outras Despesas de Pessoal decorrentes de Contratos de Terceirização;272739
Canarana;2022;Secretaria Municipal de Juventude Esportes e Lazer;Outros Serviços de Terceiros - Pessoa Física;111116
Canarana;2022;Secretaria Municipal de Juventude Esportes e Lazer;Outros Serviços de Terceiros - Pessoa Jurídica;988862
Canarana;2022;Secretaria Municipal de Juventude Esportes e Lazer;Contribuições;30000
Canarana;2022;Secretaria Municipal de Juventude Esportes e Lazer;Subvenções Sociais;11000
Canarana;2022;Secretaria Municipal de Juventude Esportes e Lazer;Outros Auxílios Financeiros a Pessoas Físicas;66000
Canarana;2022;Secretaria Municipal de Juventude Esportes e Lazer;Obras e Instalações;284545
Canarana;2022;Secretaria Municipal de Juventude Esportes e Lazer;Equipamentos e Material Permanente;23880
Canarana;2023;Camara Municipal;Vencimentos e Vantagens Fixas - Pessoal Civil;2597887
Canarana;2023;Camara Municipal;Obrigações Patronais;482929
Canarana;2023;Camara Municipal;Diárias - Civil;183510
Canarana;2023;Camara Municipal;Material de Consumo;159703
Canarana;2023;Camara Municipal;Serviços de Consultoria;41734
Canarana;2023;Camara Municipal;Outros Serviços de Terceiros - Pessoa Física;11450
Canarana;2023;Camara Municipal;Outros Serviços de Terceiros - Pessoa Jurídica;262749
Canarana;2023;Camara Municipal;Serviços de Tecnologia da Informação e Comunicação - Pessoa Jurídica;99483
Canarana;2023;Camara Municipal;Contribuições;6400
Canarana;2023;Camara Municipal;Subvenções Sociais;48000
Canarana;2023;Camara Municipal;Auxílio-Alimentação;102910
Canarana;2023;Camara Municipal;Obrigações Tributárias e Contributivas;5695
Canarana;2023;Camara Municipal;Equipamentos e Material Permanente;93349
Canarana;2023;Camara Municipal;Indenizações e Restituições;641638
Canarana;2023;Secretaria Municipal de Educação e Cultura;Contratação por Tempo Determinado;11141955
Canarana;2023;Secretaria Municipal de Educação e Cultura;Vencimentos e Vantagens Fixas - Pessoal Civil;18437208
Canarana;2023;Secretaria Municipal de Educação e Cultura;Obrigações Patronais;4127530
Canarana;2023;Secretaria Municipal de Educação e Cultura;Diárias - Civil;169510
Canarana;2023;Secretaria Municipal de Educação e Cultura;Material de Consumo;7513348
Canarana;2023;Secretaria Municipal de Educação e Cultura;Premiações Culturais, Artísticas, Científicas, Desportivas e Outras;17475
Canarana;2023;Secretaria Municipal de Educação e Cultura;Passagens e Despesas com Locomoção;32820
Canarana;2023;Secretaria Municipal de Educação e Cultura;Outras Despesas de Pessoal decorrentes de Contratos de Terceirização;17745
Canarana;2023;Secretaria Municipal de Educação e Cultura;Outros Serviços de Terceiros - Pessoa Física;76088
Canarana;2023;Secretaria Municipal de Educação e Cultura;Outros Serviços de Terceiros - Pessoa Jurídica;10803622
Canarana;2023;Secretaria Municipal de Educação e Cultura;Serviços de Tecnologia da Informação e Comunicação - Pessoa Jurídica;469651
Canarana;2023;Secretaria Municipal de Educação e Cultura;Contribuições;79500
Canarana;2023;Secretaria Municipal de Educação e Cultura;Obras e Instalações;1418232
Canarana;2023;Secretaria Municipal de Educação e Cultura;Equipamentos e Material Permanente;1005095
Canarana;2023;Secretaria Municipal de Educação e Cultura;Despesas de Exercícios Anteriores;27000
Canarana;2023;Secretaria Municipal de Educação e Cultura;Indenizações e Restituições;313773
Canarana;2023;Secretaria Municipal de Finanças;Contratação por Tempo Determinado;402152
Canarana;2023;Secretaria Municipal de Finanças;Vencimentos e Vantagens Fixas - Pessoal Civil;1669152
Canarana;2023;Secretaria Municipal de Finanças;Obrigações Patronais;304917
Canarana;2023;Secretaria Municipal de Finanças;Diárias - Civil;45400
Canarana;2023;Secretaria Municipal de Finanças;Juros sobre a Dívida por Contrato;1814761
Canarana;2023;Secretaria Municipal de Finanças;Material de Consumo;88203
Canarana;2023;Secretaria Municipal de Finanças;Passagens e Despesas com Locomoção;7741
Canarana;2023;Secretaria Municipal de Finanças;Outros Serviços de Terceiros - Pessoa Física;7500
Canarana;2023;Secretaria Municipal de Finanças;Outros Serviços de Terceiros - Pessoa Jurídica;537312
Canarana;2023;Secretaria Municipal de Finanças;Serviços de Tecnologia da Informação e Comunicação - Pessoa Jurídica;242348
Canarana;2023;Secretaria Municipal de Finanças;Contribuições;155065
Canarana;2023;Secretaria Municipal de Finanças;Obrigações Tributárias e Contributivas;884743
Canarana;2023;Secretaria Municipal de Finanças;Equipamentos e Material Permanente;15260
Canarana;2023;Secretaria Municipal de Finanças;Principal Corrigido da Dívida Contratual Refinanciado;3111534
Canarana;2023;Secretaria Municipal de Finanças;Sentenças Judiciais;5591521
Canarana;2023;Secretaria Municipal de Finanças;Despesas de Exercícios Anteriores;1335711
Canarana;2023;Secretaria Municipal de Finanças;Indenizações e Restituições;3181
Canarana;2023;Secretaria Municipal de Saúde e Saneamento;Contratação por Tempo Determinado;1043001
Canarana;2023;Secretaria Municipal de Saúde e Saneamento;Vencimentos e Vantagens Fixas - Pessoal Civil;15268277
Canarana;2023;Secretaria Municipal de Saúde e Saneamento;Obrigações Patronais;2606645
Canarana;2023;Secretaria Municipal de Saúde e Saneamento;Diárias - Civil;301085
Canarana;2023;Secretaria Municipal de Saúde e Saneamento;Material de Consumo;6517235
Canarana;2023;Secretaria Municipal de Saúde e Saneamento;Passagens e Despesas com Locomoção;8799
Canarana;2023;Secretaria Municipal de Saúde e Saneamento;Outras Despesas de Pessoal decorrentes de Contratos de Terceirização;4851207
Canarana;2023;Secretaria Municipal de Saúde e Saneamento;Outros Serviços de Terceiros - Pessoa Física;290015
Canarana;2023;Secretaria Municipal de Saúde e Saneamento;Outros Serviços de Terceiros - Pessoa Jurídica;16238428
Canarana;2023;Secretaria Municipal de Saúde e Saneamento;Serviços de Tecnologia da Informação e Comunicação - Pessoa Jurídica;317462
Canarana;2023;Secretaria Municipal de Saúde e Saneamento;Contribuições;251500
Canarana;2023;Secretaria Municipal de Saúde e Saneamento;Obras e Instalações;1322587
Canarana;2023;Secretaria Municipal de Saúde e Saneamento;Equipamentos e Material Permanente;930097
Canarana;2023;Secretaria Municipal de Saúde e Saneamento;Rateio Pela Participação em Consórcio Público;1340625
Canarana;2023;Secretaria Municipal de Saúde e Saneamento;Indenizações e Restituições;65109
Canarana;2023;Secretaria Municipal de Saúde e Saneamento;Indenizações e Restituições Trabalhistas;2032037
Canarana;2023;Secretaria Municipal de Esportes e Lazer;Contratação por Tempo Determinado;230797
Canarana;2023;Secretaria Municipal de Esportes e Lazer;Vencimentos e Vantagens Fixas - Pessoal Civil;408805
Canarana;2023;Secretaria Municipal de Esportes e Lazer;Obrigações Patronais;88667
Canarana;2023;Secretaria Municipal de Esportes e Lazer;Diárias - Civil;49080
Canarana;2023;Secretaria Municipal de Esportes e Lazer;Material de Consumo;315689
Canarana;2023;Secretaria Municipal de Esportes e Lazer;Premiações Culturais, Artísticas, Científicas, Desportivas e Outras;119420
Canarana;2023;Secretaria Municipal de Esportes e Lazer;Passagens e Despesas com Locomoção;13900
Canarana;2023;Secretaria Municipal de Esportes e Lazer;Outras Despesas de Pessoal decorrentes de Contratos de Terceirização;715962
Canarana;2023;Secretaria Municipal de Esportes e Lazer;Outros Serviços de Terceiros - Pessoa Física;25300
Canarana;2023;Secretaria Municipal de Esportes e Lazer;Outros Serviços de Terceiros - Pessoa Jurídica;1109212
Canarana;2023;Secretaria Municipal de Esportes e Lazer;Outros Auxílios Financeiros a Pessoas Físicas;35500
Canarana;2023;Secretaria Municipal de Esportes e Lazer;Obras e Instalações;432822
Canarana;2023;Secretaria Municipal de Esportes e Lazer;Equipamentos e Material Permanente;209125
Canarana;2023;Secretaria Mun. de Assistência Social;Contratação por Tempo Determinado;1573688
Canarana;2023;Secretaria Mun. de Assistência Social;Vencimentos e Vantagens Fixas - Pessoal Civil;1002851
Canarana;2023;Secretaria Mun. de Assistência Social;Obrigações Patronais;323961
Canarana;2023;Secretaria Mun. de Assistência Social;Diárias - Civil;61540
Canarana;2023;Secretaria Mun. de Assistência Social;Material de Consumo;987136
Canarana;2023;Secretaria Mun. de Assistência Social;Material, Bem Ou Serviço para Distribuição Gratuita;130112
Canarana;2023;Secretaria Mun. de Assistência Social;Passagens e Despesas com Locomoção;26792
Canarana;2023;Secretaria Mun. de Assistência Social;Outras Despesas de Pessoal decorrentes de Contratos de Terceirização;375485
Canarana;2023;Secretaria Mun. de Assistência Social;Outros Serviços de Terceiros - Pessoa Física;54208
Canarana;2023;Secretaria Mun. de Assistência Social;Outros Serviços de Terceiros - Pessoa Jurídica;1998644
Canarana;2023;Secretaria Mun. de Assistência Social;Serviços de Tecnologia da Informação e Comunicação - Pessoa Jurídica;27750
Canarana;2023;Secretaria Mun. de Assistência Social;Contribuições;42500
Canarana;2023;Secretaria Mun. de Assistência Social;Outros Auxílios Financeiros a Pessoas Físicas;105788
Canarana;2023;Secretaria Mun. de Assistência Social;Equipamentos e Material Permanente;50650
Canarana;2023;Secretaria Mun. de Assistência Social;Despesas de Exercícios Anteriores;9496
Canarana;2023;Secretaria Mun. Desenvol. Sócioeconômico e Turisti;Contratação por Tempo Determinado;316855
Canarana;2023;Secretaria Mun. Desenvol. Sócioeconômico e Turisti;Vencimentos e Vantagens Fixas - Pessoal Civil;23264
Canarana;2023;Secretaria Mun. Desenvol. Sócioeconômico e Turisti;Obrigações Patronais;39986
Canarana;2023;Secretaria Mun. Desenvol. Sócioeconômico e Turisti;Diárias - Civil;61650
Canarana;2023;Secretaria Mun. Desenvol. Sócioeconômico e Turisti;Material de Consumo;61620
Canarana;2023;Secretaria Mun. Desenvol. Sócioeconômico e Turisti;Passagens e Despesas com Locomoção;2750
Canarana;2023;Secretaria Mun. Desenvol. Sócioeconômico e Turisti;Outras Despesas de Pessoal decorrentes de Contratos de Terceirização;975
Canarana;2023;Secretaria Mun. Desenvol. Sócioeconômico e Turisti;Outros Serviços de Terceiros - Pessoa Física;17600
Canarana;2023;Secretaria Mun. Desenvol. Sócioeconômico e Turisti;Outros Serviços de Terceiros - Pessoa Jurídica;1434306
Canarana;2023;Secretaria Mun. Desenvol. Sócioeconômico e Turisti;Serviços de Tecnologia da Informação e Comunicação - Pessoa Jurídica;1000
Canarana;2023;Secretaria Mun. Desenvol. Sócioeconômico e Turisti;Equipamentos e Material Permanente;278245
Canarana;2023;Secretaria Mun. Desenvol. Sócioeconômico e Turisti;Indenizações e Restituições;15956
Canarana;2023;Secretaria Mun. de Administração e Serviços Gerais;Contratação por Tempo Determinado;756612
Canarana;2023;Secretaria Mun. de Administração e Serviços Gerais;Vencimentos e Vantagens Fixas - Pessoal Civil;1079642
Canarana;2023;Secretaria Mun. de Administração e Serviços Gerais;Obrigações Patronais;231989
Canarana;2023;Secretaria Mun. de Administração e Serviços Gerais;Diárias - Civil;16250
Canarana;2023;Secretaria Mun. de Administração e Serviços Gerais;Material de Consumo;696186
Canarana;2023;Secretaria Mun. de Administração e Serviços Gerais;Passagens e Despesas com Locomoção;4267
Canarana;2023;Secretaria Mun. de Administração e Serviços Gerais;Outras Despesas de Pessoal decorrentes de Contratos de Terceirização;624468
Canarana;2023;Secretaria Mun. de Administração e Serviços Gerais;Outros Serviços de Terceiros - Pessoa Física;27740
Canarana;2023;Secretaria Mun. de Administração e Serviços Gerais;Outros Serviços de Terceiros - Pessoa Jurídica;2074965
Canarana;2023;Secretaria Mun. de Administração e Serviços Gerais;Serviços de Tecnologia da Informação e Comunicação - Pessoa Jurídica;274104
Canarana;2023;Secretaria Mun. de Administração e Serviços Gerais;Contribuições;274000
Canarana;2023;Secretaria Mun. de Administração e Serviços Gerais;Equipamentos e Material Permanente;27315
Canarana;2023;Secretaria Mun. de Administração e Serviços Gerais;Sentenças Judiciais;44046
Canarana;2023;Secretaria Mun. de Administração e Serviços Gerais;Despesas de Exercícios Anteriores;58931
Canarana;2023;Secretaria Mun. de Administração e Serviços Gerais;Indenizações e Restituições;35455
Canarana;2023;Secretaria Municipal de Obras, Estradas e Rodagens;Contratação por Tempo Determinado;1155607
Canarana;2023;Secretaria Municipal de Obras, Estradas e Rodagens;Vencimentos e Vantagens Fixas - Pessoal Civil;2832081
Canarana;2023;Secretaria Municipal de Obras, Estradas e Rodagens;Obrigações Patronais;447563
Canarana;2023;Secretaria Municipal de Obras, Estradas e Rodagens;Diárias - Civil;45310
Canarana;2023;Secretaria Municipal de Obras, Estradas e Rodagens;Material de Consumo;8441422
Canarana;2023;Secretaria Municipal de Obras, Estradas e Rodagens;Passagens e Despesas com Locomoção;7500
Canarana;2023;Secretaria Municipal de Obras, Estradas e Rodagens;Outras Despesas de Pessoal decorrentes de Contratos de Terceirização;1882873
Canarana;2023;Secretaria Municipal de Obras, Estradas e Rodagens;Outros Serviços de Terceiros - Pessoa Física;152701
Canarana;2023;Secretaria Municipal de Obras, Estradas e Rodagens;Outros Serviços de Terceiros - Pessoa Jurídica;29549307
Canarana;2023;Secretaria Municipal de Obras, Estradas e Rodagens;Obrigações Tributárias e Contributivas;88
Canarana;2023;Secretaria Municipal de Obras, Estradas e Rodagens;Obras e Instalações;18533236
Canarana;2023;Secretaria Municipal de Obras, Estradas e Rodagens;Equipamentos e Material Permanente;166240
Canarana;2023;Secretaria Municipal de Obras, Estradas e Rodagens;Despesas de Exercícios Anteriores;44521
Canarana;2023;Secretaria Municipal de Obras, Estradas e Rodagens;Indenizações e Restituições;214333
Canarana;2023;Secretaria Mun. de Agricultura e Meio Ambeinte;Contratação por Tempo Determinado;189341
Canarana;2023;Secretaria Mun. de Agricultura e Meio Ambeinte;Vencimentos e Vantagens Fixas - Pessoal Civil;783990
Canarana;2023;Secretaria Mun. de Agricultura e Meio Ambeinte;Obrigações Patronais;132994
Canarana;2023;Secretaria Mun. de Agricultura e Meio Ambeinte;Diárias - Civil;26110
Canarana;2023;Secretaria Mun. de Agricultura e Meio Ambeinte;Material de Consumo;890984
Canarana;2023;Secretaria Mun. de Agricultura e Meio Ambeinte;Outras Despesas de Pessoal decorrentes de Contratos de Terceirização;269275
Canarana;2023;Secretaria Mun. de Agricultura e Meio Ambeinte;Outros Serviços de Terceiros - Pessoa Física;3700
Canarana;2023;Secretaria Mun. de Agricultura e Meio Ambeinte;Outros Serviços de Terceiros - Pessoa Jurídica;584028
Canarana;2023;Secretaria Mun. de Agricultura e Meio Ambeinte;Contribuições;22500
Canarana;2023;Secretaria Mun. de Agricultura e Meio Ambeinte;Equipamentos e Material Permanente;123390
Canarana;2023;Secretaria Mun. de Agricultura e Meio Ambeinte;Despesas de Exercícios Anteriores;2456
Canarana;2023;Secretaria de Gestão Governamental;Contratação por Tempo Determinado;1089582
Canarana;2023;Secretaria de Gestão Governamental;Vencimentos e Vantagens Fixas - Pessoal Civil;1224394
Canarana;2023;Secretaria de Gestão Governamental;Obrigações Patronais;323533
Canarana;2023;Secretaria de Gestão Governamental;Diárias - Civil;175795
Canarana;2023;Secretaria de Gestão Governamental;Material de Consumo;151472
Canarana;2023;Secretaria de Gestão Governamental;Passagens e Despesas com Locomoção;1729
Canarana;2023;Secretaria de Gestão Governamental;Outros Serviços de Terceiros - Pessoa Física;28067
Canarana;2023;Secretaria de Gestão Governamental;Outros Serviços de Terceiros - Pessoa Jurídica;536202
Canarana;2023;Secretaria de Gestão Governamental;Contribuições;20000
Canarana;2023;Secretaria de Gestão Governamental;Equipamentos e Material Permanente;33852
Canarana;2023;Secretaria de Gestão Governamental;Sentenças Judiciais;8530
Canarana;2023;Secretaria de Gestão Governamental;Despesas de Exercícios Anteriores;33
Canarana;2023;Secretaria de Gestão Governamental;Indenizações e Restituições;115322
Canarana;2023;Secretaria de Gestão Governamental;Indenizações e Restituições Trabalhistas;1880
Canarana;2023;Prevican-fundo Mun. Prev. Serv. Canarana;Aposentadorias, Reserva Remunerada e Reformas;6181942
Canarana;2023;Prevican-fundo Mun. Prev. Serv. Canarana;Pensões;1109196
Canarana;2023;Prevican-fundo Mun. Prev. Serv. Canarana;Contratação por Tempo Determinado;23028
Canarana;2023;Prevican-fundo Mun. Prev. Serv. Canarana;Vencimentos e Vantagens Fixas - Pessoal Civil;193841
Canarana;2023;Prevican-fundo Mun. Prev. Serv. Canarana;Obrigações Patronais;22164
Canarana;2023;Prevican-fundo Mun. Prev. Serv. Canarana;Diárias - Civil;1600
Canarana;2023;Prevican-fundo Mun. Prev. Serv. Canarana;Material de Consumo;2834
Canarana;2023;Prevican-fundo Mun. Prev. Serv. Canarana;Serviços de Consultoria;44065
Canarana;2023;Prevican-fundo Mun. Prev. Serv. Canarana;Outros Serviços de Terceiros - Pessoa Física;10640
Canarana;2023;Prevican-fundo Mun. Prev. Serv. Canarana;Outros Serviços de Terceiros - Pessoa Jurídica;27025
Canarana;2023;Prevican-fundo Mun. Prev. Serv. Canarana;Serviços de Tecnologia da Informação e Comunicação - Pessoa Jurídica;97074
Canarana;2023;Prevican-fundo Mun. Prev. Serv. Canarana;Obrigações Tributárias e Contributivas;113708
Canarana;2023;Prevican-fundo Mun. Prev. Serv. Canarana;Equipamentos e Material Permanente;2099
Canarana;2024;Camara Municipal;Vencimentos e Vantagens Fixas - Pessoal Civil;2944446
Canarana;2024;Camara Municipal;Obrigações Patronais;458937
Canarana;2024;Camara Municipal;Diárias - Civil;305741
Canarana;2024;Camara Municipal;Material de Consumo;71779
Canarana;2024;Camara Municipal;Serviços de Consultoria;38524
Canarana;2024;Camara Municipal;Outros Serviços de Terceiros - Pessoa Física;16185
Canarana;2024;Camara Municipal;Outros Serviços de Terceiros - Pessoa Jurídica;260134
Canarana;2024;Camara Municipal;Serviços de Tecnologia da Informação e Comunicação - Pessoa Jurídica;96426
Canarana;2024;Camara Municipal;Contribuições;8000
Canarana;2024;Camara Municipal;Subvenções Sociais;44000
Canarana;2024;Camara Municipal;Auxílio-Alimentação;110166
Canarana;2024;Camara Municipal;Obrigações Tributárias e Contributivas;4779
Canarana;2024;Camara Municipal;Equipamentos e Material Permanente;27355
Canarana;2024;Camara Municipal;Indenizações e Restituições;676406
Canarana;2024;Secretaria Municipal de Educação e Cultura;Contratação por Tempo Determinado;15401002
Canarana;2024;Secretaria Municipal de Educação e Cultura;Vencimentos e Vantagens Fixas - Pessoal Civil;21133626
Canarana;2024;Secretaria Municipal de Educação e Cultura;Obrigações Patronais;2213508
Canarana;2024;Secretaria Municipal de Educação e Cultura;Diárias - Civil;120800
Canarana;2024;Secretaria Municipal de Educação e Cultura;Material de Consumo;7306945
Canarana;2024;Secretaria Municipal de Educação e Cultura;Premiações Culturais, Artísticas, Científicas, Desportivas e Outras;156342
Canarana;2024;Secretaria Municipal de Educação e Cultura;Passagens e Despesas com Locomoção;19251
Canarana;2024;Secretaria Municipal de Educação e Cultura;Outras Despesas de Pessoal decorrentes de Contratos de Terceirização;4059
Canarana;2024;Secretaria Municipal de Educação e Cultura;Outros Serviços de Terceiros - Pessoa Física;78840
Canarana;2024;Secretaria Municipal de Educação e Cultura;Outros Serviços de Terceiros - Pessoa Jurídica;12540404
Canarana;2024;Secretaria Municipal de Educação e Cultura;Serviços de Tecnologia da Informação e Comunicação - Pessoa Jurídica;568553
Canarana;2024;Secretaria Municipal de Educação e Cultura;Contribuições;16035
Canarana;2024;Secretaria Municipal de Educação e Cultura;Obras e Instalações;4618593
Canarana;2024;Secretaria Municipal de Educação e Cultura;Equipamentos e Material Permanente;442410
Canarana;2024;Secretaria Municipal de Educação e Cultura;Despesas de Exercícios Anteriores;1850108
Canarana;2024;Secretaria Municipal de Educação e Cultura;Indenizações e Restituições;154182
Canarana;2024;Secretaria Municipal de Educação e Cultura;Indenizações e Restituições Trabalhistas;21000
Canarana;2024;Secretaria Municipal de Finanças;Contratação por Tempo Determinado;319243
Canarana;2024;Secretaria Municipal de Finanças;Vencimentos e Vantagens Fixas - Pessoal Civil;1737716
Canarana;2024;Secretaria Municipal de Finanças;Obrigações Patronais;77117
Canarana;2024;Secretaria Municipal de Finanças;Diárias - Civil;27000
Canarana;2024;Secretaria Municipal de Finanças;Juros sobre a Dívida por Contrato;1986503
Canarana;2024;Secretaria Municipal de Finanças;Material de Consumo;65948
Canarana;2024;Secretaria Municipal de Finanças;Passagens e Despesas com Locomoção;4603
Canarana;2024;Secretaria Municipal de Finanças;Outros Serviços de Terceiros - Pessoa Física;1150
Canarana;2024;Secretaria Municipal de Finanças;Outros Serviços de Terceiros - Pessoa Jurídica;1259773
Canarana;2024;Secretaria Municipal de Finanças;Serviços de Tecnologia da Informação e Comunicação - Pessoa Jurídica;262208
Canarana;2024;Secretaria Municipal de Finanças;Contribuições;51159
Canarana;2024;Secretaria Municipal de Finanças;Obrigações Tributárias e Contributivas;2028340
Canarana;2024;Secretaria Municipal de Finanças;Equipamentos e Material Permanente;13480
Canarana;2024;Secretaria Municipal de Finanças;Principal da Dívida Contratual Resgatado;168056
Canarana;2024;Secretaria Municipal de Finanças;Principal Corrigido da Dívida Contratual Refinanciado;5598584
Canarana;2024;Secretaria Municipal de Finanças;Sentenças Judiciais;1692821
Canarana;2024;Secretaria Municipal de Finanças;Despesas de Exercícios Anteriores;227324
Canarana;2024;Secretaria Municipal de Finanças;Indenizações e Restituições;110587
Canarana;2024;Secretaria Municipal de Saúde e Saneamento;Contratação por Tempo Determinado;1499226
Canarana;2024;Secretaria Municipal de Saúde e Saneamento;Contribuição a Entidades Fechadas de Previdência;8525
Canarana;2024;Secretaria Municipal de Saúde e Saneamento;Vencimentos e Vantagens Fixas - Pessoal Civil;19788506
Canarana;2024;Secretaria Municipal de Saúde e Saneamento;Obrigações Patronais;816609
Canarana;2024;Secretaria Municipal de Saúde e Saneamento;Diárias - Civil;249290
Canarana;2024;Secretaria Municipal de Saúde e Saneamento;Material de Consumo;7184348
Canarana;2024;Secretaria Municipal de Saúde e Saneamento;Passagens e Despesas com Locomoção;7217
Canarana;2024;Secretaria Municipal de Saúde e Saneamento;Outras Despesas de Pessoal decorrentes de Contratos de Terceirização;12297565
Canarana;2024;Secretaria Municipal de Saúde e Saneamento;Outros Serviços de Terceiros - Pessoa Física;319925
Canarana;2024;Secretaria Municipal de Saúde e Saneamento;Outros Serviços de Terceiros - Pessoa Jurídica;34517168
Canarana;2024;Secretaria Municipal de Saúde e Saneamento;Serviços de Tecnologia da Informação e Comunicação - Pessoa Jurídica;430000
Canarana;2024;Secretaria Municipal de Saúde e Saneamento;Contribuições;152500
Canarana;2024;Secretaria Municipal de Saúde e Saneamento;Obras e Instalações;1068568
Canarana;2024;Secretaria Municipal de Saúde e Saneamento;Equipamentos e Material Permanente;613335
Canarana;2024;Secretaria Municipal de Saúde e Saneamento;Rateio Pela Participação em Consórcio Público;1448101
Canarana;2024;Secretaria Municipal de Saúde e Saneamento;Despesas de Exercícios Anteriores;1571319
Canarana;2024;Secretaria Municipal de Saúde e Saneamento;Indenizações e Restituições;227975
Canarana;2024;Secretaria Municipal de Saúde e Saneamento;Indenizações e Restituições Trabalhistas;1768688
Canarana;2024;Secretaria Municipal de Esportes e Lazer;Contratação por Tempo Determinado;482385
Canarana;2024;Secretaria Municipal de Esportes e Lazer;Vencimentos e Vantagens Fixas - Pessoal Civil;401585
Canarana;2024;Secretaria Municipal de Esportes e Lazer;Obrigações Patronais;52936
Canarana;2024;Secretaria Municipal de Esportes e Lazer;Diárias - Civil;34000
Canarana;2024;Secretaria Municipal de Esportes e Lazer;Material de Consumo;356510
Canarana;2024;Secretaria Municipal de Esportes e Lazer;Premiações Culturais, Artísticas, Científicas, Desportivas e Outras;166360
Canarana;2024;Secretaria Municipal de Esportes e Lazer;Passagens e Despesas com Locomoção;700
Canarana;2024;Secretaria Municipal de Esportes e Lazer;Outras Despesas de Pessoal decorrentes de Contratos de Terceirização;848544
Canarana;2024;Secretaria Municipal de Esportes e Lazer;Outros Serviços de Terceiros - Pessoa Física;34550
Canarana;2024;Secretaria Municipal de Esportes e Lazer;Outros Serviços de Terceiros - Pessoa Jurídica;3426924
Canarana;2024;Secretaria Municipal de Esportes e Lazer;Subvenções Econômicas;2000
Canarana;2024;Secretaria Municipal de Esportes e Lazer;Outros Auxílios Financeiros a Pessoas Físicas;20500
Canarana;2024;Secretaria Municipal de Esportes e Lazer;Obras e Instalações;416231
Canarana;2024;Secretaria Municipal de Esportes e Lazer;Equipamentos e Material Permanente;8760
Canarana;2024;Secretaria Mun. de Assistência Social;Contratação por Tempo Determinado;1585074
Canarana;2024;Secretaria Mun. de Assistência Social;Vencimentos e Vantagens Fixas - Pessoal Civil;1248323
Canarana;2024;Secretaria Mun. de Assistência Social;Obrigações Patronais;194992
Canarana;2024;Secretaria Mun. de Assistência Social;Diárias - Civil;72500
Canarana;2024;Secretaria Mun. de Assistência Social;Material de Consumo;1212886
Canarana;2024;Secretaria Mun. de Assistência Social;Material, Bem Ou Serviço para Distribuição Gratuita;157056
Canarana;2024;Secretaria Mun. de Assistência Social;Passagens e Despesas com Locomoção;9661
Canarana;2024;Secretaria Mun. de Assistência Social;Outras Despesas de Pessoal decorrentes de Contratos de Terceirização;593331
Canarana;2024;Secretaria Mun. de Assistência Social;Outros Serviços de Terceiros - Pessoa Física;36877
Canarana;2024;Secretaria Mun. de Assistência Social;Outros Serviços de Terceiros - Pessoa Jurídica;3203421
Canarana;2024;Secretaria Mun. de Assistência Social;Serviços de Tecnologia da Informação e Comunicação - Pessoa Jurídica;64750
Canarana;2024;Secretaria Mun. de Assistência Social;Contribuições;200000
Canarana;2024;Secretaria Mun. de Assistência Social;Outros Auxílios Financeiros a Pessoas Físicas;266092
Canarana;2024;Secretaria Mun. de Assistência Social;Obras e Instalações;5046998
Canarana;2024;Secretaria Mun. de Assistência Social;Equipamentos e Material Permanente;76673
Canarana;2024;Secretaria Mun. de Assistência Social;Despesas de Exercícios Anteriores;4638
Canarana;2024;Secretaria Mun. de Assistência Social;Indenizações e Restituições;44183
Canarana;2024;Secretaria Mun. Desenvol. Sócioeconômico e Turisti;Contratação por Tempo Determinado;391538
Canarana;2024;Secretaria Mun. Desenvol. Sócioeconômico e Turisti;Obrigações Patronais;30703
Canarana;2024;Secretaria Mun. Desenvol. Sócioeconômico e Turisti;Diárias - Civil;46450
Canarana;2024;Secretaria Mun. Desenvol. Sócioeconômico e Turisti;Material de Consumo;62238
Canarana;2024;Secretaria Mun. Desenvol. Sócioeconômico e Turisti;Outros Serviços de Terceiros - Pessoa Física;6650
Canarana;2024;Secretaria Mun. Desenvol. Sócioeconômico e Turisti;Outros Serviços de Terceiros - Pessoa Jurídica;4731151
Canarana;2024;Secretaria Mun. Desenvol. Sócioeconômico e Turisti;Serviços de Tecnologia da Informação e Comunicação - Pessoa Jurídica;1400
Canarana;2024;Secretaria Mun. Desenvol. Sócioeconômico e Turisti;Equipamentos e Material Permanente;5900
Canarana;2024;Secretaria Mun. Desenvol. Sócioeconômico e Turisti;Indenizações e Restituições;326
Canarana;2024;Secretaria Mun. de Administração e Serviços Gerais;Contratação por Tempo Determinado;827080
Canarana;2024;Secretaria Mun. de Administração e Serviços Gerais;Vencimentos e Vantagens Fixas - Pessoal Civil;1104060
Canarana;2024;Secretaria Mun. de Administração e Serviços Gerais;Obrigações Patronais;557734
Canarana;2024;Secretaria Mun. de Administração e Serviços Gerais;Diárias - Civil;9800
Canarana;2024;Secretaria Mun. de Administração e Serviços Gerais;Material de Consumo;605463
Canarana;2024;Secretaria Mun. de Administração e Serviços Gerais;Passagens e Despesas com Locomoção;600
Canarana;2024;Secretaria Mun. de Administração e Serviços Gerais;Outras Despesas de Pessoal decorrentes de Contratos de Terceirização;1118583
Canarana;2024;Secretaria Mun. de Administração e Serviços Gerais;Outros Serviços de Terceiros - Pessoa Física;50232
Canarana;2024;Secretaria Mun. de Administração e Serviços Gerais;Outros Serviços de Terceiros - Pessoa Jurídica;1809489
Canarana;2024;Secretaria Mun. de Administração e Serviços Gerais;Serviços de Tecnologia da Informação e Comunicação - Pessoa Jurídica;448999
Canarana;2024;Secretaria Mun. de Administração e Serviços Gerais;Contribuições;364403
Canarana;2024;Secretaria Mun. de Administração e Serviços Gerais;Obrigações Tributárias e Contributivas;3107
Canarana;2024;Secretaria Mun. de Administração e Serviços Gerais;Equipamentos e Material Permanente;12050
Canarana;2024;Secretaria Mun. de Administração e Serviços Gerais;Sentenças Judiciais;90678
Canarana;2024;Secretaria Mun. de Administração e Serviços Gerais;Despesas de Exercícios Anteriores;14987
Canarana;2024;Secretaria Mun. de Administração e Serviços Gerais;Indenizações e Restituições Trabalhistas;14000
Canarana;2024;Secretaria Municipal de Obras, Estradas e Rodagens;Contratação por Tempo Determinado;1555883
Canarana;2024;Secretaria Municipal de Obras, Estradas e Rodagens;Vencimentos e Vantagens Fixas - Pessoal Civil;3516373
Canarana;2024;Secretaria Municipal de Obras, Estradas e Rodagens;Obrigações Patronais;212745
Canarana;2024;Secretaria Municipal de Obras, Estradas e Rodagens;Diárias - Civil;8600
Canarana;2024;Secretaria Municipal de Obras, Estradas e Rodagens;Material de Consumo;7843024
Canarana;2024;Secretaria Municipal de Obras, Estradas e Rodagens;Passagens e Despesas com Locomoção;1000
Canarana;2024;Secretaria Municipal de Obras, Estradas e Rodagens;Outras Despesas de Pessoal decorrentes de Contratos de Terceirização;2029364
Canarana;2024;Secretaria Municipal de Obras, Estradas e Rodagens;Outros Serviços de Terceiros - Pessoa Física;140625
Canarana;2024;Secretaria Municipal de Obras, Estradas e Rodagens;Outros Serviços de Terceiros - Pessoa Jurídica;25692505
Canarana;2024;Secretaria Municipal de Obras, Estradas e Rodagens;Obrigações Tributárias e Contributivas;744
Canarana;2024;Secretaria Municipal de Obras, Estradas e Rodagens;Obras e Instalações;6832444
Canarana;2024;Secretaria Municipal de Obras, Estradas e Rodagens;Equipamentos e Material Permanente;3310
Canarana;2024;Secretaria Municipal de Obras, Estradas e Rodagens;Indenizações e Restituições;673466
Canarana;2024;Secretaria Mun. de Agricultura e Meio Ambeinte;Contratação por Tempo Determinado;298053
Canarana;2024;Secretaria Mun. de Agricultura e Meio Ambeinte;Vencimentos e Vantagens Fixas - Pessoal Civil;889032
Canarana;2024;Secretaria Mun. de Agricultura e Meio Ambeinte;Obrigações Patronais;47972
Canarana;2024;Secretaria Mun. de Agricultura e Meio Ambeinte;Diárias - Civil;19660
Canarana;2024;Secretaria Mun. de Agricultura e Meio Ambeinte;Material de Consumo;644316
Canarana;2024;Secretaria Mun. de Agricultura e Meio Ambeinte;Outras Despesas de Pessoal decorrentes de Contratos de Terceirização;271713
Canarana;2024;Secretaria Mun. de Agricultura e Meio Ambeinte;Outros Serviços de Terceiros - Pessoa Física;6400
Canarana;2024;Secretaria Mun. de Agricultura e Meio Ambeinte;Outros Serviços de Terceiros - Pessoa Jurídica;1173268
Canarana;2024;Secretaria Mun. de Agricultura e Meio Ambeinte;Contribuições;109000
Canarana;2024;Secretaria Mun. de Agricultura e Meio Ambeinte;Obras e Instalações;163728
Canarana;2024;Secretaria Mun. de Agricultura e Meio Ambeinte;Equipamentos e Material Permanente;598020
Canarana;2024;Secretaria Mun. de Agricultura e Meio Ambeinte;Indenizações e Restituições;833
Canarana;2024;Secretaria de Gestão Governamental;Contratação por Tempo Determinado;1147095
Canarana;2024;Secretaria de Gestão Governamental;Vencimentos e Vantagens Fixas - Pessoal Civil;1866314
Canarana;2024;Secretaria de Gestão Governamental;Obrigações Patronais;189189
Canarana;2024;Secretaria de Gestão Governamental;Diárias - Civil;104350
Canarana;2024;Secretaria de Gestão Governamental;Outras Despesas Variáveis - Pessoal Civil;60456
Canarana;2024;Secretaria de Gestão Governamental;Material de Consumo;154382
Canarana;2024;Secretaria de Gestão Governamental;Passagens e Despesas com Locomoção;4536
Canarana;2024;Secretaria de Gestão Governamental;Outros Serviços de Terceiros - Pessoa Física;14824
Canarana;2024;Secretaria de Gestão Governamental;Outros Serviços de Terceiros - Pessoa Jurídica;871724
Canarana;2024;Secretaria de Gestão Governamental;Contribuições;20000
Canarana;2024;Secretaria de Gestão Governamental;Equipamentos e Material Permanente;42455
Canarana;2024;Secretaria de Gestão Governamental;Indenizações e Restituições;120720
Canarana;2024;Secretaria de Gestão Governamental;Indenizações e Restituições Trabalhistas;14000
Canarana;2024;Prevican-fundo Mun. Prev. Serv. Canarana;Aposentadorias, Reserva Remunerada e Reformas;7308028
Canarana;2024;Prevican-fundo Mun. Prev. Serv. Canarana;Pensões;1199590
Canarana;2024;Prevican-fundo Mun. Prev. Serv. Canarana;Contratação por Tempo Determinado;31488
Canarana;2024;Prevican-fundo Mun. Prev. Serv. Canarana;Vencimentos e Vantagens Fixas - Pessoal Civil;226179
Canarana;2024;Prevican-fundo Mun. Prev. Serv. Canarana;Obrigações Patronais;27263
Canarana;2024;Prevican-fundo Mun. Prev. Serv. Canarana;Diárias - Civil;9000
Canarana;2024;Prevican-fundo Mun. Prev. Serv. Canarana;Material de Consumo;1379
Canarana;2024;Prevican-fundo Mun. Prev. Serv. Canarana;Serviços de Consultoria;68789
Canarana;2024;Prevican-fundo Mun. Prev. Serv. Canarana;Outros Serviços de Terceiros - Pessoa Física;19405
Canarana;2024;Prevican-fundo Mun. Prev. Serv. Canarana;Outros Serviços de Terceiros - Pessoa Jurídica;13583
Canarana;2024;Prevican-fundo Mun. Prev. Serv. Canarana;Serviços de Tecnologia da Informação e Comunicação - Pessoa Jurídica;33092
Canarana;2024;Prevican-fundo Mun. Prev. Serv. Canarana;Obrigações Tributárias e Contributivas;106785
Canarana;2024;Prevican-fundo Mun. Prev. Serv. Canarana;Equipamentos e Material Permanente;990
Canarana;2024;Prevican-fundo Mun. Prev. Serv. Canarana;Despesas de Exercícios Anteriores;2127
Canarana;2024;Prevican-fundo Mun. Prev. Serv. Canarana;Indenizações e Restituições;8865
Canarana;2025;Camara Municipal;Vencimentos e Vantagens Fixas - Pessoal Civil;3445848
Canarana;2025;Camara Municipal;Obrigações Patronais;585625
Canarana;2025;Camara Municipal;Diárias - Civil;647047
Canarana;2025;Camara Municipal;Outras Despesas Variáveis - Pessoal Civil;6512
Canarana;2025;Camara Municipal;Material de Consumo;131024
Canarana;2025;Camara Municipal;Serviços de Consultoria;56125
Canarana;2025;Camara Municipal;Outros Serviços de Terceiros - Pessoa Física;770
Canarana;2025;Camara Municipal;Outros Serviços de Terceiros - Pessoa Jurídica;464086
Canarana;2025;Camara Municipal;Serviços de Tecnologia da Informação e Comunicação - Pessoa Jurídica;121010
Canarana;2025;Camara Municipal;Contribuições;4800
Canarana;2025;Camara Municipal;Subvenções Sociais;55962
Canarana;2025;Camara Municipal;Auxílio-Alimentação;121467
Canarana;2025;Camara Municipal;Obrigações Tributárias e Contributivas;20415
Canarana;2025;Camara Municipal;Obras e Instalações;55900
Canarana;2025;Camara Municipal;Equipamentos e Material Permanente;204521
Canarana;2025;Camara Municipal;Despesas de Exercícios Anteriores;951
Canarana;2025;Camara Municipal;Indenizações e Restituições;1036691
Canarana;2025;Secretaria Municipal de Educação e Cultura;Contratação por Tempo Determinado;12846258
Canarana;2025;Secretaria Municipal de Educação e Cultura;Vencimentos e Vantagens Fixas - Pessoal Civil;27034077
Canarana;2025;Secretaria Municipal de Educação e Cultura;Obrigações Patronais;7365427
Canarana;2025;Secretaria Municipal de Educação e Cultura;Diárias - Civil;134828
Canarana;2025;Secretaria Municipal de Educação e Cultura;Material de Consumo;8512037
Canarana;2025;Secretaria Municipal de Educação e Cultura;Passagens e Despesas com Locomoção;10976
Canarana;2025;Secretaria Municipal de Educação e Cultura;Outras Despesas de Pessoal decorrentes de Contratos de Terceirização;1331229
Canarana;2025;Secretaria Municipal de Educação e Cultura;Outros Serviços de Terceiros - Pessoa Física;32200
Canarana;2025;Secretaria Municipal de Educação e Cultura;Outros Serviços de Terceiros - Pessoa Jurídica;7676036
Canarana;2025;Secretaria Municipal de Educação e Cultura;Serviços de Tecnologia da Informação e Comunicação - Pessoa Jurídica;1040427
Canarana;2025;Secretaria Municipal de Educação e Cultura;Contribuições;170430
Canarana;2025;Secretaria Municipal de Educação e Cultura;Obras e Instalações;4128712
Canarana;2025;Secretaria Municipal de Educação e Cultura;Equipamentos e Material Permanente;441132
Canarana;2025;Secretaria Municipal de Educação e Cultura;Indenizações e Restituições;341104
Canarana;2025;Secretaria Municipal de Finanças;Contratação por Tempo Determinado;199424
Canarana;2025;Secretaria Municipal de Finanças;Vencimentos e Vantagens Fixas - Pessoal Civil;1739931
Canarana;2025;Secretaria Municipal de Finanças;Obrigações Patronais;380574
Canarana;2025;Secretaria Municipal de Finanças;Diárias - Civil;27800
Canarana;2025;Secretaria Municipal de Finanças;Juros sobre a Dívida por Contrato;1352900
Canarana;2025;Secretaria Municipal de Finanças;Material de Consumo;11692
Canarana;2025;Secretaria Municipal de Finanças;Passagens e Despesas com Locomoção;2900
Canarana;2025;Secretaria Municipal de Finanças;Outros Serviços de Terceiros - Pessoa Jurídica;1649605
Canarana;2025;Secretaria Municipal de Finanças;Serviços de Tecnologia da Informação e Comunicação - Pessoa Jurídica;666796
Canarana;2025;Secretaria Municipal de Finanças;Obrigações Tributárias e Contributivas;1931505
Canarana;2025;Secretaria Municipal de Finanças;Equipamentos e Material Permanente;12249
Canarana;2025;Secretaria Municipal de Finanças;Principal Corrigido da Dívida Contratual Refinanciado;3533671
Canarana;2025;Secretaria Municipal de Finanças;Sentenças Judiciais;2044105
Canarana;2025;Secretaria Municipal de Finanças;Despesas de Exercícios Anteriores;110462
Canarana;2025;Secretaria Municipal de Finanças;Indenizações e Restituições;100570
Canarana;2025;Secretaria Municipal de Saúde e Saneamento;Contratação por Tempo Determinado;713918
Canarana;2025;Secretaria Municipal de Saúde e Saneamento;Contribuição a Entidades Fechadas de Previdência;17923
Canarana;2025;Secretaria Municipal de Saúde e Saneamento;Vencimentos e Vantagens Fixas - Pessoal Civil;22184607
Canarana;2025;Secretaria Municipal de Saúde e Saneamento;Obrigações Patronais;4979626
Canarana;2025;Secretaria Municipal de Saúde e Saneamento;Diárias - Civil;275240
Canarana;2025;Secretaria Municipal de Saúde e Saneamento;Material de Consumo;5600792
Canarana;2025;Secretaria Municipal de Saúde e Saneamento;Material, Bem Ou Serviço para Distribuição Gratuita;122065
Canarana;2025;Secretaria Municipal de Saúde e Saneamento;Passagens e Despesas com Locomoção;4121
Canarana;2025;Secretaria Municipal de Saúde e Saneamento;Outras Despesas de Pessoal decorrentes de Contratos de Terceirização;10778752
Canarana;2025;Secretaria Municipal de Saúde e Saneamento;Outros Serviços de Terceiros - Pessoa Física;298526
Canarana;2025;Secretaria Municipal de Saúde e Saneamento;Outros Serviços de Terceiros - Pessoa Jurídica;10951105
Canarana;2025;Secretaria Municipal de Saúde e Saneamento;Serviços de Tecnologia da Informação e Comunicação - Pessoa Jurídica;299200
Canarana;2025;Secretaria Municipal de Saúde e Saneamento;Contribuições;279500
Canarana;2025;Secretaria Municipal de Saúde e Saneamento;Obras e Instalações;696585
Canarana;2025;Secretaria Municipal de Saúde e Saneamento;Equipamentos e Material Permanente;333871
Canarana;2025;Secretaria Municipal de Saúde e Saneamento;Rateio Pela Participação em Consórcio Público;1787339
Canarana;2025;Secretaria Municipal de Saúde e Saneamento;Despesas de Exercícios Anteriores;12650
Canarana;2025;Secretaria Municipal de Saúde e Saneamento;Indenizações e Restituições;242631
Canarana;2025;Secretaria Municipal de Saúde e Saneamento;Indenizações e Restituições Trabalhistas;2171980
Canarana;2025;Secretaria Municipal de Esportes e Lazer;Contratação por Tempo Determinado;358541
Canarana;2025;Secretaria Municipal de Esportes e Lazer;Vencimentos e Vantagens Fixas - Pessoal Civil;689721
Canarana;2025;Secretaria Municipal de Esportes e Lazer;Obrigações Patronais;199880
Canarana;2025;Secretaria Municipal de Esportes e Lazer;Diárias - Civil;73300
Canarana;2025;Secretaria Municipal de Esportes e Lazer;Material de Consumo;380902
Canarana;2025;Secretaria Municipal de Esportes e Lazer;Premiações Culturais, Artísticas, Científicas, Desportivas e Outras;186774
Canarana;2025;Secretaria Municipal de Esportes e Lazer;Outras Despesas de Pessoal decorrentes de Contratos de Terceirização;493852
Canarana;2025;Secretaria Municipal de Esportes e Lazer;Outros Serviços de Terceiros - Pessoa Jurídica;687094
Canarana;2025;Secretaria Municipal de Esportes e Lazer;Contribuições;40000
Canarana;2025;Secretaria Municipal de Esportes e Lazer;Outros Auxílios Financeiros a Pessoas Físicas;34340
Canarana;2025;Secretaria Municipal de Esportes e Lazer;Obras e Instalações;326467
Canarana;2025;Secretaria Municipal de Esportes e Lazer;Equipamentos e Material Permanente;8850
Canarana;2025;Secretaria Municipal de Esportes e Lazer;Despesas de Exercícios Anteriores;3172
Canarana;2025;Secretaria Municipal de Esportes e Lazer;Indenizações e Restituições;63922
Canarana;2025;Secretaria Mun. de Assistência Social;Contratação por Tempo Determinado;1300161
Canarana;2025;Secretaria Mun. de Assistência Social;Outros Benefícios Assistenciais do servidor e do militar;6572
Canarana;2025;Secretaria Mun. de Assistência Social;Vencimentos e Vantagens Fixas - Pessoal Civil;1145357
Canarana;2025;Secretaria Mun. de Assistência Social;Obrigações Patronais;398533
Canarana;2025;Secretaria Mun. de Assistência Social;Diárias - Civil;98637
Canarana;2025;Secretaria Mun. de Assistência Social;Material de Consumo;463239
Canarana;2025;Secretaria Mun. de Assistência Social;Passagens e Despesas com Locomoção;11947
Canarana;2025;Secretaria Mun. de Assistência Social;Outras Despesas de Pessoal decorrentes de Contratos de Terceirização;695899
Canarana;2025;Secretaria Mun. de Assistência Social;Outros Serviços de Terceiros - Pessoa Física;40800
Canarana;2025;Secretaria Mun. de Assistência Social;Outros Serviços de Terceiros - Pessoa Jurídica;712513
Canarana;2025;Secretaria Mun. de Assistência Social;Serviços de Tecnologia da Informação e Comunicação - Pessoa Jurídica;47006
Canarana;2025;Secretaria Mun. de Assistência Social;Contribuições;32741
Canarana;2025;Secretaria Mun. de Assistência Social;Subvenções Sociais;8437
Canarana;2025;Secretaria Mun. de Assistência Social;Outros Auxílios Financeiros a Pessoas Físicas;194254
Canarana;2025;Secretaria Mun. de Assistência Social;Equipamentos e Material Permanente;186904
Canarana;2025;Secretaria Mun. de Assistência Social;Indenizações e Restituições;63000
Canarana;2025;Secretaria Mun. Desenvol. Sócioeconômico e Turisti;Contratação por Tempo Determinado;432033
Canarana;2025;Secretaria Mun. Desenvol. Sócioeconômico e Turisti;Vencimentos e Vantagens Fixas - Pessoal Civil;109191
Canarana;2025;Secretaria Mun. Desenvol. Sócioeconômico e Turisti;Obrigações Patronais;73661
Canarana;2025;Secretaria Mun. Desenvol. Sócioeconômico e Turisti;Diárias - Civil;37700
Canarana;2025;Secretaria Mun. Desenvol. Sócioeconômico e Turisti;Material de Consumo;136953
Canarana;2025;Secretaria Mun. Desenvol. Sócioeconômico e Turisti;Premiações Culturais, Artísticas, Científicas, Desportivas e Outras;57880
Canarana;2025;Secretaria Mun. Desenvol. Sócioeconômico e Turisti;Passagens e Despesas com Locomoção;8293
Canarana;2025;Secretaria Mun. Desenvol. Sócioeconômico e Turisti;Outras Despesas de Pessoal decorrentes de Contratos de Terceirização;59560
Canarana;2025;Secretaria Mun. Desenvol. Sócioeconômico e Turisti;Outros Serviços de Terceiros - Pessoa Física;12500
Canarana;2025;Secretaria Mun. Desenvol. Sócioeconômico e Turisti;Outros Serviços de Terceiros - Pessoa Jurídica;205720
Canarana;2025;Secretaria Mun. Desenvol. Sócioeconômico e Turisti;Equipamentos e Material Permanente;28067
Canarana;2025;Secretaria Mun. Desenvol. Sócioeconômico e Turisti;Despesas de Exercícios Anteriores;657
Canarana;2025;Secretaria Mun. Desenvol. Sócioeconômico e Turisti;Indenizações e Restituições;89625
Canarana;2025;Secretaria Mun. de Administração e Serviços Gerais;Contratação por Tempo Determinado;725944
Canarana;2025;Secretaria Mun. de Administração e Serviços Gerais;Vencimentos e Vantagens Fixas - Pessoal Civil;936081
Canarana;2025;Secretaria Mun. de Administração e Serviços Gerais;Obrigações Patronais;329632
Canarana;2025;Secretaria Mun. de Administração e Serviços Gerais;Diárias - Civil;24000
Canarana;2025;Secretaria Mun. de Administração e Serviços Gerais;Material de Consumo;209839
Canarana;2025;Secretaria Mun. de Administração e Serviços Gerais;Passagens e Despesas com Locomoção;2700
Canarana;2025;Secretaria Mun. de Administração e Serviços Gerais;Outras Despesas de Pessoal decorrentes de Contratos de Terceirização;1112450
Canarana;2025;Secretaria Mun. de Administração e Serviços Gerais;Outros Serviços de Terceiros - Pessoa Física;20200
Canarana;2025;Secretaria Mun. de Administração e Serviços Gerais;Outros Serviços de Terceiros - Pessoa Jurídica;1930512
Canarana;2025;Secretaria Mun. de Administração e Serviços Gerais;Serviços de Tecnologia da Informação e Comunicação - Pessoa Jurídica;334533
Canarana;2025;Secretaria Mun. de Administração e Serviços Gerais;Contribuições;392309
Canarana;2025;Secretaria Mun. de Administração e Serviços Gerais;Subvenções Sociais;6804
Canarana;2025;Secretaria Mun. de Administração e Serviços Gerais;Equipamentos e Material Permanente;5650
Canarana;2025;Secretaria Mun. de Administração e Serviços Gerais;Sentenças Judiciais;154431
Canarana;2025;Secretaria Mun. de Administração e Serviços Gerais;Despesas de Exercícios Anteriores;1735
Canarana;2025;Secretaria Mun. de Administração e Serviços Gerais;Indenizações e Restituições;149642
Canarana;2025;Secretaria Municipal de Obras, Estradas e Rodagens;Contratação por Tempo Determinado;1036554
Canarana;2025;Secretaria Municipal de Obras, Estradas e Rodagens;Vencimentos e Vantagens Fixas - Pessoal Civil;3946686
Canarana;2025;Secretaria Municipal de Obras, Estradas e Rodagens;Obrigações Patronais;740607
Canarana;2025;Secretaria Municipal de Obras, Estradas e Rodagens;Diárias - Civil;6500
Canarana;2025;Secretaria Municipal de Obras, Estradas e Rodagens;Material de Consumo;8493184
Canarana;2025;Secretaria Municipal de Obras, Estradas e Rodagens;Passagens e Despesas com Locomoção;2000
Canarana;2025;Secretaria Municipal de Obras, Estradas e Rodagens;Outras Despesas de Pessoal decorrentes de Contratos de Terceirização;1670623
Canarana;2025;Secretaria Municipal de Obras, Estradas e Rodagens;Outros Serviços de Terceiros - Pessoa Física;152494
Canarana;2025;Secretaria Municipal de Obras, Estradas e Rodagens;Outros Serviços de Terceiros - Pessoa Jurídica;18249944
Canarana;2025;Secretaria Municipal de Obras, Estradas e Rodagens;Serviços de Tecnologia da Informação e Comunicação - Pessoa Jurídica;27250
Canarana;2025;Secretaria Municipal de Obras, Estradas e Rodagens;Subvenções Sociais;152813
Canarana;2025;Secretaria Municipal de Obras, Estradas e Rodagens;Obrigações Tributárias e Contributivas;84105
Canarana;2025;Secretaria Municipal de Obras, Estradas e Rodagens;Obras e Instalações;2272675
Canarana;2025;Secretaria Municipal de Obras, Estradas e Rodagens;Equipamentos e Material Permanente;20000276
Canarana;2025;Secretaria Municipal de Obras, Estradas e Rodagens;Principal Corrigido da Dívida Contratual Refinanciado;686733
Canarana;2025;Secretaria Municipal de Obras, Estradas e Rodagens;Despesas de Exercícios Anteriores;110723
Canarana;2025;Secretaria Municipal de Obras, Estradas e Rodagens;Indenizações e Restituições;1025219
Canarana;2025;Secretaria Mun. de Agricultura e Meio Ambeinte;Contratação por Tempo Determinado;327120
Canarana;2025;Secretaria Mun. de Agricultura e Meio Ambeinte;Vencimentos e Vantagens Fixas - Pessoal Civil;1028219
Canarana;2025;Secretaria Mun. de Agricultura e Meio Ambeinte;Obrigações Patronais;205092
Canarana;2025;Secretaria Mun. de Agricultura e Meio Ambeinte;Diárias - Civil;16200
Canarana;2025;Secretaria Mun. de Agricultura e Meio Ambeinte;Material de Consumo;314952
Canarana;2025;Secretaria Mun. de Agricultura e Meio Ambeinte;Passagens e Despesas com Locomoção;1148
Canarana;2025;Secretaria Mun. de Agricultura e Meio Ambeinte;Outras Despesas de Pessoal decorrentes de Contratos de Terceirização;309035
Canarana;2025;Secretaria Mun. de Agricultura e Meio Ambeinte;Outros Serviços de Terceiros - Pessoa Física;800
Canarana;2025;Secretaria Mun. de Agricultura e Meio Ambeinte;Outros Serviços de Terceiros - Pessoa Jurídica;578640
Canarana;2025;Secretaria Mun. de Agricultura e Meio Ambeinte;Contribuições;36000
Canarana;2025;Secretaria Mun. de Agricultura e Meio Ambeinte;Equipamentos e Material Permanente;360769
Canarana;2025;Secretaria Mun. de Agricultura e Meio Ambeinte;Despesas de Exercícios Anteriores;2330
Canarana;2025;Secretaria Mun. de Agricultura e Meio Ambeinte;Indenizações e Restituições;243744
Canarana;2025;Secretaria de Gestão Governamental;Contratação por Tempo Determinado;1456413
Canarana;2025;Secretaria de Gestão Governamental;Vencimentos e Vantagens Fixas - Pessoal Civil;1231497
Canarana;2025;Secretaria de Gestão Governamental;Obrigações Patronais;441878
Canarana;2025;Secretaria de Gestão Governamental;Diárias - Civil;214700
Canarana;2025;Secretaria de Gestão Governamental;Outras Despesas Variáveis - Pessoal Civil;10363
Canarana;2025;Secretaria de Gestão Governamental;Material de Consumo;131736
Canarana;2025;Secretaria de Gestão Governamental;Passagens e Despesas com Locomoção;12816
Canarana;2025;Secretaria de Gestão Governamental;Outros Serviços de Terceiros - Pessoa Física;12178
Canarana;2025;Secretaria de Gestão Governamental;Outros Serviços de Terceiros - Pessoa Jurídica;500290
Canarana;2025;Secretaria de Gestão Governamental;Serviços de Tecnologia da Informação e Comunicação - Pessoa Jurídica;15000
Canarana;2025;Secretaria de Gestão Governamental;Equipamentos e Material Permanente;27984
Canarana;2025;Secretaria de Gestão Governamental;Indenizações e Restituições;318428
Canarana;2025;Prevican-fundo Mun. Prev. Serv. Canarana;Aposentadorias, Reserva Remunerada e Reformas;8283869
Canarana;2025;Prevican-fundo Mun. Prev. Serv. Canarana;Pensões;1266034
Canarana;2025;Prevican-fundo Mun. Prev. Serv. Canarana;Contratação por Tempo Determinado;37477
Canarana;2025;Prevican-fundo Mun. Prev. Serv. Canarana;Vencimentos e Vantagens Fixas - Pessoal Civil;279557
Canarana;2025;Prevican-fundo Mun. Prev. Serv. Canarana;Obrigações Patronais;51637
Canarana;2025;Prevican-fundo Mun. Prev. Serv. Canarana;Diárias - Civil;41550
Canarana;2025;Prevican-fundo Mun. Prev. Serv. Canarana;Material de Consumo;7487
Canarana;2025;Prevican-fundo Mun. Prev. Serv. Canarana;Serviços de Consultoria;110200
Canarana;2025;Prevican-fundo Mun. Prev. Serv. Canarana;Outros Serviços de Terceiros - Pessoa Física;42779
Canarana;2025;Prevican-fundo Mun. Prev. Serv. Canarana;Outros Serviços de Terceiros - Pessoa Jurídica;62258
Canarana;2025;Prevican-fundo Mun. Prev. Serv. Canarana;Serviços de Tecnologia da Informação e Comunicação - Pessoa Jurídica;49501
Canarana;2025;Prevican-fundo Mun. Prev. Serv. Canarana;Obrigações Tributárias e Contributivas;158137
Canarana;2025;Prevican-fundo Mun. Prev. Serv. Canarana;Equipamentos e Material Permanente;28483
Canarana;2025;Prevican-fundo Mun. Prev. Serv. Canarana;Compensações a Regimes de Previdência;39872
Canarana;2025;Prevican-fundo Mun. Prev. Serv. Canarana;Sentenças Judiciais;4300
Canarana;2025;Prevican-fundo Mun. Prev. Serv. Canarana;Indenizações e Restituições;1034
Canarana;2026;Câmara Municipal;Vencimentos e Vantagens Fixas - Pessoal Civil;2484816
Canarana;2026;Câmara Municipal;Obrigações Patronais;419775
Canarana;2026;Câmara Municipal;Diárias - Civil;457711
Canarana;2026;Câmara Municipal;Outras Despesas Variáveis - Pessoal Civil;14899
Canarana;2026;Câmara Municipal;Material de Consumo;65564
Canarana;2026;Câmara Municipal;Serviços de Consultoria;52500
Canarana;2026;Câmara Municipal;Outros Serviços de Terceiros - Pessoa Jurídica;271492
Canarana;2026;Câmara Municipal;Serviços de Tecnologia da Informação e Comunicação - Pessoa Jurídica;128701
Canarana;2026;Câmara Municipal;Subvenções Sociais;64000
Canarana;2026;Câmara Municipal;Auxílio-Alimentação;87082
Canarana;2026;Câmara Municipal;Equipamentos e Material Permanente;572799
Canarana;2026;Câmara Municipal;Despesas de Exercícios Anteriores;15873
Canarana;2026;Câmara Municipal;Indenizações e Restituições;830399
Canarana;2026;Secretaria Municipal de Educação e Cultura;Contratação por Tempo Determinado;10205017
Canarana;2026;Secretaria Municipal de Educação e Cultura;Vencimentos e Vantagens Fixas - Pessoal Civil;16878980
Canarana;2026;Secretaria Municipal de Educação e Cultura;Obrigações Patronais;3894852
Canarana;2026;Secretaria Municipal de Educação e Cultura;Diárias - Civil;136100
Canarana;2026;Secretaria Municipal de Educação e Cultura;Material de Consumo;7343468
Canarana;2026;Secretaria Municipal de Educação e Cultura;Premiações Culturais, Artísticas, Científicas, Desportivas e Outras;95543
Canarana;2026;Secretaria Municipal de Educação e Cultura;Outras Despesas de Pessoal decorrentes de Contratos de Terceirização;1407092
Canarana;2026;Secretaria Municipal de Educação e Cultura;Serviços de Consultoria;105250
Canarana;2026;Secretaria Municipal de Educação e Cultura;Outros Serviços de Terceiros - Pessoa Física;24000
Canarana;2026;Secretaria Municipal de Educação e Cultura;Outros Serviços de Terceiros - Pessoa Jurídica;4362954
Canarana;2026;Secretaria Municipal de Educação e Cultura;Serviços de Tecnologia da Informação e Comunicação - Pessoa Jurídica;1275528
Canarana;2026;Secretaria Municipal de Educação e Cultura;Contribuições;41900
Canarana;2026;Secretaria Municipal de Educação e Cultura;Obras e Instalações;1412737
Canarana;2026;Secretaria Municipal de Educação e Cultura;Equipamentos e Material Permanente;2201572
Canarana;2026;Secretaria Municipal de Educação e Cultura;Despesas de Exercícios Anteriores;384946
Canarana;2026;Secretaria Municipal de Educação e Cultura;Indenizações e Restituições;171334
Canarana;2026;Secretaria Municipal de Educação e Cultura;Aporte para Cobertura do Déficit Atuarial do RPPS;1280759
Canarana;2026;Secretaria Municipal de Finanças;Contratação por Tempo Determinado;147285
Canarana;2026;Secretaria Municipal de Finanças;Vencimentos e Vantagens Fixas - Pessoal Civil;1305981
Canarana;2026;Secretaria Municipal de Finanças;Obrigações Patronais;164802
Canarana;2026;Secretaria Municipal de Finanças;Diárias - Civil;32920
Canarana;2026;Secretaria Municipal de Finanças;Juros sobre a Dívida por Contrato;3717513
Canarana;2026;Secretaria Municipal de Finanças;Outros Encargos sobre a Dívida por Contrato;8762
Canarana;2026;Secretaria Municipal de Finanças;Material de Consumo;16616
Canarana;2026;Secretaria Municipal de Finanças;Premiações Culturais, Artísticas, Científicas, Desportivas e Outras;59888
Canarana;2026;Secretaria Municipal de Finanças;Outras Despesas de Pessoal decorrentes de Contratos de Terceirização;42393
Canarana;2026;Secretaria Municipal de Finanças;Serviços de Consultoria;257997
Canarana;2026;Secretaria Municipal de Finanças;Outros Serviços de Terceiros - Pessoa Jurídica;380066
Canarana;2026;Secretaria Municipal de Finanças;Serviços de Tecnologia da Informação e Comunicação - Pessoa Jurídica;541182
Canarana;2026;Secretaria Municipal de Finanças;Subvenções Sociais;1127
Canarana;2026;Secretaria Municipal de Finanças;Obrigações Tributárias e Contributivas;1519191
Canarana;2026;Secretaria Municipal de Finanças;Equipamentos e Material Permanente;27318
Canarana;2026;Secretaria Municipal de Finanças;Principal Corrigido da Dívida Contratual Refinanciado;2399590
Canarana;2026;Secretaria Municipal de Finanças;Sentenças Judiciais;1280063
Canarana;2026;Secretaria Municipal de Finanças;Despesas de Exercícios Anteriores;228844
Canarana;2026;Secretaria Municipal de Finanças;Indenizações e Restituições;58386
Canarana;2026;Secretaria Municipal de Finanças;Aporte para Cobertura do Déficit Atuarial do RPPS;85559
Canarana;2026;Secretaria Municipal de Saúde e Saneamento;Contratação por Tempo Determinado;428769
Canarana;2026;Secretaria Municipal de Saúde e Saneamento;Contribuição a Entidades Fechadas de Previdência;3340
Canarana;2026;Secretaria Municipal de Saúde e Saneamento;Vencimentos e Vantagens Fixas - Pessoal Civil;14400209
Canarana;2026;Secretaria Municipal de Saúde e Saneamento;Obrigações Patronais;1703388
Canarana;2026;Secretaria Municipal de Saúde e Saneamento;Diárias - Civil;181250
Canarana;2026;Secretaria Municipal de Saúde e Saneamento;Material de Consumo;5963422
Canarana;2026;Secretaria Municipal de Saúde e Saneamento;Material, Bem Ou Serviço para Distribuição Gratuita;110647
Canarana;2026;Secretaria Municipal de Saúde e Saneamento;Outras Despesas de Pessoal decorrentes de Contratos de Terceirização;6908155
Canarana;2026;Secretaria Municipal de Saúde e Saneamento;Serviços de Consultoria;152527
Canarana;2026;Secretaria Municipal de Saúde e Saneamento;Outros Serviços de Terceiros - Pessoa Física;166340
Canarana;2026;Secretaria Municipal de Saúde e Saneamento;Outros Serviços de Terceiros - Pessoa Jurídica;11368892
Canarana;2026;Secretaria Municipal de Saúde e Saneamento;Serviços de Tecnologia da Informação e Comunicação - Pessoa Jurídica;965220
Canarana;2026;Secretaria Municipal de Saúde e Saneamento;Contribuições;440070
Canarana;2026;Secretaria Municipal de Saúde e Saneamento;Subvenções Sociais;5628421
Canarana;2026;Secretaria Municipal de Saúde e Saneamento;Obras e Instalações;317301
Canarana;2026;Secretaria Municipal de Saúde e Saneamento;Equipamentos e Material Permanente;1572442
Canarana;2026;Secretaria Municipal de Saúde e Saneamento;Rateio Pela Participação em Consórcio Público;1478007
Canarana;2026;Secretaria Municipal de Saúde e Saneamento;Despesas de Exercícios Anteriores;18905
Canarana;2026;Secretaria Municipal de Saúde e Saneamento;Indenizações e Restituições;136386
Canarana;2026;Secretaria Municipal de Saúde e Saneamento;Indenizações e Restituições Trabalhistas;1292680
Canarana;2026;Secretaria Municipal de Saúde e Saneamento;Aporte para Cobertura do Déficit Atuarial do RPPS;1008002
Canarana;2026;Secretaria Municipal de Esportes e Lazer;Contratação por Tempo Determinado;243141
Canarana;2026;Secretaria Municipal de Esportes e Lazer;Vencimentos e Vantagens Fixas - Pessoal Civil;565809
Canarana;2026;Secretaria Municipal de Esportes e Lazer;Obrigações Patronais;107820
Canarana;2026;Secretaria Municipal de Esportes e Lazer;Diárias - Civil;57800
Canarana;2026;Secretaria Municipal de Esportes e Lazer;Material de Consumo;660179
Canarana;2026;Secretaria Municipal de Esportes e Lazer;Premiações Culturais, Artísticas, Científicas, Desportivas e Outras;327600
Canarana;2026;Secretaria Municipal de Esportes e Lazer;Outras Despesas de Pessoal decorrentes de Contratos de Terceirização;586889
Canarana;2026;Secretaria Municipal de Esportes e Lazer;Outros Serviços de Terceiros - Pessoa Física;800
Canarana;2026;Secretaria Municipal de Esportes e Lazer;Outros Serviços de Terceiros - Pessoa Jurídica;1190875
Canarana;2026;Secretaria Municipal de Esportes e Lazer;Contribuições;40000
Canarana;2026;Secretaria Municipal de Esportes e Lazer;Outros Auxílios Financeiros a Pessoas Físicas;12600
Canarana;2026;Secretaria Municipal de Esportes e Lazer;Obras e Instalações;145472
Canarana;2026;Secretaria Municipal de Esportes e Lazer;Despesas de Exercícios Anteriores;3663
Canarana;2026;Secretaria Municipal de Esportes e Lazer;Indenizações e Restituições;126451
Canarana;2026;Secretaria Municipal de Esportes e Lazer;Aporte para Cobertura do Déficit Atuarial do RPPS;39933
Canarana;2026;Secretaria Mun. de Assistência Social;Contratação por Tempo Determinado;991306
Canarana;2026;Secretaria Mun. de Assistência Social;Outros Benefícios Assistenciais do servidor e do militar;6356
Canarana;2026;Secretaria Mun. de Assistência Social;Vencimentos e Vantagens Fixas - Pessoal Civil;752202
Canarana;2026;Secretaria Mun. de Assistência Social;Obrigações Patronais;244202
Canarana;2026;Secretaria Mun. de Assistência Social;Diárias - Civil;78100
Canarana;2026;Secretaria Mun. de Assistência Social;Material de Consumo;376747
Canarana;2026;Secretaria Mun. de Assistência Social;Material, Bem Ou Serviço para Distribuição Gratuita;6442
Canarana;2026;Secretaria Mun. de Assistência Social;Outras Despesas de Pessoal decorrentes de Contratos de Terceirização;477580
Canarana;2026;Secretaria Mun. de Assistência Social;Outros Serviços de Terceiros - Pessoa Física;31200
Canarana;2026;Secretaria Mun. de Assistência Social;Outros Serviços de Terceiros - Pessoa Jurídica;704690
Canarana;2026;Secretaria Mun. de Assistência Social;Serviços de Tecnologia da Informação e Comunicação - Pessoa Jurídica;24034
Canarana;2026;Secretaria Mun. de Assistência Social;Contribuições;100000
Canarana;2026;Secretaria Mun. de Assistência Social;Subvenções Sociais;118409
Canarana;2026;Secretaria Mun. de Assistência Social;Outros Auxílios Financeiros a Pessoas Físicas;227289
Canarana;2026;Secretaria Mun. de Assistência Social;Equipamentos e Material Permanente;48151
Canarana;2026;Secretaria Mun. de Assistência Social;Aquisição de Imóveis;1000000
Canarana;2026;Secretaria Mun. de Assistência Social;Despesas de Exercícios Anteriores;991
Canarana;2026;Secretaria Mun. de Assistência Social;Indenizações e Restituições;82777
Canarana;2026;Secretaria Mun. de Assistência Social;Aporte para Cobertura do Déficit Atuarial do RPPS;53688
Canarana;2026;Secretaria Mun. Desenvol. Sócioeconômico e Turisti;Contratação por Tempo Determinado;353253
Canarana;2026;Secretaria Mun. Desenvol. Sócioeconômico e Turisti;Vencimentos e Vantagens Fixas - Pessoal Civil;189081
Canarana;2026;Secretaria Mun. Desenvol. Sócioeconômico e Turisti;Obrigações Patronais;81437
Canarana;2026;Secretaria Mun. Desenvol. Sócioeconômico e Turisti;Diárias - Civil;43400
Canarana;2026;Secretaria Mun. Desenvol. Sócioeconômico e Turisti;Material de Consumo;184431
Canarana;2026;Secretaria Mun. Desenvol. Sócioeconômico e Turisti;Outras Despesas de Pessoal decorrentes de Contratos de Terceirização;82281
Canarana;2026;Secretaria Mun. Desenvol. Sócioeconômico e Turisti;Outros Serviços de Terceiros - Pessoa Física;800
Canarana;2026;Secretaria Mun. Desenvol. Sócioeconômico e Turisti;Outros Serviços de Terceiros - Pessoa Jurídica;1454852
Canarana;2026;Secretaria Mun. Desenvol. Sócioeconômico e Turisti;Auxílios;50000
Canarana;2026;Secretaria Mun. Desenvol. Sócioeconômico e Turisti;Subvenções Sociais;1574
Canarana;2026;Secretaria Mun. Desenvol. Sócioeconômico e Turisti;Equipamentos e Material Permanente;3559
Canarana;2026;Secretaria Mun. Desenvol. Sócioeconômico e Turisti;Despesas de Exercícios Anteriores;147
Canarana;2026;Secretaria Mun. Desenvol. Sócioeconômico e Turisti;Indenizações e Restituições;58386
Canarana;2026;Secretaria Mun. Desenvol. Sócioeconômico e Turisti;Aporte para Cobertura do Déficit Atuarial do RPPS;11001
Canarana;2026;Secretaria Mun. de Administração e Serviços Gerais;Contratação por Tempo Determinado;563843
Canarana;2026;Secretaria Mun. de Administração e Serviços Gerais;Vencimentos e Vantagens Fixas - Pessoal Civil;562099
Canarana;2026;Secretaria Mun. de Administração e Serviços Gerais;Obrigações Patronais;211978
Canarana;2026;Secretaria Mun. de Administração e Serviços Gerais;Diárias - Civil;23500
Canarana;2026;Secretaria Mun. de Administração e Serviços Gerais;Material de Consumo;203824
Canarana;2026;Secretaria Mun. de Administração e Serviços Gerais;Outras Despesas de Pessoal decorrentes de Contratos de Terceirização;834045
Canarana;2026;Secretaria Mun. de Administração e Serviços Gerais;Serviços de Consultoria;169064
Canarana;2026;Secretaria Mun. de Administração e Serviços Gerais;Outros Serviços de Terceiros - Pessoa Física;12812
Canarana;2026;Secretaria Mun. de Administração e Serviços Gerais;Outros Serviços de Terceiros - Pessoa Jurídica;1731940
Canarana;2026;Secretaria Mun. de Administração e Serviços Gerais;Serviços de Tecnologia da Informação e Comunicação - Pessoa Jurídica;138680
Canarana;2026;Secretaria Mun. de Administração e Serviços Gerais;Contribuições;261030
Canarana;2026;Secretaria Mun. de Administração e Serviços Gerais;Subvenções Sociais;12691
Canarana;2026;Secretaria Mun. de Administração e Serviços Gerais;Equipamentos e Material Permanente;34922
Canarana;2026;Secretaria Mun. de Administração e Serviços Gerais;Sentenças Judiciais;57631
Canarana;2026;Secretaria Mun. de Administração e Serviços Gerais;Despesas de Exercícios Anteriores;328
Canarana;2026;Secretaria Mun. de Administração e Serviços Gerais;Indenizações e Restituições;64733
Canarana;2026;Secretaria Mun. de Administração e Serviços Gerais;Aporte para Cobertura do Déficit Atuarial do RPPS;37831
Canarana;2026;Secretaria Municipal de Obras, Estradas e Rodagens;Contratação por Tempo Determinado;798917
Canarana;2026;Secretaria Municipal de Obras, Estradas e Rodagens;Vencimentos e Vantagens Fixas - Pessoal Civil;2606399
Canarana;2026;Secretaria Municipal de Obras, Estradas e Rodagens;Obrigações Patronais;348538
Canarana;2026;Secretaria Municipal de Obras, Estradas e Rodagens;Diárias - Civil;40900
Canarana;2026;Secretaria Municipal de Obras, Estradas e Rodagens;Material de Consumo;4224908
Canarana;2026;Secretaria Municipal de Obras, Estradas e Rodagens;Outras Despesas de Pessoal decorrentes de Contratos de Terceirização;1531156
Canarana;2026;Secretaria Municipal de Obras, Estradas e Rodagens;Outros Serviços de Terceiros - Pessoa Física;142117
Canarana;2026;Secretaria Municipal de Obras, Estradas e Rodagens;Outros Serviços de Terceiros - Pessoa Jurídica;8148871
Canarana;2026;Secretaria Municipal de Obras, Estradas e Rodagens;Serviços de Tecnologia da Informação e Comunicação - Pessoa Jurídica;45000
Canarana;2026;Secretaria Municipal de Obras, Estradas e Rodagens;Subvenções Sociais;2357427
Canarana;2026;Secretaria Municipal de Obras, Estradas e Rodagens;Obrigações Tributárias e Contributivas;593
Canarana;2026;Secretaria Municipal de Obras, Estradas e Rodagens;Obras e Instalações;1252654
Canarana;2026;Secretaria Municipal de Obras, Estradas e Rodagens;Equipamentos e Material Permanente;75482
Canarana;2026;Secretaria Municipal de Obras, Estradas e Rodagens;Despesas de Exercícios Anteriores;1105
Canarana;2026;Secretaria Municipal de Obras, Estradas e Rodagens;Indenizações e Restituições;63082
Canarana;2026;Secretaria Municipal de Obras, Estradas e Rodagens;Aporte para Cobertura do Déficit Atuarial do RPPS;125719
Canarana;2026;Secretaria Mun. de Agricultura e Meio Ambeinte;Contratação por Tempo Determinado;328904
Canarana;2026;Secretaria Mun. de Agricultura e Meio Ambeinte;Vencimentos e Vantagens Fixas - Pessoal Civil;701996
Canarana;2026;Secretaria Mun. de Agricultura e Meio Ambeinte;Obrigações Patronais;100015
Canarana;2026;Secretaria Mun. de Agricultura e Meio Ambeinte;Diárias - Civil;4500
Canarana;2026;Secretaria Mun. de Agricultura e Meio Ambeinte;Material de Consumo;209159
Canarana;2026;Secretaria Mun. de Agricultura e Meio Ambeinte;Outras Despesas de Pessoal decorrentes de Contratos de Terceirização;391249
Canarana;2026;Secretaria Mun. de Agricultura e Meio Ambeinte;Outros Serviços de Terceiros - Pessoa Física;36920
Canarana;2026;Secretaria Mun. de Agricultura e Meio Ambeinte;Outros Serviços de Terceiros - Pessoa Jurídica;565728
Canarana;2026;Secretaria Mun. de Agricultura e Meio Ambeinte;Serviços de Tecnologia da Informação e Comunicação - Pessoa Jurídica;1222
Canarana;2026;Secretaria Mun. de Agricultura e Meio Ambeinte;Contribuições;33395
Canarana;2026;Secretaria Mun. de Agricultura e Meio Ambeinte;Despesas de Exercícios Anteriores;1842
Canarana;2026;Secretaria Mun. de Agricultura e Meio Ambeinte;Indenizações e Restituições;91321
Canarana;2026;Secretaria Mun. de Agricultura e Meio Ambeinte;Aporte para Cobertura do Déficit Atuarial do RPPS;37530
Canarana;2026;Secretaria de Gestão Governamental;Contratação por Tempo Determinado;1189499
Canarana;2026;Secretaria de Gestão Governamental;Vencimentos e Vantagens Fixas - Pessoal Civil;745943
Canarana;2026;Secretaria de Gestão Governamental;Obrigações Patronais;297642
Canarana;2026;Secretaria de Gestão Governamental;Diárias - Civil;213246
Canarana;2026;Secretaria de Gestão Governamental;Outras Despesas Variáveis - Pessoal Civil;27633
Canarana;2026;Secretaria de Gestão Governamental;Material de Consumo;208096
Canarana;2026;Secretaria de Gestão Governamental;Outras Despesas de Pessoal decorrentes de Contratos de Terceirização;467497
Canarana;2026;Secretaria de Gestão Governamental;Outros Serviços de Terceiros - Pessoa Física;6124
Canarana;2026;Secretaria de Gestão Governamental;Outros Serviços de Terceiros - Pessoa Jurídica;767089
Canarana;2026;Secretaria de Gestão Governamental;Serviços de Tecnologia da Informação e Comunicação - Pessoa Jurídica;2600
Canarana;2026;Secretaria de Gestão Governamental;Equipamentos e Material Permanente;38003
Canarana;2026;Secretaria de Gestão Governamental;Despesas de Exercícios Anteriores;3552
Canarana;2026;Secretaria de Gestão Governamental;Indenizações e Restituições;266906
Canarana;2026;Secretaria de Gestão Governamental;Aporte para Cobertura do Déficit Atuarial do RPPS;51314
Canarana;2026;Prevican-funco Mun.prev. Serv. Canarana;Aposentadorias, Reserva Remunerada e Reformas;6054687
Canarana;2026;Prevican-funco Mun.prev. Serv. Canarana;Pensões;827875
Canarana;2026;Prevican-funco Mun.prev. Serv. Canarana;Contratação por Tempo Determinado;22872
Canarana;2026;Prevican-funco Mun.prev. Serv. Canarana;Vencimentos e Vantagens Fixas - Pessoal Civil;279630
Canarana;2026;Prevican-funco Mun.prev. Serv. Canarana;Obrigações Patronais;26451
Canarana;2026;Prevican-funco Mun.prev. Serv. Canarana;Diárias - Civil;33700
Canarana;2026;Prevican-funco Mun.prev. Serv. Canarana;Material de Consumo;8450
Canarana;2026;Prevican-funco Mun.prev. Serv. Canarana;Serviços de Consultoria;29716
Canarana;2026;Prevican-funco Mun.prev. Serv. Canarana;Outros Serviços de Terceiros - Pessoa Física;17090
Canarana;2026;Prevican-funco Mun.prev. Serv. Canarana;Arrendamento Mercantil;250
Canarana;2026;Prevican-funco Mun.prev. Serv. Canarana;Outros Serviços de Terceiros - Pessoa Jurídica;49722
Canarana;2026;Prevican-funco Mun.prev. Serv. Canarana;Serviços de Tecnologia da Informação e Comunicação - Pessoa Jurídica;94446
Canarana;2026;Prevican-funco Mun.prev. Serv. Canarana;Obrigações Tributárias e Contributivas;5398
Canarana;2026;Prevican-funco Mun.prev. Serv. Canarana;Compensações a Regimes de Previdência;63450
Canarana;2026;Prevican-funco Mun.prev. Serv. Canarana;Sentenças Judiciais;22071
Canarana;2026;Prevican-funco Mun.prev. Serv. Canarana;Despesas de Exercícios Anteriores;174
Canarana;2026;Prevican-funco Mun.prev. Serv. Canarana;Indenizações e Restituições;362
Canarana;2026;Prevican-funco Mun.prev. Serv. Canarana;Aporte para Cobertura do Déficit Atuarial do RPPS;11145
Ribeirão Cascalheira;2021;Gabinete do Prefeito;Contratação por Tempo Determinado;515914
Ribeirão Cascalheira;2021;Gabinete do Prefeito;Vencimentos e Vantagens Fixas - Pessoal Civil;355701
Ribeirão Cascalheira;2021;Gabinete do Prefeito;Obrigações Patronais;174916
Ribeirão Cascalheira;2021;Gabinete do Prefeito;Diárias - Civil;26810
Ribeirão Cascalheira;2021;Gabinete do Prefeito;Material de Consumo;96829
Ribeirão Cascalheira;2021;Gabinete do Prefeito;Serviços de Consultoria;44000
Ribeirão Cascalheira;2021;Gabinete do Prefeito;Outros Serviços de Terceiros - Pessoa Física;63203
Ribeirão Cascalheira;2021;Gabinete do Prefeito;Outros Serviços de Terceiros - Pessoa Jurídica;101397
Ribeirão Cascalheira;2021;Gabinete do Prefeito;Equipamentos e Material Permanente;168237
Ribeirão Cascalheira;2021;Gabinete do Prefeito;Indenizações e Restituições;45933
Ribeirão Cascalheira;2021;Gabinete do Prefeito;Indenizações e Restituições Trabalhistas;43868
Ribeirão Cascalheira;2021;Camara Municipal;Vencimentos e Vantagens Fixas - Pessoal Civil;731667
Ribeirão Cascalheira;2021;Camara Municipal;Obrigações Patronais;95089
Ribeirão Cascalheira;2021;Camara Municipal;Diárias - Civil;56800
Ribeirão Cascalheira;2021;Camara Municipal;Material de Consumo;19861
Ribeirão Cascalheira;2021;Camara Municipal;Outros Serviços de Terceiros - Pessoa Física;51303
Ribeirão Cascalheira;2021;Camara Municipal;Outros Serviços de Terceiros - Pessoa Jurídica;161030
Ribeirão Cascalheira;2021;Camara Municipal;Equipamentos e Material Permanente;37707
Ribeirão Cascalheira;2021;Camara Municipal;Indenizações e Restituições;378000
Ribeirão Cascalheira;2021;Secretaria Municipal de Assistencia Social;Contratação por Tempo Determinado;378278
Ribeirão Cascalheira;2021;Secretaria Municipal de Assistencia Social;Vencimentos e Vantagens Fixas - Pessoal Civil;189135
Ribeirão Cascalheira;2021;Secretaria Municipal de Assistencia Social;Obrigações Patronais;118723
Ribeirão Cascalheira;2021;Secretaria Municipal de Assistencia Social;Diárias - Civil;14300
Ribeirão Cascalheira;2021;Secretaria Municipal de Assistencia Social;Material de Consumo;102896
Ribeirão Cascalheira;2021;Secretaria Municipal de Assistencia Social;Outros Serviços de Terceiros - Pessoa Física;27298
Ribeirão Cascalheira;2021;Secretaria Municipal de Assistencia Social;Outros Serviços de Terceiros - Pessoa Jurídica;197011
Ribeirão Cascalheira;2021;Secretaria Municipal de Assistencia Social;Equipamentos e Material Permanente;53350
Ribeirão Cascalheira;2021;Secretaria Municipal de Assistencia Social;Indenizações e Restituições;32500
Ribeirão Cascalheira;2021;Secretaria Municipal de Assistencia Social;Indenizações e Restituições Trabalhistas;48151
Ribeirão Cascalheira;2021;Secretaria Municipal de Saude;Contratação por Tempo Determinado;1088872
Ribeirão Cascalheira;2021;Secretaria Municipal de Saude;Vencimentos e Vantagens Fixas - Pessoal Civil;2347185
Ribeirão Cascalheira;2021;Secretaria Municipal de Saude;Obrigações Patronais;707036
Ribeirão Cascalheira;2021;Secretaria Municipal de Saude;Diárias - Civil;14875
Ribeirão Cascalheira;2021;Secretaria Municipal de Saude;Material de Consumo;1965963
Ribeirão Cascalheira;2021;Secretaria Municipal de Saude;Passagens e Despesas com Locomoção;50141
Ribeirão Cascalheira;2021;Secretaria Municipal de Saude;Outros Serviços de Terceiros - Pessoa Física;350637
Ribeirão Cascalheira;2021;Secretaria Municipal de Saude;Outros Serviços de Terceiros - Pessoa Jurídica;5607341
Ribeirão Cascalheira;2021;Secretaria Municipal de Saude;Contribuições;319979
Ribeirão Cascalheira;2021;Secretaria Municipal de Saude;Equipamentos e Material Permanente;169747
Ribeirão Cascalheira;2021;Secretaria Municipal de Saude;Despesas de Exercícios Anteriores;26966
Ribeirão Cascalheira;2021;Secretaria Municipal de Saude;Indenizações e Restituições;45451
Ribeirão Cascalheira;2021;Secretaria Municipal de Saude;Indenizações e Restituições Trabalhistas;161447
Ribeirão Cascalheira;2021;Secretaria Municipal de Infra Estrutura;Contratação por Tempo Determinado;1147173
Ribeirão Cascalheira;2021;Secretaria Municipal de Infra Estrutura;Vencimentos e Vantagens Fixas - Pessoal Civil;434504
Ribeirão Cascalheira;2021;Secretaria Municipal de Infra Estrutura;Obrigações Patronais;275511
Ribeirão Cascalheira;2021;Secretaria Municipal de Infra Estrutura;Material de Consumo;2289769
Ribeirão Cascalheira;2021;Secretaria Municipal de Infra Estrutura;Outros Serviços de Terceiros - Pessoa Física;108621
Ribeirão Cascalheira;2021;Secretaria Municipal de Infra Estrutura;Outros Serviços de Terceiros - Pessoa Jurídica;3086285
Ribeirão Cascalheira;2021;Secretaria Municipal de Infra Estrutura;Obras e Instalações;677120
Ribeirão Cascalheira;2021;Secretaria Municipal de Infra Estrutura;Equipamentos e Material Permanente;58338
Ribeirão Cascalheira;2021;Secretaria Municipal de Infra Estrutura;Indenizações e Restituições;32500
Ribeirão Cascalheira;2021;Secretaria Municipal de Infra Estrutura;Indenizações e Restituições Trabalhistas;269443
Ribeirão Cascalheira;2021;Secretaria Municipal de Administração;Contratação por Tempo Determinado;313195
Ribeirão Cascalheira;2021;Secretaria Municipal de Administração;Vencimentos e Vantagens Fixas - Pessoal Civil;1028845
Ribeirão Cascalheira;2021;Secretaria Municipal de Administração;Obrigações Patronais;292664
Ribeirão Cascalheira;2021;Secretaria Municipal de Administração;Diárias - Civil;1635
Ribeirão Cascalheira;2021;Secretaria Municipal de Administração;Material de Consumo;66090
Ribeirão Cascalheira;2021;Secretaria Municipal de Administração;Outros Serviços de Terceiros - Pessoa Física;51777
Ribeirão Cascalheira;2021;Secretaria Municipal de Administração;Outros Serviços de Terceiros - Pessoa Jurídica;2100269
Ribeirão Cascalheira;2021;Secretaria Municipal de Administração;Equipamentos e Material Permanente;20154
Ribeirão Cascalheira;2021;Secretaria Municipal de Administração;Despesas de Exercícios Anteriores;189340
Ribeirão Cascalheira;2021;Secretaria Municipal de Administração;Indenizações e Restituições;65000
Ribeirão Cascalheira;2021;Secretaria Municipal de Administração;Indenizações e Restituições Trabalhistas;60829
Ribeirão Cascalheira;2021;Secretaria Municipal de Agricultura;Contratação por Tempo Determinado;67767
Ribeirão Cascalheira;2021;Secretaria Municipal de Agricultura;Vencimentos e Vantagens Fixas - Pessoal Civil;196425
Ribeirão Cascalheira;2021;Secretaria Municipal de Agricultura;Obrigações Patronais;53567
Ribeirão Cascalheira;2021;Secretaria Municipal de Agricultura;Material de Consumo;10340
Ribeirão Cascalheira;2021;Secretaria Municipal de Agricultura;Outros Serviços de Terceiros - Pessoa Física;1596
Ribeirão Cascalheira;2021;Secretaria Municipal de Agricultura;Outros Serviços de Terceiros - Pessoa Jurídica;51076
Ribeirão Cascalheira;2021;Secretaria Municipal de Agricultura;Equipamentos e Material Permanente;564195
Ribeirão Cascalheira;2021;Secretaria Municipal de Agricultura;Indenizações e Restituições;32500
Ribeirão Cascalheira;2021;Secretaria Municipal de Agricultura;Indenizações e Restituições Trabalhistas;8097
Ribeirão Cascalheira;2021;Secretaria Municipal de Finanças;Contratação por Tempo Determinado;139024
Ribeirão Cascalheira;2021;Secretaria Municipal de Finanças;Vencimentos e Vantagens Fixas - Pessoal Civil;430251
Ribeirão Cascalheira;2021;Secretaria Municipal de Finanças;Obrigações Patronais;106667
Ribeirão Cascalheira;2021;Secretaria Municipal de Finanças;Material de Consumo;24892
Ribeirão Cascalheira;2021;Secretaria Municipal de Finanças;Serviços de Consultoria;99416
Ribeirão Cascalheira;2021;Secretaria Municipal de Finanças;Outros Serviços de Terceiros - Pessoa Física;4953
Ribeirão Cascalheira;2021;Secretaria Municipal de Finanças;Outros Serviços de Terceiros - Pessoa Jurídica;271618
Ribeirão Cascalheira;2021;Secretaria Municipal de Finanças;Obrigações Tributárias e Contributivas;530272
Ribeirão Cascalheira;2021;Secretaria Municipal de Finanças;Equipamentos e Material Permanente;20218
Ribeirão Cascalheira;2021;Secretaria Municipal de Finanças;Principal da Dívida Contratual Resgatado;1271577
Ribeirão Cascalheira;2021;Secretaria Municipal de Finanças;Indenizações e Restituições;32500
Ribeirão Cascalheira;2021;Secretaria Municipal de Finanças;Indenizações e Restituições Trabalhistas;32051
Ribeirão Cascalheira;2021;Secretaria Municipal de Educação;Contratação por Tempo Determinado;2391566
Ribeirão Cascalheira;2021;Secretaria Municipal de Educação;Vencimentos e Vantagens Fixas - Pessoal Civil;3671492
Ribeirão Cascalheira;2021;Secretaria Municipal de Educação;Obrigações Patronais;1191640
Ribeirão Cascalheira;2021;Secretaria Municipal de Educação;Material de Consumo;1021571
Ribeirão Cascalheira;2021;Secretaria Municipal de Educação;Outros Serviços de Terceiros - Pessoa Física;7748
Ribeirão Cascalheira;2021;Secretaria Municipal de Educação;Outros Serviços de Terceiros - Pessoa Jurídica;1144847
Ribeirão Cascalheira;2021;Secretaria Municipal de Educação;Obras e Instalações;307233
Ribeirão Cascalheira;2021;Secretaria Municipal de Educação;Equipamentos e Material Permanente;1072710
Ribeirão Cascalheira;2021;Secretaria Municipal de Educação;Indenizações e Restituições;32500
Ribeirão Cascalheira;2021;Secretaria Municipal de Educação;Indenizações e Restituições Trabalhistas;380455
Ribeirão Cascalheira;2021;Secretaria Municipal de Cultura, Desporto e Lazer;Contratação por Tempo Determinado;112833
Ribeirão Cascalheira;2021;Secretaria Municipal de Cultura, Desporto e Lazer;Obrigações Patronais;24379
Ribeirão Cascalheira;2021;Secretaria Municipal de Cultura, Desporto e Lazer;Diárias - Civil;805
Ribeirão Cascalheira;2021;Secretaria Municipal de Cultura, Desporto e Lazer;Material de Consumo;8519
Ribeirão Cascalheira;2021;Secretaria Municipal de Cultura, Desporto e Lazer;Outros Serviços de Terceiros - Pessoa Física;400
Ribeirão Cascalheira;2021;Secretaria Municipal de Cultura, Desporto e Lazer;Outros Serviços de Terceiros - Pessoa Jurídica;54862
Ribeirão Cascalheira;2021;Secretaria Municipal de Cultura, Desporto e Lazer;Indenizações e Restituições;29166
Ribeirão Cascalheira;2021;Secretaria Municipal de Cultura, Desporto e Lazer;Indenizações e Restituições Trabalhistas;11133
Ribeirão Cascalheira;2021;Secretaria Municipal de Meio Ambiante e Turismo;Contratação por Tempo Determinado;67974
Ribeirão Cascalheira;2021;Secretaria Municipal de Meio Ambiante e Turismo;Vencimentos e Vantagens Fixas - Pessoal Civil;51508
Ribeirão Cascalheira;2021;Secretaria Municipal de Meio Ambiante e Turismo;Obrigações Patronais;24416
Ribeirão Cascalheira;2021;Secretaria Municipal de Meio Ambiante e Turismo;Diárias - Civil;1000
Ribeirão Cascalheira;2021;Secretaria Municipal de Meio Ambiante e Turismo;Material de Consumo;17673
Ribeirão Cascalheira;2021;Secretaria Municipal de Meio Ambiante e Turismo;Outros Serviços de Terceiros - Pessoa Física;700
Ribeirão Cascalheira;2021;Secretaria Municipal de Meio Ambiante e Turismo;Outros Serviços de Terceiros - Pessoa Jurídica;28190
Ribeirão Cascalheira;2021;Secretaria Municipal de Meio Ambiante e Turismo;Equipamentos e Material Permanente;800
Ribeirão Cascalheira;2021;Secretaria Municipal de Meio Ambiante e Turismo;Indenizações e Restituições;32500
Ribeirão Cascalheira;2021;Secretaria Municipal de Meio Ambiante e Turismo;Indenizações e Restituições Trabalhistas;10430
Ribeirão Cascalheira;2021;Secretaria Municipal de Transito;Contratação por Tempo Determinado;12909
Ribeirão Cascalheira;2021;Secretaria Municipal de Transito;Vencimentos e Vantagens Fixas - Pessoal Civil;78677
Ribeirão Cascalheira;2021;Secretaria Municipal de Transito;Obrigações Patronais;17728
Ribeirão Cascalheira;2021;Secretaria Municipal de Transito;Material de Consumo;3099
Ribeirão Cascalheira;2021;Secretaria Municipal de Transito;Outros Serviços de Terceiros - Pessoa Física;640
Ribeirão Cascalheira;2021;Secretaria Municipal de Transito;Outros Serviços de Terceiros - Pessoa Jurídica;11695
Ribeirão Cascalheira;2021;Secretaria Municipal de Transito;Equipamentos e Material Permanente;18695
Ribeirão Cascalheira;2021;Fundo Mun Prev Social Serv Publico de Ribeirao Cas;Pensões do RPPS e do Militar;176997
Ribeirão Cascalheira;2021;Fundo Mun Prev Social Serv Publico de Ribeirao Cas;Vencimentos e Vantagens Fixas - Pessoal Civil;65482
Ribeirão Cascalheira;2021;Fundo Mun Prev Social Serv Publico de Ribeirao Cas;Material de Consumo;1971
Ribeirão Cascalheira;2021;Fundo Mun Prev Social Serv Publico de Ribeirao Cas;Outros Serviços de Terceiros - Pessoa Física;4050
Ribeirão Cascalheira;2021;Fundo Mun Prev Social Serv Publico de Ribeirao Cas;Outros Serviços de Terceiros - Pessoa Jurídica;63106
Ribeirão Cascalheira;2021;Fundo Mun Prev Social Serv Publico de Ribeirao Cas;Obrigações Tributárias e Contributivas;44614
Ribeirão Cascalheira;2021;Fundo Mun Prev Social Serv Publico de Ribeirao Cas;Equipamentos e Material Permanente;3863
Ribeirão Cascalheira;2021;Fundo Mun Prev Social Serv Publico de Ribeirao Cas;Indenizações e Restituições;19899
Ribeirão Cascalheira;2021;Fundo Mun Prev Social Serv Publico de Ribeirao Cas;Aposentadorias, Reserva Remunerada e Reformas;2073659
Ribeirão Cascalheira;2022;Gabinete do Prefeito;Contratação por Tempo Determinado;871769
Ribeirão Cascalheira;2022;Gabinete do Prefeito;Vencimentos e Vantagens Fixas - Pessoal Civil;364081
Ribeirão Cascalheira;2022;Gabinete do Prefeito;Obrigações Patronais;268549
Ribeirão Cascalheira;2022;Gabinete do Prefeito;Diárias - Civil;223000
Ribeirão Cascalheira;2022;Gabinete do Prefeito;Material de Consumo;139710
Ribeirão Cascalheira;2022;Gabinete do Prefeito;Outros Serviços de Terceiros - Pessoa Física;10866
Ribeirão Cascalheira;2022;Gabinete do Prefeito;Outros Serviços de Terceiros - Pessoa Jurídica;681338
Ribeirão Cascalheira;2022;Gabinete do Prefeito;Equipamentos e Material Permanente;464000
Ribeirão Cascalheira;2022;Gabinete do Prefeito;Indenizações e Restituições;102397
Ribeirão Cascalheira;2022;Camara Municipal;Vencimentos e Vantagens Fixas - Pessoal Civil;1018204
Ribeirão Cascalheira;2022;Camara Municipal;Obrigações Patronais;156403
Ribeirão Cascalheira;2022;Camara Municipal;Diárias - Civil;263200
Ribeirão Cascalheira;2022;Camara Municipal;Material de Consumo;43049
Ribeirão Cascalheira;2022;Camara Municipal;Outros Serviços de Terceiros - Pessoa Física;81669
Ribeirão Cascalheira;2022;Camara Municipal;Outros Serviços de Terceiros - Pessoa Jurídica;191142
Ribeirão Cascalheira;2022;Camara Municipal;Equipamentos e Material Permanente;307739
Ribeirão Cascalheira;2022;Camara Municipal;Indenizações e Restituições;378000
Ribeirão Cascalheira;2022;Secretaria Municipal de Assistencia Social;Contratação por Tempo Determinado;578222
Ribeirão Cascalheira;2022;Secretaria Municipal de Assistencia Social;Vencimentos e Vantagens Fixas - Pessoal Civil;184995
Ribeirão Cascalheira;2022;Secretaria Municipal de Assistencia Social;Obrigações Patronais;153794
Ribeirão Cascalheira;2022;Secretaria Municipal de Assistencia Social;Diárias - Civil;74233
Ribeirão Cascalheira;2022;Secretaria Municipal de Assistencia Social;Material de Consumo;177319
Ribeirão Cascalheira;2022;Secretaria Municipal de Assistencia Social;Material, Bem Ou Serviço para Distribuição Gratuita;41000
Ribeirão Cascalheira;2022;Secretaria Municipal de Assistencia Social;Passagens e Despesas com Locomoção;6597
Ribeirão Cascalheira;2022;Secretaria Municipal de Assistencia Social;Outros Serviços de Terceiros - Pessoa Física;43435
Ribeirão Cascalheira;2022;Secretaria Municipal de Assistencia Social;Outros Serviços de Terceiros - Pessoa Jurídica;479031
Ribeirão Cascalheira;2022;Secretaria Municipal de Assistencia Social;Equipamentos e Material Permanente;154787
Ribeirão Cascalheira;2022;Secretaria Municipal de Assistencia Social;Indenizações e Restituições;42000
Ribeirão Cascalheira;2022;Secretaria Municipal de Saude;Contratação por Tempo Determinado;1319491
Ribeirão Cascalheira;2022;Secretaria Municipal de Saude;Vencimentos e Vantagens Fixas - Pessoal Civil;3066808
Ribeirão Cascalheira;2022;Secretaria Municipal de Saude;Obrigações Patronais;905177
Ribeirão Cascalheira;2022;Secretaria Municipal de Saude;Diárias - Civil;64295
Ribeirão Cascalheira;2022;Secretaria Municipal de Saude;Material de Consumo;2057973
Ribeirão Cascalheira;2022;Secretaria Municipal de Saude;Passagens e Despesas com Locomoção;94055
Ribeirão Cascalheira;2022;Secretaria Municipal de Saude;Outros Serviços de Terceiros - Pessoa Física;289028
Ribeirão Cascalheira;2022;Secretaria Municipal de Saude;Outros Serviços de Terceiros - Pessoa Jurídica;7595168
Ribeirão Cascalheira;2022;Secretaria Municipal de Saude;Contribuições;388231
Ribeirão Cascalheira;2022;Secretaria Municipal de Saude;Equipamentos e Material Permanente;1218528
Ribeirão Cascalheira;2022;Secretaria Municipal de Saude;Indenizações e Restituições;40163
Ribeirão Cascalheira;2022;Secretaria Municipal de Saude;Indenizações e Restituições Trabalhistas;28953
Ribeirão Cascalheira;2022;Secretaria Municipal de Infra Estrutura;Contratação por Tempo Determinado;1450073
Ribeirão Cascalheira;2022;Secretaria Municipal de Infra Estrutura;Vencimentos e Vantagens Fixas - Pessoal Civil;556566
Ribeirão Cascalheira;2022;Secretaria Municipal de Infra Estrutura;Obrigações Patronais;369345
Ribeirão Cascalheira;2022;Secretaria Municipal de Infra Estrutura;Diárias - Civil;2900
Ribeirão Cascalheira;2022;Secretaria Municipal de Infra Estrutura;Material de Consumo;2125938
Ribeirão Cascalheira;2022;Secretaria Municipal de Infra Estrutura;Outros Serviços de Terceiros - Pessoa Física;271706
Ribeirão Cascalheira;2022;Secretaria Municipal de Infra Estrutura;Outros Serviços de Terceiros - Pessoa Jurídica;6532827
Ribeirão Cascalheira;2022;Secretaria Municipal de Infra Estrutura;Obras e Instalações;839473
Ribeirão Cascalheira;2022;Secretaria Municipal de Infra Estrutura;Equipamentos e Material Permanente;3464
Ribeirão Cascalheira;2022;Secretaria Municipal de Infra Estrutura;Indenizações e Restituições;46372
Ribeirão Cascalheira;2022;Secretaria Municipal de Infra Estrutura;Indenizações e Restituições Trabalhistas;235012
Ribeirão Cascalheira;2022;Secretaria Municipal de Administração;Contratação por Tempo Determinado;393375
Ribeirão Cascalheira;2022;Secretaria Municipal de Administração;Vencimentos e Vantagens Fixas - Pessoal Civil;1278835
Ribeirão Cascalheira;2022;Secretaria Municipal de Administração;Obrigações Patronais;374976
Ribeirão Cascalheira;2022;Secretaria Municipal de Administração;Diárias - Civil;16000
Ribeirão Cascalheira;2022;Secretaria Municipal de Administração;Material de Consumo;61094
Ribeirão Cascalheira;2022;Secretaria Municipal de Administração;Passagens e Despesas com Locomoção;243
Ribeirão Cascalheira;2022;Secretaria Municipal de Administração;Outros Serviços de Terceiros - Pessoa Física;47123
Ribeirão Cascalheira;2022;Secretaria Municipal de Administração;Outros Serviços de Terceiros - Pessoa Jurídica;2830672
Ribeirão Cascalheira;2022;Secretaria Municipal de Administração;Equipamentos e Material Permanente;39642
Ribeirão Cascalheira;2022;Secretaria Municipal de Administração;Despesas de Exercícios Anteriores;212475
Ribeirão Cascalheira;2022;Secretaria Municipal de Administração;Indenizações e Restituições;42000
Ribeirão Cascalheira;2022;Secretaria Municipal de Agricultura;Contratação por Tempo Determinado;110930
Ribeirão Cascalheira;2022;Secretaria Municipal de Agricultura;Vencimentos e Vantagens Fixas - Pessoal Civil;251688
Ribeirão Cascalheira;2022;Secretaria Municipal de Agricultura;Obrigações Patronais;79915
Ribeirão Cascalheira;2022;Secretaria Municipal de Agricultura;Diárias - Civil;4633
Ribeirão Cascalheira;2022;Secretaria Municipal de Agricultura;Material de Consumo;7719
Ribeirão Cascalheira;2022;Secretaria Municipal de Agricultura;Material, Bem Ou Serviço para Distribuição Gratuita;1500
Ribeirão Cascalheira;2022;Secretaria Municipal de Agricultura;Outros Serviços de Terceiros - Pessoa Física;4356
Ribeirão Cascalheira;2022;Secretaria Municipal de Agricultura;Outros Serviços de Terceiros - Pessoa Jurídica;71439
Ribeirão Cascalheira;2022;Secretaria Municipal de Agricultura;Equipamentos e Material Permanente;222070
Ribeirão Cascalheira;2022;Secretaria Municipal de Agricultura;Indenizações e Restituições;42000
Ribeirão Cascalheira;2022;Secretaria Municipal de Finanças;Contratação por Tempo Determinado;198214
Ribeirão Cascalheira;2022;Secretaria Municipal de Finanças;Vencimentos e Vantagens Fixas - Pessoal Civil;537200
Ribeirão Cascalheira;2022;Secretaria Municipal de Finanças;Obrigações Patronais;147867
Ribeirão Cascalheira;2022;Secretaria Municipal de Finanças;Diárias - Civil;17600
Ribeirão Cascalheira;2022;Secretaria Municipal de Finanças;Material de Consumo;23837
Ribeirão Cascalheira;2022;Secretaria Municipal de Finanças;Serviços de Consultoria;126788
Ribeirão Cascalheira;2022;Secretaria Municipal de Finanças;Outros Serviços de Terceiros - Pessoa Física;5265
Ribeirão Cascalheira;2022;Secretaria Municipal de Finanças;Outros Serviços de Terceiros - Pessoa Jurídica;252797
Ribeirão Cascalheira;2022;Secretaria Municipal de Finanças;Obrigações Tributárias e Contributivas;545312
Ribeirão Cascalheira;2022;Secretaria Municipal de Finanças;Equipamentos e Material Permanente;66591
Ribeirão Cascalheira;2022;Secretaria Municipal de Finanças;Principal da Dívida Contratual Resgatado;1543955
Ribeirão Cascalheira;2022;Secretaria Municipal de Finanças;Indenizações e Restituições;42000
Ribeirão Cascalheira;2022;Secretaria Municipal de Educação;Contratação por Tempo Determinado;6207057
Ribeirão Cascalheira;2022;Secretaria Municipal de Educação;Vencimentos e Vantagens Fixas - Pessoal Civil;4223577
Ribeirão Cascalheira;2022;Secretaria Municipal de Educação;Obrigações Patronais;2322691
Ribeirão Cascalheira;2022;Secretaria Municipal de Educação;Diárias - Civil;32300
Ribeirão Cascalheira;2022;Secretaria Municipal de Educação;Material de Consumo;1615431
Ribeirão Cascalheira;2022;Secretaria Municipal de Educação;Passagens e Despesas com Locomoção;911
Ribeirão Cascalheira;2022;Secretaria Municipal de Educação;Outros Serviços de Terceiros - Pessoa Física;35326
Ribeirão Cascalheira;2022;Secretaria Municipal de Educação;Outros Serviços de Terceiros - Pessoa Jurídica;2967136
Ribeirão Cascalheira;2022;Secretaria Municipal de Educação;Obras e Instalações;311314
Ribeirão Cascalheira;2022;Secretaria Municipal de Educação;Equipamentos e Material Permanente;1058042
Ribeirão Cascalheira;2022;Secretaria Municipal de Educação;Indenizações e Restituições;217374
Ribeirão Cascalheira;2022;Secretaria Municipal de Educação;Indenizações e Restituições Trabalhistas;647490
Ribeirão Cascalheira;2022;Secretaria Municipal de Cultura, Desporto e Lazer;Contratação por Tempo Determinado;134112
Ribeirão Cascalheira;2022;Secretaria Municipal de Cultura, Desporto e Lazer;Obrigações Patronais;28546
Ribeirão Cascalheira;2022;Secretaria Municipal de Cultura, Desporto e Lazer;Diárias - Civil;3000
Ribeirão Cascalheira;2022;Secretaria Municipal de Cultura, Desporto e Lazer;Material de Consumo;96983
Ribeirão Cascalheira;2022;Secretaria Municipal de Cultura, Desporto e Lazer;Outros Serviços de Terceiros - Pessoa Física;25726
Ribeirão Cascalheira;2022;Secretaria Municipal de Cultura, Desporto e Lazer;Outros Serviços de Terceiros - Pessoa Jurídica;546988
Ribeirão Cascalheira;2022;Secretaria Municipal de Cultura, Desporto e Lazer;Indenizações e Restituições;42000
Ribeirão Cascalheira;2022;Secretaria Municipal de Meio Ambiante e Turismo;Contratação por Tempo Determinado;48290
Ribeirão Cascalheira;2022;Secretaria Municipal de Meio Ambiante e Turismo;Vencimentos e Vantagens Fixas - Pessoal Civil;112254
Ribeirão Cascalheira;2022;Secretaria Municipal de Meio Ambiante e Turismo;Obrigações Patronais;33298
Ribeirão Cascalheira;2022;Secretaria Municipal de Meio Ambiante e Turismo;Diárias - Civil;19633
Ribeirão Cascalheira;2022;Secretaria Municipal de Meio Ambiante e Turismo;Material de Consumo;20214
Ribeirão Cascalheira;2022;Secretaria Municipal de Meio Ambiante e Turismo;Outros Serviços de Terceiros - Pessoa Física;4340
Ribeirão Cascalheira;2022;Secretaria Municipal de Meio Ambiante e Turismo;Outros Serviços de Terceiros - Pessoa Jurídica;310794
Ribeirão Cascalheira;2022;Secretaria Municipal de Meio Ambiante e Turismo;Equipamentos e Material Permanente;12990
Ribeirão Cascalheira;2022;Secretaria Municipal de Meio Ambiante e Turismo;Indenizações e Restituições;42000
Ribeirão Cascalheira;2022;Secretaria Municipal de Transito;Contratação por Tempo Determinado;81821
Ribeirão Cascalheira;2022;Secretaria Municipal de Transito;Vencimentos e Vantagens Fixas - Pessoal Civil;85572
Ribeirão Cascalheira;2022;Secretaria Municipal de Transito;Obrigações Patronais;30971
Ribeirão Cascalheira;2022;Secretaria Municipal de Transito;Diárias - Civil;4300
Ribeirão Cascalheira;2022;Secretaria Municipal de Transito;Material de Consumo;2418
Ribeirão Cascalheira;2022;Secretaria Municipal de Transito;Outros Serviços de Terceiros - Pessoa Jurídica;15954
Ribeirão Cascalheira;2022;Secretaria Municipal de Transito;Equipamentos e Material Permanente;27000
Ribeirão Cascalheira;2022;Secretaria Municipal de Transito;Indenizações e Restituições;42000
Ribeirão Cascalheira;2022;Fundo Mun Prev Social Serv Publico de Ribeirao Cas;Aposentadorias, Reserva Remunerada e Reformas;3248232
Ribeirão Cascalheira;2022;Fundo Mun Prev Social Serv Publico de Ribeirao Cas;Pensões;331246
Ribeirão Cascalheira;2022;Fundo Mun Prev Social Serv Publico de Ribeirao Cas;Vencimentos e Vantagens Fixas - Pessoal Civil;61500
Ribeirão Cascalheira;2022;Fundo Mun Prev Social Serv Publico de Ribeirao Cas;Obrigações Patronais;6317
Ribeirão Cascalheira;2022;Fundo Mun Prev Social Serv Publico de Ribeirao Cas;Material de Consumo;3554
Ribeirão Cascalheira;2022;Fundo Mun Prev Social Serv Publico de Ribeirao Cas;Serviços de Consultoria;16090
Ribeirão Cascalheira;2022;Fundo Mun Prev Social Serv Publico de Ribeirao Cas;Outros Serviços de Terceiros - Pessoa Física;4200
Ribeirão Cascalheira;2022;Fundo Mun Prev Social Serv Publico de Ribeirao Cas;Outros Serviços de Terceiros - Pessoa Jurídica;73910
Ribeirão Cascalheira;2022;Fundo Mun Prev Social Serv Publico de Ribeirao Cas;Serviços de Tecnologia da Informação e Comunicação - Pessoa Jurídica;16870
Ribeirão Cascalheira;2022;Fundo Mun Prev Social Serv Publico de Ribeirao Cas;Obrigações Tributárias e Contributivas;59752
Ribeirão Cascalheira;2022;Fundo Mun Prev Social Serv Publico de Ribeirao Cas;Equipamentos e Material Permanente;8080
Ribeirão Cascalheira;2022;Fundo Mun Prev Social Serv Publico de Ribeirao Cas;Indenizações e Restituições;42000
Ribeirão Cascalheira;2023;Gabinete do Prefeito;Contratação por Tempo Determinado;218281
Ribeirão Cascalheira;2023;Gabinete do Prefeito;Vencimentos e Vantagens Fixas - Pessoal Civil;1133279
Ribeirão Cascalheira;2023;Gabinete do Prefeito;Obrigações Patronais;321820
Ribeirão Cascalheira;2023;Gabinete do Prefeito;Diárias - Civil;271800
Ribeirão Cascalheira;2023;Gabinete do Prefeito;Material de Consumo;24577
Ribeirão Cascalheira;2023;Gabinete do Prefeito;Outros Serviços de Terceiros - Pessoa Física;13068
Ribeirão Cascalheira;2023;Gabinete do Prefeito;Outros Serviços de Terceiros - Pessoa Jurídica;286480
Ribeirão Cascalheira;2023;Gabinete do Prefeito;Equipamentos e Material Permanente;6960
Ribeirão Cascalheira;2023;Gabinete do Prefeito;Indenizações e Restituições;131152
Ribeirão Cascalheira;2023;Gabinete do Prefeito;Indenizações e Restituições Trabalhistas;26799
Ribeirão Cascalheira;2023;Camara Municipal;Vencimentos e Vantagens Fixas - Pessoal Civil;1054000
Ribeirão Cascalheira;2023;Camara Municipal;Obrigações Patronais;155285
Ribeirão Cascalheira;2023;Camara Municipal;Diárias - Civil;406000
Ribeirão Cascalheira;2023;Camara Municipal;Material de Consumo;110050
Ribeirão Cascalheira;2023;Camara Municipal;Outros Serviços de Terceiros - Pessoa Física;93049
Ribeirão Cascalheira;2023;Camara Municipal;Outros Serviços de Terceiros - Pessoa Jurídica;322256
Ribeirão Cascalheira;2023;Camara Municipal;Equipamentos e Material Permanente;188779
Ribeirão Cascalheira;2023;Camara Municipal;Aquisição de Imóveis;310000
Ribeirão Cascalheira;2023;Camara Municipal;Indenizações e Restituições;374500
Ribeirão Cascalheira;2023;Secretaria Municipal de Saude;Contratação por Tempo Determinado;1726065
Ribeirão Cascalheira;2023;Secretaria Municipal de Saude;Vencimentos e Vantagens Fixas - Pessoal Civil;3448629
Ribeirão Cascalheira;2023;Secretaria Municipal de Saude;Obrigações Patronais;1347416
Ribeirão Cascalheira;2023;Secretaria Municipal de Saude;Diárias - Civil;73600
Ribeirão Cascalheira;2023;Secretaria Municipal de Saude;Material de Consumo;756092
Ribeirão Cascalheira;2023;Secretaria Municipal de Saude;Passagens e Despesas com Locomoção;226833
Ribeirão Cascalheira;2023;Secretaria Municipal de Saude;Outros Serviços de Terceiros - Pessoa Física;329005
Ribeirão Cascalheira;2023;Secretaria Municipal de Saude;Outros Serviços de Terceiros - Pessoa Jurídica;7210534
Ribeirão Cascalheira;2023;Secretaria Municipal de Saude;Contribuições;434081
Ribeirão Cascalheira;2023;Secretaria Municipal de Saude;Obras e Instalações;126667
Ribeirão Cascalheira;2023;Secretaria Municipal de Saude;Equipamentos e Material Permanente;174609
Ribeirão Cascalheira;2023;Secretaria Municipal de Saude;Indenizações e Restituições;52717
Ribeirão Cascalheira;2023;Secretaria Municipal de Saude;Indenizações e Restituições Trabalhistas;95683
Ribeirão Cascalheira;2023;Secretaria Municipal de Infra Estrutura;Contratação por Tempo Determinado;1432788
Ribeirão Cascalheira;2023;Secretaria Municipal de Infra Estrutura;Vencimentos e Vantagens Fixas - Pessoal Civil;763987
Ribeirão Cascalheira;2023;Secretaria Municipal de Infra Estrutura;Obrigações Patronais;531576
Ribeirão Cascalheira;2023;Secretaria Municipal de Infra Estrutura;Diárias - Civil;11300
Ribeirão Cascalheira;2023;Secretaria Municipal de Infra Estrutura;Material de Consumo;696634
Ribeirão Cascalheira;2023;Secretaria Municipal de Infra Estrutura;Outros Serviços de Terceiros - Pessoa Física;112936
Ribeirão Cascalheira;2023;Secretaria Municipal de Infra Estrutura;Outros Serviços de Terceiros - Pessoa Jurídica;4216726
Ribeirão Cascalheira;2023;Secretaria Municipal de Infra Estrutura;Obras e Instalações;7273447
Ribeirão Cascalheira;2023;Secretaria Municipal de Infra Estrutura;Equipamentos e Material Permanente;43579
Ribeirão Cascalheira;2023;Secretaria Municipal de Infra Estrutura;Indenizações e Restituições;40451
Ribeirão Cascalheira;2023;Secretaria Municipal de Infra Estrutura;Indenizações e Restituições Trabalhistas;463086
Ribeirão Cascalheira;2023;Secretaria Municipal de Administração;Contratação por Tempo Determinado;332961
Ribeirão Cascalheira;2023;Secretaria Municipal de Administração;Vencimentos e Vantagens Fixas - Pessoal Civil;1338369
Ribeirão Cascalheira;2023;Secretaria Municipal de Administração;Obrigações Patronais;405625
Ribeirão Cascalheira;2023;Secretaria Municipal de Administração;Diárias - Civil;33300
Ribeirão Cascalheira;2023;Secretaria Municipal de Administração;Material de Consumo;132678
Ribeirão Cascalheira;2023;Secretaria Municipal de Administração;Serviços de Consultoria;82066
Ribeirão Cascalheira;2023;Secretaria Municipal de Administração;Outros Serviços de Terceiros - Pessoa Física;47494
Ribeirão Cascalheira;2023;Secretaria Municipal de Administração;Outros Serviços de Terceiros - Pessoa Jurídica;1630301
Ribeirão Cascalheira;2023;Secretaria Municipal de Administração;Equipamentos e Material Permanente;30519
Ribeirão Cascalheira;2023;Secretaria Municipal de Administração;Indenizações e Restituições;43717
Ribeirão Cascalheira;2023;Secretaria Municipal de Administração;Indenizações e Restituições Trabalhistas;59071
Ribeirão Cascalheira;2023;Secretaria Municipal de Agricultura;Contratação por Tempo Determinado;44329
Ribeirão Cascalheira;2023;Secretaria Municipal de Agricultura;Vencimentos e Vantagens Fixas - Pessoal Civil;332538
Ribeirão Cascalheira;2023;Secretaria Municipal de Agricultura;Obrigações Patronais;96988
Ribeirão Cascalheira;2023;Secretaria Municipal de Agricultura;Diárias - Civil;6600
Ribeirão Cascalheira;2023;Secretaria Municipal de Agricultura;Material de Consumo;175
Ribeirão Cascalheira;2023;Secretaria Municipal de Agricultura;Material, Bem Ou Serviço para Distribuição Gratuita;13530
Ribeirão Cascalheira;2023;Secretaria Municipal de Agricultura;Outros Serviços de Terceiros - Pessoa Jurídica;174297
Ribeirão Cascalheira;2023;Secretaria Municipal de Agricultura;Indenizações e Restituições;43717
Ribeirão Cascalheira;2023;Secretaria de Assistência Social;Contratação por Tempo Determinado;380750
Ribeirão Cascalheira;2023;Secretaria de Assistência Social;Vencimentos e Vantagens Fixas - Pessoal Civil;581318
Ribeirão Cascalheira;2023;Secretaria de Assistência Social;Obrigações Patronais;199556
Ribeirão Cascalheira;2023;Secretaria de Assistência Social;Diárias - Civil;131966
Ribeirão Cascalheira;2023;Secretaria de Assistência Social;Material de Consumo;167025
Ribeirão Cascalheira;2023;Secretaria de Assistência Social;Passagens e Despesas com Locomoção;13283
Ribeirão Cascalheira;2023;Secretaria de Assistência Social;Outros Serviços de Terceiros - Pessoa Física;45465
Ribeirão Cascalheira;2023;Secretaria de Assistência Social;Outros Serviços de Terceiros - Pessoa Jurídica;226364
Ribeirão Cascalheira;2023;Secretaria de Assistência Social;Equipamentos e Material Permanente;635789
Ribeirão Cascalheira;2023;Secretaria de Assistência Social;Indenizações e Restituições;79394
Ribeirão Cascalheira;2023;Secretaria de Assistência Social;Indenizações e Restituições Trabalhistas;61676
Ribeirão Cascalheira;2023;Secretaria Municipal de Educação;Contratação por Tempo Determinado;8596110
Ribeirão Cascalheira;2023;Secretaria Municipal de Educação;Vencimentos e Vantagens Fixas - Pessoal Civil;6093425
Ribeirão Cascalheira;2023;Secretaria Municipal de Educação;Obrigações Patronais;3197972
Ribeirão Cascalheira;2023;Secretaria Municipal de Educação;Diárias - Civil;33100
Ribeirão Cascalheira;2023;Secretaria Municipal de Educação;Material de Consumo;1165633
Ribeirão Cascalheira;2023;Secretaria Municipal de Educação;Material, Bem Ou Serviço para Distribuição Gratuita;4980
Ribeirão Cascalheira;2023;Secretaria Municipal de Educação;Passagens e Despesas com Locomoção;186
Ribeirão Cascalheira;2023;Secretaria Municipal de Educação;Outros Serviços de Terceiros - Pessoa Física;10030
Ribeirão Cascalheira;2023;Secretaria Municipal de Educação;Outros Serviços de Terceiros - Pessoa Jurídica;2774676
Ribeirão Cascalheira;2023;Secretaria Municipal de Educação;Obras e Instalações;368840
Ribeirão Cascalheira;2023;Secretaria Municipal de Educação;Equipamentos e Material Permanente;6478
Ribeirão Cascalheira;2023;Secretaria Municipal de Educação;Indenizações e Restituições;47626
Ribeirão Cascalheira;2023;Secretaria Municipal de Educação;Indenizações e Restituições Trabalhistas;1977092
Ribeirão Cascalheira;2023;Secretaria de Finanças;Contratação por Tempo Determinado;133436
Ribeirão Cascalheira;2023;Secretaria de Finanças;Vencimentos e Vantagens Fixas - Pessoal Civil;717168
Ribeirão Cascalheira;2023;Secretaria de Finanças;Obrigações Patronais;217067
Ribeirão Cascalheira;2023;Secretaria de Finanças;Diárias - Civil;7600
Ribeirão Cascalheira;2023;Secretaria de Finanças;Material de Consumo;14125
Ribeirão Cascalheira;2023;Secretaria de Finanças;Serviços de Consultoria;188644
Ribeirão Cascalheira;2023;Secretaria de Finanças;Outros Serviços de Terceiros - Pessoa Física;2000
Ribeirão Cascalheira;2023;Secretaria de Finanças;Outros Serviços de Terceiros - Pessoa Jurídica;139091
Ribeirão Cascalheira;2023;Secretaria de Finanças;Obrigações Tributárias e Contributivas;691843
Ribeirão Cascalheira;2023;Secretaria de Finanças;Equipamentos e Material Permanente;13200
Ribeirão Cascalheira;2023;Secretaria de Finanças;Principal da Dívida Contratual Resgatado;1398595
Ribeirão Cascalheira;2023;Secretaria de Finanças;Indenizações e Restituições;43717
Ribeirão Cascalheira;2023;Secretaria de Finanças;Indenizações e Restituições Trabalhistas;17505
Ribeirão Cascalheira;2023;Secretaria Municipal de Turismo;Vencimentos e Vantagens Fixas - Pessoal Civil;65850
Ribeirão Cascalheira;2023;Secretaria Municipal de Turismo;Obrigações Patronais;10688
Ribeirão Cascalheira;2023;Secretaria Municipal de Turismo;Material de Consumo;3205
Ribeirão Cascalheira;2023;Secretaria Municipal de Turismo;Outros Serviços de Terceiros - Pessoa Jurídica;5270
Ribeirão Cascalheira;2023;Secretaria Municipal de Turismo;Indenizações e Restituições;40217
Ribeirão Cascalheira;2023;Secretaria Municipal de Cultura, Desporto e Lazer;Contratação por Tempo Determinado;33168
Ribeirão Cascalheira;2023;Secretaria Municipal de Cultura, Desporto e Lazer;Vencimentos e Vantagens Fixas - Pessoal Civil;49136
Ribeirão Cascalheira;2023;Secretaria Municipal de Cultura, Desporto e Lazer;Obrigações Patronais;17218
Ribeirão Cascalheira;2023;Secretaria Municipal de Cultura, Desporto e Lazer;Diárias - Civil;1000
Ribeirão Cascalheira;2023;Secretaria Municipal de Cultura, Desporto e Lazer;Material de Consumo;238095
Ribeirão Cascalheira;2023;Secretaria Municipal de Cultura, Desporto e Lazer;Premiações Culturais, Artísticas, Científicas, Desportivas e Outras;33000
Ribeirão Cascalheira;2023;Secretaria Municipal de Cultura, Desporto e Lazer;Outros Serviços de Terceiros - Pessoa Física;71207
Ribeirão Cascalheira;2023;Secretaria Municipal de Cultura, Desporto e Lazer;Outros Serviços de Terceiros - Pessoa Jurídica;668871
Ribeirão Cascalheira;2023;Secretaria Municipal de Cultura, Desporto e Lazer;Indenizações e Restituições;41872
Ribeirão Cascalheira;2023;Secretaria Municipal de Cultura, Desporto e Lazer;Indenizações e Restituições Trabalhistas;27081
Ribeirão Cascalheira;2023;Secretaria Municipal de Transito;Contratação por Tempo Determinado;18726
Ribeirão Cascalheira;2023;Secretaria Municipal de Transito;Vencimentos e Vantagens Fixas - Pessoal Civil;165048
Ribeirão Cascalheira;2023;Secretaria Municipal de Transito;Obrigações Patronais;40021
Ribeirão Cascalheira;2023;Secretaria Municipal de Transito;Diárias - Civil;6200
Ribeirão Cascalheira;2023;Secretaria Municipal de Transito;Material de Consumo;4409
Ribeirão Cascalheira;2023;Secretaria Municipal de Transito;Outros Serviços de Terceiros - Pessoa Física;573
Ribeirão Cascalheira;2023;Secretaria Municipal de Transito;Outros Serviços de Terceiros - Pessoa Jurídica;21323
Ribeirão Cascalheira;2023;Secretaria Municipal de Transito;Equipamentos e Material Permanente;1366
Ribeirão Cascalheira;2023;Secretaria Municipal de Transito;Indenizações e Restituições;43717
Ribeirão Cascalheira;2023;Secretaria Municipal de Transito;Indenizações e Restituições Trabalhistas;4890
Ribeirão Cascalheira;2023;Secretaria Municipal de Meio Ambiente;Contratação por Tempo Determinado;67440
Ribeirão Cascalheira;2023;Secretaria Municipal de Meio Ambiente;Vencimentos e Vantagens Fixas - Pessoal Civil;45000
Ribeirão Cascalheira;2023;Secretaria Municipal de Meio Ambiente;Obrigações Patronais;24611
Ribeirão Cascalheira;2023;Secretaria Municipal de Meio Ambiente;Outros Serviços de Terceiros - Pessoa Física;12844
Ribeirão Cascalheira;2023;Secretaria Municipal de Meio Ambiente;Outros Serviços de Terceiros - Pessoa Jurídica;459814
Ribeirão Cascalheira;2023;Secretaria Municipal de Meio Ambiente;Indenizações e Restituições;43717
Ribeirão Cascalheira;2023;Fundo Mun Prev Social Serv Publico de Ribeirao Cas;Aposentadorias, Reserva Remunerada e Reformas;3818336
Ribeirão Cascalheira;2023;Fundo Mun Prev Social Serv Publico de Ribeirao Cas;Pensões;361918
Ribeirão Cascalheira;2023;Fundo Mun Prev Social Serv Publico de Ribeirao Cas;Vencimentos e Vantagens Fixas - Pessoal Civil;66000
Ribeirão Cascalheira;2023;Fundo Mun Prev Social Serv Publico de Ribeirao Cas;Obrigações Patronais;5520
Ribeirão Cascalheira;2023;Fundo Mun Prev Social Serv Publico de Ribeirao Cas;Material de Consumo;7396
Ribeirão Cascalheira;2023;Fundo Mun Prev Social Serv Publico de Ribeirao Cas;Serviços de Consultoria;26740
Ribeirão Cascalheira;2023;Fundo Mun Prev Social Serv Publico de Ribeirao Cas;Outros Serviços de Terceiros - Pessoa Física;2750
Ribeirão Cascalheira;2023;Fundo Mun Prev Social Serv Publico de Ribeirao Cas;Outros Serviços de Terceiros - Pessoa Jurídica;78671
Ribeirão Cascalheira;2023;Fundo Mun Prev Social Serv Publico de Ribeirao Cas;Obrigações Tributárias e Contributivas;64090
Ribeirão Cascalheira;2023;Fundo Mun Prev Social Serv Publico de Ribeirao Cas;Indenizações e Restituições;45499
Ribeirão Cascalheira;2024;Gabinete do Prefeito;Contratação por Tempo Determinado;205330
Ribeirão Cascalheira;2024;Gabinete do Prefeito;Vencimentos e Vantagens Fixas - Pessoal Civil;1223396
Ribeirão Cascalheira;2024;Gabinete do Prefeito;Obrigações Patronais;265153
Ribeirão Cascalheira;2024;Gabinete do Prefeito;Diárias - Civil;205800
Ribeirão Cascalheira;2024;Gabinete do Prefeito;Material de Consumo;58205
Ribeirão Cascalheira;2024;Gabinete do Prefeito;Serviços de Consultoria;40000
Ribeirão Cascalheira;2024;Gabinete do Prefeito;Outros Serviços de Terceiros - Pessoa Jurídica;219932
Ribeirão Cascalheira;2024;Gabinete do Prefeito;Equipamentos e Material Permanente;2845
Ribeirão Cascalheira;2024;Gabinete do Prefeito;Indenizações e Restituições;132107
Ribeirão Cascalheira;2024;Gabinete do Prefeito;Indenizações e Restituições Trabalhistas;207524
Ribeirão Cascalheira;2024;Camara Municipal;Vencimentos e Vantagens Fixas - Pessoal Civil;1098625
Ribeirão Cascalheira;2024;Camara Municipal;Obrigações Patronais;70449
Ribeirão Cascalheira;2024;Camara Municipal;Diárias - Civil;419200
Ribeirão Cascalheira;2024;Camara Municipal;Material de Consumo;97406
Ribeirão Cascalheira;2024;Camara Municipal;Outros Serviços de Terceiros - Pessoa Física;109381
Ribeirão Cascalheira;2024;Camara Municipal;Outros Serviços de Terceiros - Pessoa Jurídica;488582
Ribeirão Cascalheira;2024;Camara Municipal;Obrigações Tributárias e Contributivas;2872
Ribeirão Cascalheira;2024;Camara Municipal;Equipamentos e Material Permanente;59032
Ribeirão Cascalheira;2024;Camara Municipal;Despesas de Exercícios Anteriores;1022595
Ribeirão Cascalheira;2024;Camara Municipal;Indenizações e Restituições;220500
Ribeirão Cascalheira;2024;Secretaria Municipal de Saude;Contratação por Tempo Determinado;1009631
Ribeirão Cascalheira;2024;Secretaria Municipal de Saude;Vencimentos e Vantagens Fixas - Pessoal Civil;4476745
Ribeirão Cascalheira;2024;Secretaria Municipal de Saude;Obrigações Patronais;1596885
Ribeirão Cascalheira;2024;Secretaria Municipal de Saude;Diárias - Civil;85800
Ribeirão Cascalheira;2024;Secretaria Municipal de Saude;Material de Consumo;425198
Ribeirão Cascalheira;2024;Secretaria Municipal de Saude;Passagens e Despesas com Locomoção;325915
Ribeirão Cascalheira;2024;Secretaria Municipal de Saude;Outros Serviços de Terceiros - Pessoa Física;350533
Ribeirão Cascalheira;2024;Secretaria Municipal de Saude;Outros Serviços de Terceiros - Pessoa Jurídica;9542306
Ribeirão Cascalheira;2024;Secretaria Municipal de Saude;Obras e Instalações;8323564
Ribeirão Cascalheira;2024;Secretaria Municipal de Saude;Equipamentos e Material Permanente;560532
Ribeirão Cascalheira;2024;Secretaria Municipal de Saude;Rateio Pela Participação em Consórcio Público;751114
Ribeirão Cascalheira;2024;Secretaria Municipal de Saude;Sentenças Judiciais;18000
Ribeirão Cascalheira;2024;Secretaria Municipal de Saude;Indenizações e Restituições;45790
Ribeirão Cascalheira;2024;Secretaria Municipal de Saude;Indenizações e Restituições Trabalhistas;347391
Ribeirão Cascalheira;2024;Secretaria Municipal de Infra Estrutura;Contratação por Tempo Determinado;1727421
Ribeirão Cascalheira;2024;Secretaria Municipal de Infra Estrutura;Vencimentos e Vantagens Fixas - Pessoal Civil;759835
Ribeirão Cascalheira;2024;Secretaria Municipal de Infra Estrutura;Obrigações Patronais;352684
Ribeirão Cascalheira;2024;Secretaria Municipal de Infra Estrutura;Diárias - Civil;6100
Ribeirão Cascalheira;2024;Secretaria Municipal de Infra Estrutura;Material de Consumo;929681
Ribeirão Cascalheira;2024;Secretaria Municipal de Infra Estrutura;Outros Serviços de Terceiros - Pessoa Física;34767
Ribeirão Cascalheira;2024;Secretaria Municipal de Infra Estrutura;Outros Serviços de Terceiros - Pessoa Jurídica;6276285
Ribeirão Cascalheira;2024;Secretaria Municipal de Infra Estrutura;Obras e Instalações;3898877
Ribeirão Cascalheira;2024;Secretaria Municipal de Infra Estrutura;Equipamentos e Material Permanente;7466
Ribeirão Cascalheira;2024;Secretaria Municipal de Infra Estrutura;Indenizações e Restituições;44290
Ribeirão Cascalheira;2024;Secretaria Municipal de Infra Estrutura;Indenizações e Restituições Trabalhistas;558556
Ribeirão Cascalheira;2024;Secretaria Municipal de Administração;Contratação por Tempo Determinado;300411
Ribeirão Cascalheira;2024;Secretaria Municipal de Administração;Vencimentos e Vantagens Fixas - Pessoal Civil;1779963
Ribeirão Cascalheira;2024;Secretaria Municipal de Administração;Obrigações Patronais;622936
Ribeirão Cascalheira;2024;Secretaria Municipal de Administração;Diárias - Civil;24000
Ribeirão Cascalheira;2024;Secretaria Municipal de Administração;Material de Consumo;31924
Ribeirão Cascalheira;2024;Secretaria Municipal de Administração;Serviços de Consultoria;154235
Ribeirão Cascalheira;2024;Secretaria Municipal de Administração;Outros Serviços de Terceiros - Pessoa Física;78849
Ribeirão Cascalheira;2024;Secretaria Municipal de Administração;Outros Serviços de Terceiros - Pessoa Jurídica;3357880
Ribeirão Cascalheira;2024;Secretaria Municipal de Administração;Equipamentos e Material Permanente;40974
Ribeirão Cascalheira;2024;Secretaria Municipal de Administração;Despesas de Exercícios Anteriores;163685
Ribeirão Cascalheira;2024;Secretaria Municipal de Administração;Indenizações e Restituições;77979
Ribeirão Cascalheira;2024;Secretaria Municipal de Administração;Indenizações e Restituições Trabalhistas;186242
Ribeirão Cascalheira;2024;Secretaria Municipal de Agricultura;Contratação por Tempo Determinado;5620
Ribeirão Cascalheira;2024;Secretaria Municipal de Agricultura;Vencimentos e Vantagens Fixas - Pessoal Civil;440303
Ribeirão Cascalheira;2024;Secretaria Municipal de Agricultura;Obrigações Patronais;103765
Ribeirão Cascalheira;2024;Secretaria Municipal de Agricultura;Diárias - Civil;2000
Ribeirão Cascalheira;2024;Secretaria Municipal de Agricultura;Outros Serviços de Terceiros - Pessoa Jurídica;11630
Ribeirão Cascalheira;2024;Secretaria Municipal de Agricultura;Equipamentos e Material Permanente;1811
Ribeirão Cascalheira;2024;Secretaria Municipal de Agricultura;Indenizações e Restituições;38138
Ribeirão Cascalheira;2024;Secretaria Municipal de Agricultura;Indenizações e Restituições Trabalhistas;23833
Ribeirão Cascalheira;2024;Secretaria de Assistência Social;Contratação por Tempo Determinado;278458
Ribeirão Cascalheira;2024;Secretaria de Assistência Social;Vencimentos e Vantagens Fixas - Pessoal Civil;613963
Ribeirão Cascalheira;2024;Secretaria de Assistência Social;Obrigações Patronais;158153
Ribeirão Cascalheira;2024;Secretaria de Assistência Social;Diárias - Civil;127967
Ribeirão Cascalheira;2024;Secretaria de Assistência Social;Material de Consumo;116193
Ribeirão Cascalheira;2024;Secretaria de Assistência Social;Passagens e Despesas com Locomoção;11823
Ribeirão Cascalheira;2024;Secretaria de Assistência Social;Outros Serviços de Terceiros - Pessoa Física;34210
Ribeirão Cascalheira;2024;Secretaria de Assistência Social;Outros Serviços de Terceiros - Pessoa Jurídica;325949
Ribeirão Cascalheira;2024;Secretaria de Assistência Social;Equipamentos e Material Permanente;37311
Ribeirão Cascalheira;2024;Secretaria de Assistência Social;Indenizações e Restituições;44290
Ribeirão Cascalheira;2024;Secretaria de Assistência Social;Indenizações e Restituições Trabalhistas;159944
Ribeirão Cascalheira;2024;Secretaria Municipal de Educação;Contratação por Tempo Determinado;7258145
Ribeirão Cascalheira;2024;Secretaria Municipal de Educação;Vencimentos e Vantagens Fixas - Pessoal Civil;7694413
Ribeirão Cascalheira;2024;Secretaria Municipal de Educação;Obrigações Patronais;2882486
Ribeirão Cascalheira;2024;Secretaria Municipal de Educação;Diárias - Civil;47433
Ribeirão Cascalheira;2024;Secretaria Municipal de Educação;Material de Consumo;1196883
Ribeirão Cascalheira;2024;Secretaria Municipal de Educação;Outros Serviços de Terceiros - Pessoa Física;2100
Ribeirão Cascalheira;2024;Secretaria Municipal de Educação;Outros Serviços de Terceiros - Pessoa Jurídica;3962149
Ribeirão Cascalheira;2024;Secretaria Municipal de Educação;Obras e Instalações;146921
Ribeirão Cascalheira;2024;Secretaria Municipal de Educação;Equipamentos e Material Permanente;408020
Ribeirão Cascalheira;2024;Secretaria Municipal de Educação;Indenizações e Restituições;44290
Ribeirão Cascalheira;2024;Secretaria Municipal de Educação;Indenizações e Restituições Trabalhistas;1512030
Ribeirão Cascalheira;2024;Secretaria de Finanças;Contratação por Tempo Determinado;147229
Ribeirão Cascalheira;2024;Secretaria de Finanças;Vencimentos e Vantagens Fixas - Pessoal Civil;836962
Ribeirão Cascalheira;2024;Secretaria de Finanças;Obrigações Patronais;209225
Ribeirão Cascalheira;2024;Secretaria de Finanças;Diárias - Civil;3000
Ribeirão Cascalheira;2024;Secretaria de Finanças;Material de Consumo;22150
Ribeirão Cascalheira;2024;Secretaria de Finanças;Serviços de Consultoria;230531
Ribeirão Cascalheira;2024;Secretaria de Finanças;Outros Serviços de Terceiros - Pessoa Jurídica;481914
Ribeirão Cascalheira;2024;Secretaria de Finanças;Obrigações Tributárias e Contributivas;957058
Ribeirão Cascalheira;2024;Secretaria de Finanças;Equipamentos e Material Permanente;20073
Ribeirão Cascalheira;2024;Secretaria de Finanças;Principal da Dívida Contratual Resgatado;2102731
Ribeirão Cascalheira;2024;Secretaria de Finanças;Indenizações e Restituições;36539
Ribeirão Cascalheira;2024;Secretaria de Finanças;Indenizações e Restituições Trabalhistas;75148
Ribeirão Cascalheira;2024;Secretaria Municipal de Turismo;Vencimentos e Vantagens Fixas - Pessoal Civil;46500
Ribeirão Cascalheira;2024;Secretaria Municipal de Turismo;Obrigações Patronais;7420
Ribeirão Cascalheira;2024;Secretaria Municipal de Turismo;Outros Serviços de Terceiros - Pessoa Jurídica;7929
Ribeirão Cascalheira;2024;Secretaria Municipal de Turismo;Indenizações e Restituições;38138
Ribeirão Cascalheira;2024;Secretaria Municipal de Turismo;Indenizações e Restituições Trabalhistas;6500
Ribeirão Cascalheira;2024;Secretaria Municipal de Cultura, Desporto e Lazer;Contratação por Tempo Determinado;48896
Ribeirão Cascalheira;2024;Secretaria Municipal de Cultura, Desporto e Lazer;Vencimentos e Vantagens Fixas - Pessoal Civil;134556
Ribeirão Cascalheira;2024;Secretaria Municipal de Cultura, Desporto e Lazer;Obrigações Patronais;34757
Ribeirão Cascalheira;2024;Secretaria Municipal de Cultura, Desporto e Lazer;Material de Consumo;220799
Ribeirão Cascalheira;2024;Secretaria Municipal de Cultura, Desporto e Lazer;Premiações Culturais, Artísticas, Científicas, Desportivas e Outras;11000
Ribeirão Cascalheira;2024;Secretaria Municipal de Cultura, Desporto e Lazer;Outros Serviços de Terceiros - Pessoa Física;2959
Ribeirão Cascalheira;2024;Secretaria Municipal de Cultura, Desporto e Lazer;Outros Serviços de Terceiros - Pessoa Jurídica;416133
Ribeirão Cascalheira;2024;Secretaria Municipal de Cultura, Desporto e Lazer;Equipamentos e Material Permanente;4037
Ribeirão Cascalheira;2024;Secretaria Municipal de Cultura, Desporto e Lazer;Indenizações e Restituições;34078
Ribeirão Cascalheira;2024;Secretaria Municipal de Cultura, Desporto e Lazer;Indenizações e Restituições Trabalhistas;28681
Ribeirão Cascalheira;2024;Secretaria Municipal de Transito;Contratação por Tempo Determinado;24677
Ribeirão Cascalheira;2024;Secretaria Municipal de Transito;Vencimentos e Vantagens Fixas - Pessoal Civil;177070
Ribeirão Cascalheira;2024;Secretaria Municipal de Transito;Obrigações Patronais;53401
Ribeirão Cascalheira;2024;Secretaria Municipal de Transito;Diárias - Civil;1000
Ribeirão Cascalheira;2024;Secretaria Municipal de Transito;Material de Consumo;1476
Ribeirão Cascalheira;2024;Secretaria Municipal de Transito;Outros Serviços de Terceiros - Pessoa Jurídica;14356
Ribeirão Cascalheira;2024;Secretaria Municipal de Transito;Equipamentos e Material Permanente;2064
Ribeirão Cascalheira;2024;Secretaria Municipal de Transito;Indenizações e Restituições;44290
Ribeirão Cascalheira;2024;Secretaria Municipal de Transito;Indenizações e Restituições Trabalhistas;7156
Ribeirão Cascalheira;2024;Secretaria Municipal de Meio Ambiente;Contratação por Tempo Determinado;46077
Ribeirão Cascalheira;2024;Secretaria Municipal de Meio Ambiente;Vencimentos e Vantagens Fixas - Pessoal Civil;99164
Ribeirão Cascalheira;2024;Secretaria Municipal de Meio Ambiente;Obrigações Patronais;17516
Ribeirão Cascalheira;2024;Secretaria Municipal de Meio Ambiente;Diárias - Civil;1000
Ribeirão Cascalheira;2024;Secretaria Municipal de Meio Ambiente;Material de Consumo;13669
Ribeirão Cascalheira;2024;Secretaria Municipal de Meio Ambiente;Outros Serviços de Terceiros - Pessoa Jurídica;284622
Ribeirão Cascalheira;2024;Secretaria Municipal de Meio Ambiente;Indenizações e Restituições;37646
Ribeirão Cascalheira;2024;Secretaria Municipal de Meio Ambiente;Indenizações e Restituições Trabalhistas;41316
Ribeirão Cascalheira;2024;Fundo Mun Prev Social Serv Publico de Ribeirao Cas;Aposentadorias, Reserva Remunerada e Reformas;4307920
Ribeirão Cascalheira;2024;Fundo Mun Prev Social Serv Publico de Ribeirao Cas;Pensões;365708
Ribeirão Cascalheira;2024;Fundo Mun Prev Social Serv Publico de Ribeirao Cas;Vencimentos e Vantagens Fixas - Pessoal Civil;75000
Ribeirão Cascalheira;2024;Fundo Mun Prev Social Serv Publico de Ribeirao Cas;Material de Consumo;2007
Ribeirão Cascalheira;2024;Fundo Mun Prev Social Serv Publico de Ribeirao Cas;Serviços de Consultoria;35100
Ribeirão Cascalheira;2024;Fundo Mun Prev Social Serv Publico de Ribeirao Cas;Outros Serviços de Terceiros - Pessoa Física;13856
Ribeirão Cascalheira;2024;Fundo Mun Prev Social Serv Publico de Ribeirao Cas;Outros Serviços de Terceiros - Pessoa Jurídica;116302
Ribeirão Cascalheira;2024;Fundo Mun Prev Social Serv Publico de Ribeirao Cas;Obrigações Tributárias e Contributivas;99933
Ribeirão Cascalheira;2024;Fundo Mun Prev Social Serv Publico de Ribeirao Cas;Equipamentos e Material Permanente;1140
Ribeirão Cascalheira;2024;Fundo Mun Prev Social Serv Publico de Ribeirao Cas;Indenizações e Restituições;44290
Ribeirão Cascalheira;2025;Gabinete do Prefeito;Vencimentos e Vantagens Fixas - Pessoal Civil;1498713
Ribeirão Cascalheira;2025;Gabinete do Prefeito;Obrigações Patronais;364556
Ribeirão Cascalheira;2025;Gabinete do Prefeito;Diárias - Civil;97413
Ribeirão Cascalheira;2025;Gabinete do Prefeito;Material de Consumo;44110
Ribeirão Cascalheira;2025;Gabinete do Prefeito;Serviços de Consultoria;144000
Ribeirão Cascalheira;2025;Gabinete do Prefeito;Outros Serviços de Terceiros - Pessoa Física;17273
Ribeirão Cascalheira;2025;Gabinete do Prefeito;Outros Serviços de Terceiros - Pessoa Jurídica;190022
Ribeirão Cascalheira;2025;Gabinete do Prefeito;Equipamentos e Material Permanente;3534
Ribeirão Cascalheira;2025;Gabinete do Prefeito;Indenizações e Restituições;102001
Ribeirão Cascalheira;2025;Gabinete do Prefeito;Indenizações e Restituições Trabalhistas;25689
Ribeirão Cascalheira;2025;Camara Municipal;Vencimentos e Vantagens Fixas - Pessoal Civil;1372291
Ribeirão Cascalheira;2025;Camara Municipal;Obrigações Patronais;117070
Ribeirão Cascalheira;2025;Camara Municipal;Diárias - Civil;627293
Ribeirão Cascalheira;2025;Camara Municipal;Material de Consumo;241049
Ribeirão Cascalheira;2025;Camara Municipal;Outros Serviços de Terceiros - Pessoa Física;238535
Ribeirão Cascalheira;2025;Camara Municipal;Outros Serviços de Terceiros - Pessoa Jurídica;379216
Ribeirão Cascalheira;2025;Camara Municipal;Serviços de Tecnologia da Informação e Comunicação - Pessoa Jurídica;115800
Ribeirão Cascalheira;2025;Camara Municipal;Equipamentos e Material Permanente;115743
Ribeirão Cascalheira;2025;Camara Municipal;Indenizações e Restituições;416245
Ribeirão Cascalheira;2025;Secretaria Municipal de Saude;Contratação por Tempo Determinado;1692697
Ribeirão Cascalheira;2025;Secretaria Municipal de Saude;Vencimentos e Vantagens Fixas - Pessoal Civil;6113690
Ribeirão Cascalheira;2025;Secretaria Municipal de Saude;Obrigações Patronais;2364213
Ribeirão Cascalheira;2025;Secretaria Municipal de Saude;Diárias - Civil;177676
Ribeirão Cascalheira;2025;Secretaria Municipal de Saude;Material de Consumo;502353
Ribeirão Cascalheira;2025;Secretaria Municipal de Saude;Passagens e Despesas com Locomoção;136772
Ribeirão Cascalheira;2025;Secretaria Municipal de Saude;Outros Serviços de Terceiros - Pessoa Física;83659
Ribeirão Cascalheira;2025;Secretaria Municipal de Saude;Outros Serviços de Terceiros - Pessoa Jurídica;9452379
Ribeirão Cascalheira;2025;Secretaria Municipal de Saude;Outros Auxílios Financeiros a Pessoas Físicas;168767
Ribeirão Cascalheira;2025;Secretaria Municipal de Saude;Obras e Instalações;825939
Ribeirão Cascalheira;2025;Secretaria Municipal de Saude;Equipamentos e Material Permanente;1475324
Ribeirão Cascalheira;2025;Secretaria Municipal de Saude;Rateio Pela Participação em Consórcio Público;722450
Ribeirão Cascalheira;2025;Secretaria Municipal de Saude;Sentenças Judiciais;11900
Ribeirão Cascalheira;2025;Secretaria Municipal de Saude;Indenizações e Restituições;61408
Ribeirão Cascalheira;2025;Secretaria Municipal de Saude;Indenizações e Restituições Trabalhistas;438779
Ribeirão Cascalheira;2025;Secretaria Municipal de Infra Estrutura;Contratação por Tempo Determinado;1801758
Ribeirão Cascalheira;2025;Secretaria Municipal de Infra Estrutura;Vencimentos e Vantagens Fixas - Pessoal Civil;866672
Ribeirão Cascalheira;2025;Secretaria Municipal de Infra Estrutura;Obrigações Patronais;481717
Ribeirão Cascalheira;2025;Secretaria Municipal de Infra Estrutura;Diárias - Civil;28997
Ribeirão Cascalheira;2025;Secretaria Municipal de Infra Estrutura;Material de Consumo;842619
Ribeirão Cascalheira;2025;Secretaria Municipal de Infra Estrutura;Outros Serviços de Terceiros - Pessoa Física;29345
Ribeirão Cascalheira;2025;Secretaria Municipal de Infra Estrutura;Outros Serviços de Terceiros - Pessoa Jurídica;5427191
Ribeirão Cascalheira;2025;Secretaria Municipal de Infra Estrutura;Obras e Instalações;988306
Ribeirão Cascalheira;2025;Secretaria Municipal de Infra Estrutura;Equipamentos e Material Permanente;618473
Ribeirão Cascalheira;2025;Secretaria Municipal de Infra Estrutura;Indenizações e Restituições;326935
Ribeirão Cascalheira;2025;Secretaria Municipal de Infra Estrutura;Indenizações e Restituições Trabalhistas;327254
Ribeirão Cascalheira;2025;Secretaria Municipal de Administração;Contratação por Tempo Determinado;216697
Ribeirão Cascalheira;2025;Secretaria Municipal de Administração;Vencimentos e Vantagens Fixas - Pessoal Civil;1779950
Ribeirão Cascalheira;2025;Secretaria Municipal de Administração;Obrigações Patronais;583668
Ribeirão Cascalheira;2025;Secretaria Municipal de Administração;Diárias - Civil;5080
Ribeirão Cascalheira;2025;Secretaria Municipal de Administração;Material de Consumo;48450
Ribeirão Cascalheira;2025;Secretaria Municipal de Administração;Serviços de Consultoria;177976
Ribeirão Cascalheira;2025;Secretaria Municipal de Administração;Outros Serviços de Terceiros - Pessoa Física;68173
Ribeirão Cascalheira;2025;Secretaria Municipal de Administração;Outros Serviços de Terceiros - Pessoa Jurídica;1993724
Ribeirão Cascalheira;2025;Secretaria Municipal de Administração;Equipamentos e Material Permanente;16763
Ribeirão Cascalheira;2025;Secretaria Municipal de Administração;Sentenças Judiciais;222995
Ribeirão Cascalheira;2025;Secretaria Municipal de Administração;Indenizações e Restituições;88891
Ribeirão Cascalheira;2025;Secretaria Municipal de Administração;Indenizações e Restituições Trabalhistas;103190
Ribeirão Cascalheira;2025;Secretaria Municipal de Agricultura;Contratação por Tempo Determinado;46046
Ribeirão Cascalheira;2025;Secretaria Municipal de Agricultura;Vencimentos e Vantagens Fixas - Pessoal Civil;562227
Ribeirão Cascalheira;2025;Secretaria Municipal de Agricultura;Obrigações Patronais;168977
Ribeirão Cascalheira;2025;Secretaria Municipal de Agricultura;Diárias - Civil;18840
Ribeirão Cascalheira;2025;Secretaria Municipal de Agricultura;Material de Consumo;11385
Ribeirão Cascalheira;2025;Secretaria Municipal de Agricultura;Outros Serviços de Terceiros - Pessoa Física;4000
Ribeirão Cascalheira;2025;Secretaria Municipal de Agricultura;Outros Serviços de Terceiros - Pessoa Jurídica;24023
Ribeirão Cascalheira;2025;Secretaria Municipal de Agricultura;Equipamentos e Material Permanente;7191
Ribeirão Cascalheira;2025;Secretaria Municipal de Agricultura;Indenizações e Restituições;50027
Ribeirão Cascalheira;2025;Secretaria Municipal de Agricultura;Indenizações e Restituições Trabalhistas;25165
Ribeirão Cascalheira;2025;Secretaria de Assistência Social;Contratação por Tempo Determinado;224525
Ribeirão Cascalheira;2025;Secretaria de Assistência Social;Vencimentos e Vantagens Fixas - Pessoal Civil;819050
Ribeirão Cascalheira;2025;Secretaria de Assistência Social;Obrigações Patronais;260356
Ribeirão Cascalheira;2025;Secretaria de Assistência Social;Diárias - Civil;75120
Ribeirão Cascalheira;2025;Secretaria de Assistência Social;Material de Consumo;180973
Ribeirão Cascalheira;2025;Secretaria de Assistência Social;Material, Bem Ou Serviço para Distribuição Gratuita;2590
Ribeirão Cascalheira;2025;Secretaria de Assistência Social;Passagens e Despesas com Locomoção;23036
Ribeirão Cascalheira;2025;Secretaria de Assistência Social;Outros Serviços de Terceiros - Pessoa Física;22872
Ribeirão Cascalheira;2025;Secretaria de Assistência Social;Outros Serviços de Terceiros - Pessoa Jurídica;331628
Ribeirão Cascalheira;2025;Secretaria de Assistência Social;Obras e Instalações;81131
Ribeirão Cascalheira;2025;Secretaria de Assistência Social;Equipamentos e Material Permanente;38699
Ribeirão Cascalheira;2025;Secretaria de Assistência Social;Indenizações e Restituições;55332
Ribeirão Cascalheira;2025;Secretaria de Assistência Social;Indenizações e Restituições Trabalhistas;60730
Ribeirão Cascalheira;2025;Secretaria Municipal de Educação;Contratação por Tempo Determinado;8419950
Ribeirão Cascalheira;2025;Secretaria Municipal de Educação;Vencimentos e Vantagens Fixas - Pessoal Civil;7116232
Ribeirão Cascalheira;2025;Secretaria Municipal de Educação;Obrigações Patronais;3879442
Ribeirão Cascalheira;2025;Secretaria Municipal de Educação;Diárias - Civil;72670
Ribeirão Cascalheira;2025;Secretaria Municipal de Educação;Material de Consumo;1349907
Ribeirão Cascalheira;2025;Secretaria Municipal de Educação;Material, Bem Ou Serviço para Distribuição Gratuita;458006
Ribeirão Cascalheira;2025;Secretaria Municipal de Educação;Outros Serviços de Terceiros - Pessoa Física;6110
Ribeirão Cascalheira;2025;Secretaria Municipal de Educação;Outros Serviços de Terceiros - Pessoa Jurídica;3496325
Ribeirão Cascalheira;2025;Secretaria Municipal de Educação;Obras e Instalações;36180
Ribeirão Cascalheira;2025;Secretaria Municipal de Educação;Equipamentos e Material Permanente;68327
Ribeirão Cascalheira;2025;Secretaria Municipal de Educação;Indenizações e Restituições;50222
Ribeirão Cascalheira;2025;Secretaria Municipal de Educação;Indenizações e Restituições Trabalhistas;1077497
Ribeirão Cascalheira;2025;Secretaria de Finanças;Contratação por Tempo Determinado;125233
Ribeirão Cascalheira;2025;Secretaria de Finanças;Vencimentos e Vantagens Fixas - Pessoal Civil;950418
Ribeirão Cascalheira;2025;Secretaria de Finanças;Obrigações Patronais;336093
Ribeirão Cascalheira;2025;Secretaria de Finanças;Material de Consumo;11736
Ribeirão Cascalheira;2025;Secretaria de Finanças;Serviços de Consultoria;327663
Ribeirão Cascalheira;2025;Secretaria de Finanças;Outros Serviços de Terceiros - Pessoa Física;794
Ribeirão Cascalheira;2025;Secretaria de Finanças;Outros Serviços de Terceiros - Pessoa Jurídica;165042
Ribeirão Cascalheira;2025;Secretaria de Finanças;Obrigações Tributárias e Contributivas;1155570
Ribeirão Cascalheira;2025;Secretaria de Finanças;Equipamentos e Material Permanente;4860
Ribeirão Cascalheira;2025;Secretaria de Finanças;Principal da Dívida Contratual Resgatado;1410991
Ribeirão Cascalheira;2025;Secretaria de Finanças;Indenizações e Restituições;50652
Ribeirão Cascalheira;2025;Secretaria de Finanças;Indenizações e Restituições Trabalhistas;59952
Ribeirão Cascalheira;2025;Secretaria Municipal de Turismo;Vencimentos e Vantagens Fixas - Pessoal Civil;70712
Ribeirão Cascalheira;2025;Secretaria Municipal de Turismo;Obrigações Patronais;9306
Ribeirão Cascalheira;2025;Secretaria Municipal de Turismo;Material de Consumo;286
Ribeirão Cascalheira;2025;Secretaria Municipal de Turismo;Outros Serviços de Terceiros - Pessoa Jurídica;663880
Ribeirão Cascalheira;2025;Secretaria Municipal de Turismo;Equipamentos e Material Permanente;1542
Ribeirão Cascalheira;2025;Secretaria Municipal de Turismo;Indenizações e Restituições;42236
Ribeirão Cascalheira;2025;Secretaria Municipal de Cultura, Desporto e Lazer;Contratação por Tempo Determinado;49429
Ribeirão Cascalheira;2025;Secretaria Municipal de Cultura, Desporto e Lazer;Vencimentos e Vantagens Fixas - Pessoal Civil;91317
Ribeirão Cascalheira;2025;Secretaria Municipal de Cultura, Desporto e Lazer;Obrigações Patronais;40642
Ribeirão Cascalheira;2025;Secretaria Municipal de Cultura, Desporto e Lazer;Diárias - Civil;5775
Ribeirão Cascalheira;2025;Secretaria Municipal de Cultura, Desporto e Lazer;Material de Consumo;111781
Ribeirão Cascalheira;2025;Secretaria Municipal de Cultura, Desporto e Lazer;Premiações Culturais, Artísticas, Científicas, Desportivas e Outras;48612
Ribeirão Cascalheira;2025;Secretaria Municipal de Cultura, Desporto e Lazer;Serviços de Consultoria;4220
Ribeirão Cascalheira;2025;Secretaria Municipal de Cultura, Desporto e Lazer;Outros Serviços de Terceiros - Pessoa Física;56247
Ribeirão Cascalheira;2025;Secretaria Municipal de Cultura, Desporto e Lazer;Outros Serviços de Terceiros - Pessoa Jurídica;82509
Ribeirão Cascalheira;2025;Secretaria Municipal de Cultura, Desporto e Lazer;Indenizações e Restituições;46131
Ribeirão Cascalheira;2025;Secretaria Municipal de Cultura, Desporto e Lazer;Indenizações e Restituições Trabalhistas;9510
Ribeirão Cascalheira;2025;Secretaria Municipal de Transito;Vencimentos e Vantagens Fixas - Pessoal Civil;200547
Ribeirão Cascalheira;2025;Secretaria Municipal de Transito;Obrigações Patronais;64831
Ribeirão Cascalheira;2025;Secretaria Municipal de Transito;Diárias - Civil;7300
Ribeirão Cascalheira;2025;Secretaria Municipal de Transito;Material de Consumo;4505
Ribeirão Cascalheira;2025;Secretaria Municipal de Transito;Outros Serviços de Terceiros - Pessoa Jurídica;9632
Ribeirão Cascalheira;2025;Secretaria Municipal de Transito;Equipamentos e Material Permanente;3499
Ribeirão Cascalheira;2025;Secretaria Municipal de Transito;Indenizações e Restituições;50027
Ribeirão Cascalheira;2025;Secretaria Municipal de Transito;Indenizações e Restituições Trabalhistas;4625
Ribeirão Cascalheira;2025;Secretaria Municipal de Meio Ambiente;Contratação por Tempo Determinado;65635
Ribeirão Cascalheira;2025;Secretaria Municipal de Meio Ambiente;Vencimentos e Vantagens Fixas - Pessoal Civil;164087
Ribeirão Cascalheira;2025;Secretaria Municipal de Meio Ambiente;Obrigações Patronais;55076
Ribeirão Cascalheira;2025;Secretaria Municipal de Meio Ambiente;Diárias - Civil;840
Ribeirão Cascalheira;2025;Secretaria Municipal de Meio Ambiente;Material de Consumo;6716
Ribeirão Cascalheira;2025;Secretaria Municipal de Meio Ambiente;Outros Serviços de Terceiros - Pessoa Jurídica;746191
Ribeirão Cascalheira;2025;Secretaria Municipal de Meio Ambiente;Equipamentos e Material Permanente;245900
Ribeirão Cascalheira;2025;Secretaria Municipal de Meio Ambiente;Indenizações e Restituições;50017
Ribeirão Cascalheira;2025;Secretaria Municipal de Meio Ambiente;Indenizações e Restituições Trabalhistas;16745
Ribeirão Cascalheira;2025;Fundo Mun Prev Social Serv Publico de Ribeirao Cas;Aposentadorias, Reserva Remunerada e Reformas;4750215
Ribeirão Cascalheira;2025;Fundo Mun Prev Social Serv Publico de Ribeirao Cas;Pensões;429257
Ribeirão Cascalheira;2025;Fundo Mun Prev Social Serv Publico de Ribeirao Cas;Vencimentos e Vantagens Fixas - Pessoal Civil;94300
Ribeirão Cascalheira;2025;Fundo Mun Prev Social Serv Publico de Ribeirao Cas;Obrigações Patronais;12992
Ribeirão Cascalheira;2025;Fundo Mun Prev Social Serv Publico de Ribeirao Cas;Material de Consumo;2328
Ribeirão Cascalheira;2025;Fundo Mun Prev Social Serv Publico de Ribeirao Cas;Outros Serviços de Terceiros - Pessoa Física;10930
Ribeirão Cascalheira;2025;Fundo Mun Prev Social Serv Publico de Ribeirao Cas;Outros Serviços de Terceiros - Pessoa Jurídica;159759
Ribeirão Cascalheira;2025;Fundo Mun Prev Social Serv Publico de Ribeirao Cas;Obrigações Tributárias e Contributivas;84407
Ribeirão Cascalheira;2025;Fundo Mun Prev Social Serv Publico de Ribeirao Cas;Indenizações e Restituições;46131
Ribeirão Cascalheira;2026;Gabinete do Prefeito;Contratação por Tempo Determinado;2208
Ribeirão Cascalheira;2026;Gabinete do Prefeito;Vencimentos e Vantagens Fixas - Pessoal Civil;851425
Ribeirão Cascalheira;2026;Gabinete do Prefeito;Obrigações Patronais;219213
Ribeirão Cascalheira;2026;Gabinete do Prefeito;Diárias - Civil;46930
Ribeirão Cascalheira;2026;Gabinete do Prefeito;Material de Consumo;3446
Ribeirão Cascalheira;2026;Gabinete do Prefeito;Passagens e Despesas com Locomoção;128
Ribeirão Cascalheira;2026;Gabinete do Prefeito;Outros Serviços de Terceiros - Pessoa Jurídica;26043
Ribeirão Cascalheira;2026;Gabinete do Prefeito;Equipamentos e Material Permanente;8527
Ribeirão Cascalheira;2026;Gabinete do Prefeito;Indenizações e Restituições;46745
Ribeirão Cascalheira;2026;Gabinete do Prefeito;Indenizações e Restituições Trabalhistas;12561
Ribeirão Cascalheira;2026;Camara Municipal;Vencimentos e Vantagens Fixas - Pessoal Civil;841975
Ribeirão Cascalheira;2026;Camara Municipal;Obrigações Patronais;79273
Ribeirão Cascalheira;2026;Camara Municipal;Diárias - Civil;257000
Ribeirão Cascalheira;2026;Camara Municipal;Material de Consumo;74767
Ribeirão Cascalheira;2026;Camara Municipal;Outros Serviços de Terceiros - Pessoa Física;40941
Ribeirão Cascalheira;2026;Camara Municipal;Outros Serviços de Terceiros - Pessoa Jurídica;272868
Ribeirão Cascalheira;2026;Camara Municipal;Serviços de Tecnologia da Informação e Comunicação - Pessoa Jurídica;5646
Ribeirão Cascalheira;2026;Camara Municipal;Equipamentos e Material Permanente;10680
Ribeirão Cascalheira;2026;Camara Municipal;Indenizações e Restituições;214494
Ribeirão Cascalheira;2026;Secretaria Municipal de Saude;Contratação por Tempo Determinado;959062
Ribeirão Cascalheira;2026;Secretaria Municipal de Saude;Vencimentos e Vantagens Fixas - Pessoal Civil;3744863
Ribeirão Cascalheira;2026;Secretaria Municipal de Saude;Obrigações Patronais;1485670
Ribeirão Cascalheira;2026;Secretaria Municipal de Saude;Diárias - Civil;126137
Ribeirão Cascalheira;2026;Secretaria Municipal de Saude;Material de Consumo;303351
Ribeirão Cascalheira;2026;Secretaria Municipal de Saude;Passagens e Despesas com Locomoção;113063
Ribeirão Cascalheira;2026;Secretaria Municipal de Saude;Outros Serviços de Terceiros - Pessoa Física;37116
Ribeirão Cascalheira;2026;Secretaria Municipal de Saude;Outros Serviços de Terceiros - Pessoa Jurídica;5830764
Ribeirão Cascalheira;2026;Secretaria Municipal de Saude;Outros Auxílios Financeiros a Pessoas Físicas;17540
Ribeirão Cascalheira;2026;Secretaria Municipal de Saude;Equipamentos e Material Permanente;370509
Ribeirão Cascalheira;2026;Secretaria Municipal de Saude;Rateio Pela Participação em Consórcio Público;490081
Ribeirão Cascalheira;2026;Secretaria Municipal de Saude;Sentenças Judiciais;10150
Ribeirão Cascalheira;2026;Secretaria Municipal de Saude;Indenizações e Restituições;25573
Ribeirão Cascalheira;2026;Secretaria Municipal de Saude;Indenizações e Restituições Trabalhistas;103819
Ribeirão Cascalheira;2026;Secretaria Municipal de Infra Estrutura;Contratação por Tempo Determinado;1163964
Ribeirão Cascalheira;2026;Secretaria Municipal de Infra Estrutura;Vencimentos e Vantagens Fixas - Pessoal Civil;521368
Ribeirão Cascalheira;2026;Secretaria Municipal de Infra Estrutura;Obrigações Patronais;369415
Ribeirão Cascalheira;2026;Secretaria Municipal de Infra Estrutura;Diárias - Civil;27908
Ribeirão Cascalheira;2026;Secretaria Municipal de Infra Estrutura;Material de Consumo;1071112
Ribeirão Cascalheira;2026;Secretaria Municipal de Infra Estrutura;Outros Serviços de Terceiros - Pessoa Física;14330
Ribeirão Cascalheira;2026;Secretaria Municipal de Infra Estrutura;Outros Serviços de Terceiros - Pessoa Jurídica;3533983
Ribeirão Cascalheira;2026;Secretaria Municipal de Infra Estrutura;Obras e Instalações;979
Ribeirão Cascalheira;2026;Secretaria Municipal de Infra Estrutura;Equipamentos e Material Permanente;235967
Ribeirão Cascalheira;2026;Secretaria Municipal de Infra Estrutura;Indenizações e Restituições;56373
Ribeirão Cascalheira;2026;Secretaria Municipal de Infra Estrutura;Indenizações e Restituições Trabalhistas;131855
Ribeirão Cascalheira;2026;Secretaria Municipal de Administração;Contratação por Tempo Determinado;141455
Ribeirão Cascalheira;2026;Secretaria Municipal de Administração;Vencimentos e Vantagens Fixas - Pessoal Civil;1364341
Ribeirão Cascalheira;2026;Secretaria Municipal de Administração;Obrigações Patronais;483971
Ribeirão Cascalheira;2026;Secretaria Municipal de Administração;Diárias - Civil;1420
Ribeirão Cascalheira;2026;Secretaria Municipal de Administração;Material de Consumo;71494
Ribeirão Cascalheira;2026;Secretaria Municipal de Administração;Outros Serviços de Terceiros - Pessoa Física;34463
Ribeirão Cascalheira;2026;Secretaria Municipal de Administração;Outros Serviços de Terceiros - Pessoa Jurídica;1018497
Ribeirão Cascalheira;2026;Secretaria Municipal de Administração;Equipamentos e Material Permanente;20470
Ribeirão Cascalheira;2026;Secretaria Municipal de Administração;Indenizações e Restituições;85383
Ribeirão Cascalheira;2026;Secretaria Municipal de Administração;Indenizações e Restituições Trabalhistas;50702
Ribeirão Cascalheira;2026;Secretaria Municipal de Agricultura;Contratação por Tempo Determinado;22723
Ribeirão Cascalheira;2026;Secretaria Municipal de Agricultura;Vencimentos e Vantagens Fixas - Pessoal Civil;380060
Ribeirão Cascalheira;2026;Secretaria Municipal de Agricultura;Obrigações Patronais;118913
Ribeirão Cascalheira;2026;Secretaria Municipal de Agricultura;Diárias - Civil;2800
Ribeirão Cascalheira;2026;Secretaria Municipal de Agricultura;Material de Consumo;5807
Ribeirão Cascalheira;2026;Secretaria Municipal de Agricultura;Outros Serviços de Terceiros - Pessoa Jurídica;28379
Ribeirão Cascalheira;2026;Secretaria Municipal de Agricultura;Indenizações e Restituições;23373
Ribeirão Cascalheira;2026;Secretaria Municipal de Agricultura;Indenizações e Restituições Trabalhistas;25645
Ribeirão Cascalheira;2026;Secretaria de Assistência Social;Contratação por Tempo Determinado;149811
Ribeirão Cascalheira;2026;Secretaria de Assistência Social;Vencimentos e Vantagens Fixas - Pessoal Civil;474600
Ribeirão Cascalheira;2026;Secretaria de Assistência Social;Obrigações Patronais;166971
Ribeirão Cascalheira;2026;Secretaria de Assistência Social;Diárias - Civil;16320
Ribeirão Cascalheira;2026;Secretaria de Assistência Social;Material de Consumo;84139
Ribeirão Cascalheira;2026;Secretaria de Assistência Social;Passagens e Despesas com Locomoção;3706
Ribeirão Cascalheira;2026;Secretaria de Assistência Social;Outros Serviços de Terceiros - Pessoa Jurídica;114670
Ribeirão Cascalheira;2026;Secretaria de Assistência Social;Obras e Instalações;33134
Ribeirão Cascalheira;2026;Secretaria de Assistência Social;Equipamentos e Material Permanente;23137
Ribeirão Cascalheira;2026;Secretaria de Assistência Social;Indenizações e Restituições;19875
Ribeirão Cascalheira;2026;Secretaria de Assistência Social;Indenizações e Restituições Trabalhistas;18934
Ribeirão Cascalheira;2026;Secretaria Municipal de Educação;Contratação por Tempo Determinado;5561125
Ribeirão Cascalheira;2026;Secretaria Municipal de Educação;Vencimentos e Vantagens Fixas - Pessoal Civil;4787444
Ribeirão Cascalheira;2026;Secretaria Municipal de Educação;Obrigações Patronais;2537028
Ribeirão Cascalheira;2026;Secretaria Municipal de Educação;Diárias - Civil;86215
Ribeirão Cascalheira;2026;Secretaria Municipal de Educação;Material de Consumo;797234
Ribeirão Cascalheira;2026;Secretaria Municipal de Educação;Material, Bem Ou Serviço para Distribuição Gratuita;113286
Ribeirão Cascalheira;2026;Secretaria Municipal de Educação;Outros Serviços de Terceiros - Pessoa Física;698
Ribeirão Cascalheira;2026;Secretaria Municipal de Educação;Outros Serviços de Terceiros - Pessoa Jurídica;1719083
Ribeirão Cascalheira;2026;Secretaria Municipal de Educação;Obras e Instalações;9044
Ribeirão Cascalheira;2026;Secretaria Municipal de Educação;Equipamentos e Material Permanente;298961
Ribeirão Cascalheira;2026;Secretaria Municipal de Educação;Indenizações e Restituições;32153
Ribeirão Cascalheira;2026;Secretaria Municipal de Educação;Indenizações e Restituições Trabalhistas;591624
Ribeirão Cascalheira;2026;Secretaria de Finanças;Contratação por Tempo Determinado;61777
Ribeirão Cascalheira;2026;Secretaria de Finanças;Vencimentos e Vantagens Fixas - Pessoal Civil;608623
Ribeirão Cascalheira;2026;Secretaria de Finanças;Obrigações Patronais;221937
Ribeirão Cascalheira;2026;Secretaria de Finanças;Diárias - Civil;1400
Ribeirão Cascalheira;2026;Secretaria de Finanças;Material de Consumo;11713
Ribeirão Cascalheira;2026;Secretaria de Finanças;Serviços de Consultoria;285536
Ribeirão Cascalheira;2026;Secretaria de Finanças;Outros Serviços de Terceiros - Pessoa Jurídica;216654
Ribeirão Cascalheira;2026;Secretaria de Finanças;Obrigações Tributárias e Contributivas;612566
Ribeirão Cascalheira;2026;Secretaria de Finanças;Equipamentos e Material Permanente;10760
Ribeirão Cascalheira;2026;Secretaria de Finanças;Principal da Dívida Contratual Resgatado;404545
Ribeirão Cascalheira;2026;Secretaria de Finanças;Indenizações e Restituições;28700
Ribeirão Cascalheira;2026;Secretaria de Finanças;Indenizações e Restituições Trabalhistas;15818
Ribeirão Cascalheira;2026;Secretaria Municipal de Turismo;Vencimentos e Vantagens Fixas - Pessoal Civil;40890
Ribeirão Cascalheira;2026;Secretaria Municipal de Turismo;Obrigações Patronais;7373
Ribeirão Cascalheira;2026;Secretaria Municipal de Turismo;Outros Serviços de Terceiros - Pessoa Jurídica;3505
Ribeirão Cascalheira;2026;Secretaria Municipal de Turismo;Indenizações e Restituições;25320
Ribeirão Cascalheira;2026;Secretaria Municipal de Cultura, Desporto e Lazer;Contratação por Tempo Determinado;34529
Ribeirão Cascalheira;2026;Secretaria Municipal de Cultura, Desporto e Lazer;Vencimentos e Vantagens Fixas - Pessoal Civil;126438
Ribeirão Cascalheira;2026;Secretaria Municipal de Cultura, Desporto e Lazer;Obrigações Patronais;42346
Ribeirão Cascalheira;2026;Secretaria Municipal de Cultura, Desporto e Lazer;Diárias - Civil;5160
Ribeirão Cascalheira;2026;Secretaria Municipal de Cultura, Desporto e Lazer;Material de Consumo;456360
Ribeirão Cascalheira;2026;Secretaria Municipal de Cultura, Desporto e Lazer;Premiações Culturais, Artísticas, Científicas, Desportivas e Outras;3500
Ribeirão Cascalheira;2026;Secretaria Municipal de Cultura, Desporto e Lazer;Outros Serviços de Terceiros - Pessoa Física;3550
Ribeirão Cascalheira;2026;Secretaria Municipal de Cultura, Desporto e Lazer;Outros Serviços de Terceiros - Pessoa Jurídica;375420
Ribeirão Cascalheira;2026;Secretaria Municipal de Cultura, Desporto e Lazer;Equipamentos e Material Permanente;5250
Ribeirão Cascalheira;2026;Secretaria Municipal de Cultura, Desporto e Lazer;Indenizações e Restituições;27268
Ribeirão Cascalheira;2026;Secretaria Municipal de Cultura, Desporto e Lazer;Indenizações e Restituições Trabalhistas;3221
Ribeirão Cascalheira;2026;Secretaria Municipal de Transito;Vencimentos e Vantagens Fixas - Pessoal Civil;135647
Ribeirão Cascalheira;2026;Secretaria Municipal de Transito;Obrigações Patronais;42577
Ribeirão Cascalheira;2026;Secretaria Municipal de Transito;Material de Consumo;1964
Ribeirão Cascalheira;2026;Secretaria Municipal de Transito;Outros Serviços de Terceiros - Pessoa Jurídica;3464
Ribeirão Cascalheira;2026;Secretaria Municipal de Transito;Equipamentos e Material Permanente;4039
Ribeirão Cascalheira;2026;Secretaria Municipal de Transito;Indenizações e Restituições;21425
Ribeirão Cascalheira;2026;Secretaria Municipal de Transito;Indenizações e Restituições Trabalhistas;1990
Ribeirão Cascalheira;2026;Secretaria Municipal de Meio Ambiente;Contratação por Tempo Determinado;43268
Ribeirão Cascalheira;2026;Secretaria Municipal de Meio Ambiente;Vencimentos e Vantagens Fixas - Pessoal Civil;91408
Ribeirão Cascalheira;2026;Secretaria Municipal de Meio Ambiente;Obrigações Patronais;39019
Ribeirão Cascalheira;2026;Secretaria Municipal de Meio Ambiente;Diárias - Civil;7300
Ribeirão Cascalheira;2026;Secretaria Municipal de Meio Ambiente;Material de Consumo;3374
Ribeirão Cascalheira;2026;Secretaria Municipal de Meio Ambiente;Outros Serviços de Terceiros - Pessoa Jurídica;363877
Ribeirão Cascalheira;2026;Secretaria Municipal de Meio Ambiente;Equipamentos e Material Permanente;36600
Ribeirão Cascalheira;2026;Secretaria Municipal de Meio Ambiente;Indenizações e Restituições;27268
Ribeirão Cascalheira;2026;Secretaria Municipal de Meio Ambiente;Indenizações e Restituições Trabalhistas;12739
Ribeirão Cascalheira;2026;Fundo Mun Prev Social Serv Publico de Ribeirao Cas;Aposentadorias, Reserva Remunerada e Reformas;409612
Ribeirão Cascalheira;2026;Fundo Mun Prev Social Serv Publico de Ribeirao Cas;Pensões;37211
Ribeirão Cascalheira;2026;Fundo Mun Prev Social Serv Publico de Ribeirao Cas;Vencimentos e Vantagens Fixas - Pessoal Civil;6900
Ribeirão Cascalheira;2026;Fundo Mun Prev Social Serv Publico de Ribeirao Cas;Obrigações Patronais;970
Ribeirão Cascalheira;2026;Fundo Mun Prev Social Serv Publico de Ribeirao Cas;Outros Serviços de Terceiros - Pessoa Física;973
Ribeirão Cascalheira;2026;Fundo Mun Prev Social Serv Publico de Ribeirao Cas;Outros Serviços de Terceiros - Pessoa Jurídica;5789
Ribeirão Cascalheira;2026;Fundo Mun Prev Social Serv Publico de Ribeirao Cas;Indenizações e Restituições;3895
São Félix do Araguaia;2021;Secretaria Municipal de Financas;Vencimentos e Vantagens Fixas - Pessoal Civil;1442011
São Félix do Araguaia;2021;Secretaria Municipal de Financas;Obrigações Patronais;143810
São Félix do Araguaia;2021;Secretaria Municipal de Financas;Diárias - Civil;8377
São Félix do Araguaia;2021;Secretaria Municipal de Financas;Material de Consumo;4349
São Félix do Araguaia;2021;Secretaria Municipal de Financas;Serviços de Consultoria;3450
São Félix do Araguaia;2021;Secretaria Municipal de Financas;Outros Serviços de Terceiros - Pessoa Física;6185
São Félix do Araguaia;2021;Secretaria Municipal de Financas;Outros Serviços de Terceiros - Pessoa Jurídica;489084
São Félix do Araguaia;2021;Secretaria Municipal de Financas;Obrigações Tributárias e Contributivas;721288
São Félix do Araguaia;2021;Secretaria Municipal de Financas;Equipamentos e Material Permanente;13969
São Félix do Araguaia;2021;Secretaria Municipal de Financas;Principal da Dívida Contratual Resgatado;940020
São Félix do Araguaia;2021;Secretaria Municipal de Financas;Indenizações e Restituições;2944
São Félix do Araguaia;2021;Secretaria Municipal de Saude;Vencimentos e Vantagens Fixas - Pessoal Civil;8704687
São Félix do Araguaia;2021;Secretaria Municipal de Saude;Obrigações Patronais;1320978
São Félix do Araguaia;2021;Secretaria Municipal de Saude;Diárias - Civil;300939
São Félix do Araguaia;2021;Secretaria Municipal de Saude;Material de Consumo;2157198
São Félix do Araguaia;2021;Secretaria Municipal de Saude;Material, Bem Ou Serviço para Distribuição Gratuita;650252
São Félix do Araguaia;2021;Secretaria Municipal de Saude;Passagens e Despesas com Locomoção;71564
São Félix do Araguaia;2021;Secretaria Municipal de Saude;Outros Serviços de Terceiros - Pessoa Física;480582
São Félix do Araguaia;2021;Secretaria Municipal de Saude;Outros Serviços de Terceiros - Pessoa Jurídica;3789825
São Félix do Araguaia;2021;Secretaria Municipal de Saude;Contribuições;11831
São Félix do Araguaia;2021;Secretaria Municipal de Saude;Obras e Instalações;69854
São Félix do Araguaia;2021;Secretaria Municipal de Saude;Equipamentos e Material Permanente;258113
São Félix do Araguaia;2021;Secretaria Municipal de Saude;Rateio Pela Participação em Consórcio Público;3249678
São Félix do Araguaia;2021;Secretaria Municipal de Saude;Indenizações e Restituições;98726
São Félix do Araguaia;2021;Secretaria Municipal de Saude;Indenizações e Restituições Trabalhistas;68426
São Félix do Araguaia;2021;Secretaria Municipal de Educacao e Cultura;Vencimentos e Vantagens Fixas - Pessoal Civil;10953267
São Félix do Araguaia;2021;Secretaria Municipal de Educacao e Cultura;Obrigações Patronais;1254923
São Félix do Araguaia;2021;Secretaria Municipal de Educacao e Cultura;Diárias - Civil;91566
São Félix do Araguaia;2021;Secretaria Municipal de Educacao e Cultura;Material de Consumo;831772
São Félix do Araguaia;2021;Secretaria Municipal de Educacao e Cultura;Premiações Culturais, Artísticas, Científicas, Desportivas e Outras;12152
São Félix do Araguaia;2021;Secretaria Municipal de Educacao e Cultura;Outros Serviços de Terceiros - Pessoa Física;141403
São Félix do Araguaia;2021;Secretaria Municipal de Educacao e Cultura;Outros Serviços de Terceiros - Pessoa Jurídica;1263529
São Félix do Araguaia;2021;Secretaria Municipal de Educacao e Cultura;Equipamentos e Material Permanente;30205
São Félix do Araguaia;2021;Secretaria Municipal de Educacao e Cultura;Indenizações e Restituições;575
São Félix do Araguaia;2021;Secretaria Municipal de Educacao e Cultura;Indenizações e Restituições Trabalhistas;62629
São Félix do Araguaia;2021;Secretaria Municipal de Educacao e Cultura;Serviços de Tecnologia da Informação e Comunicação - Pessoa Jurídica;26654
São Félix do Araguaia;2021;Secretaria Municipal de Obras e Servicos Urbanos;Vencimentos e Vantagens Fixas - Pessoal Civil;1635735
São Félix do Araguaia;2021;Secretaria Municipal de Obras e Servicos Urbanos;Obrigações Patronais;305942
São Félix do Araguaia;2021;Secretaria Municipal de Obras e Servicos Urbanos;Diárias - Civil;39248
São Félix do Araguaia;2021;Secretaria Municipal de Obras e Servicos Urbanos;Material de Consumo;4733308
São Félix do Araguaia;2021;Secretaria Municipal de Obras e Servicos Urbanos;Outros Serviços de Terceiros - Pessoa Física;614236
São Félix do Araguaia;2021;Secretaria Municipal de Obras e Servicos Urbanos;Outros Serviços de Terceiros - Pessoa Jurídica;5978694
São Félix do Araguaia;2021;Secretaria Municipal de Obras e Servicos Urbanos;Obras e Instalações;1588816
São Félix do Araguaia;2021;Secretaria Municipal de Obras e Servicos Urbanos;Equipamentos e Material Permanente;2358795
São Félix do Araguaia;2021;Secretaria Municipal de Obras e Servicos Urbanos;Rateio Pela Participação em Consórcio Público;35000
São Félix do Araguaia;2021;Secretaria Municipal de Obras e Servicos Urbanos;Indenizações e Restituições;1250
São Félix do Araguaia;2021;Secretaria Municipal de Obras e Servicos Urbanos;Indenizações e Restituições Trabalhistas;11628
São Félix do Araguaia;2021;Secretaria Municipal de Agricultura;Vencimentos e Vantagens Fixas - Pessoal Civil;275143
São Félix do Araguaia;2021;Secretaria Municipal de Agricultura;Obrigações Patronais;78271
São Félix do Araguaia;2021;Secretaria Municipal de Agricultura;Diárias - Civil;16806
São Félix do Araguaia;2021;Secretaria Municipal de Agricultura;Material de Consumo;282608
São Félix do Araguaia;2021;Secretaria Municipal de Agricultura;Outros Serviços de Terceiros - Pessoa Física;126820
São Félix do Araguaia;2021;Secretaria Municipal de Agricultura;Outros Serviços de Terceiros - Pessoa Jurídica;128244
São Félix do Araguaia;2021;Secretaria Municipal de Agricultura;Equipamentos e Material Permanente;18478
São Félix do Araguaia;2021;Secretaria Municipal de Turismo e Meio Ambiente;Vencimentos e Vantagens Fixas - Pessoal Civil;106667
São Félix do Araguaia;2021;Secretaria Municipal de Turismo e Meio Ambiente;Obrigações Patronais;23848
São Félix do Araguaia;2021;Secretaria Municipal de Turismo e Meio Ambiente;Diárias - Civil;5506
São Félix do Araguaia;2021;Secretaria Municipal de Turismo e Meio Ambiente;Material de Consumo;66150
São Félix do Araguaia;2021;Secretaria Municipal de Turismo e Meio Ambiente;Outros Serviços de Terceiros - Pessoa Física;12355
São Félix do Araguaia;2021;Secretaria Municipal de Turismo e Meio Ambiente;Outros Serviços de Terceiros - Pessoa Jurídica;416241
São Félix do Araguaia;2021;Secretaria Municipal de Turismo e Meio Ambiente;Equipamentos e Material Permanente;3443
São Félix do Araguaia;2021;Secretaria Municipal de Esportes e Lazer;Vencimentos e Vantagens Fixas - Pessoal Civil;79421
São Félix do Araguaia;2021;Secretaria Municipal de Esportes e Lazer;Obrigações Patronais;25482
São Félix do Araguaia;2021;Secretaria Municipal de Esportes e Lazer;Diárias - Civil;1639
São Félix do Araguaia;2021;Secretaria Municipal de Esportes e Lazer;Material de Consumo;43007
São Félix do Araguaia;2021;Secretaria Municipal de Esportes e Lazer;Outros Serviços de Terceiros - Pessoa Física;38748
São Félix do Araguaia;2021;Secretaria Municipal de Esportes e Lazer;Outros Serviços de Terceiros - Pessoa Jurídica;67211
São Félix do Araguaia;2021;Secretaria Municipal de Esportes e Lazer;Obras e Instalações;614510
São Félix do Araguaia;2021;Secretaria Municipal de Esportes e Lazer;Equipamentos e Material Permanente;10022
São Félix do Araguaia;2021;Secretaria Municipal de Esportes e Lazer;Indenizações e Restituições;1619
São Félix do Araguaia;2021;Secretaria Municipal de Meio Ambiente;Vencimentos e Vantagens Fixas - Pessoal Civil;342003
São Félix do Araguaia;2021;Secretaria Municipal de Meio Ambiente;Obrigações Patronais;70410
São Félix do Araguaia;2021;Secretaria Municipal de Meio Ambiente;Diárias - Civil;20437
São Félix do Araguaia;2021;Secretaria Municipal de Meio Ambiente;Material de Consumo;90954
São Félix do Araguaia;2021;Secretaria Municipal de Meio Ambiente;Outros Serviços de Terceiros - Pessoa Física;52056
São Félix do Araguaia;2021;Secretaria Municipal de Meio Ambiente;Outros Serviços de Terceiros - Pessoa Jurídica;123380
São Félix do Araguaia;2021;Secretaria Municipal de Meio Ambiente;Equipamentos e Material Permanente;6818
São Félix do Araguaia;2021;Secretaria Municipal de Meio Ambiente;Indenizações e Restituições;550
São Félix do Araguaia;2021;Gabinete do Prefeito Municipal;Vencimentos e Vantagens Fixas - Pessoal Civil;912880
São Félix do Araguaia;2021;Gabinete do Prefeito Municipal;Obrigações Patronais;213735
São Félix do Araguaia;2021;Gabinete do Prefeito Municipal;Diárias - Civil;69295
São Félix do Araguaia;2021;Gabinete do Prefeito Municipal;Material de Consumo;429485
São Félix do Araguaia;2021;Gabinete do Prefeito Municipal;Passagens e Despesas com Locomoção;5200
São Félix do Araguaia;2021;Gabinete do Prefeito Municipal;Outros Serviços de Terceiros - Pessoa Física;369360
São Félix do Araguaia;2021;Gabinete do Prefeito Municipal;Outros Serviços de Terceiros - Pessoa Jurídica;591685
São Félix do Araguaia;2021;Gabinete do Prefeito Municipal;Contribuições;32221
São Félix do Araguaia;2021;Gabinete do Prefeito Municipal;Equipamentos e Material Permanente;9260
São Félix do Araguaia;2021;Gabinete do Prefeito Municipal;Indenizações e Restituições;1681
São Félix do Araguaia;2021;Camara Municipal de São Felix do Araguaia;Vencimentos e Vantagens Fixas - Pessoal Civil;1399266
São Félix do Araguaia;2021;Camara Municipal de São Felix do Araguaia;Obrigações Patronais;230192
São Félix do Araguaia;2021;Camara Municipal de São Felix do Araguaia;Diárias - Civil;71620
São Félix do Araguaia;2021;Camara Municipal de São Felix do Araguaia;Material de Consumo;99804
São Félix do Araguaia;2021;Camara Municipal de São Felix do Araguaia;Outros Serviços de Terceiros - Pessoa Física;1430
São Félix do Araguaia;2021;Camara Municipal de São Felix do Araguaia;Outros Serviços de Terceiros - Pessoa Jurídica;248915
São Félix do Araguaia;2021;Camara Municipal de São Felix do Araguaia;Auxílio - Alimentação;2800
São Félix do Araguaia;2021;Camara Municipal de São Felix do Araguaia;Equipamentos e Material Permanente;106370
São Félix do Araguaia;2021;Camara Municipal de São Felix do Araguaia;Indenizações e Restituições;457000
São Félix do Araguaia;2021;Secretaria Municipal de Admin, Planej.de Fazenda;Vencimentos e Vantagens Fixas - Pessoal Civil;3057500
São Félix do Araguaia;2021;Secretaria Municipal de Admin, Planej.de Fazenda;Obrigações Patronais;427027
São Félix do Araguaia;2021;Secretaria Municipal de Admin, Planej.de Fazenda;Diárias - Civil;97656
São Félix do Araguaia;2021;Secretaria Municipal de Admin, Planej.de Fazenda;Material de Consumo;430029
São Félix do Araguaia;2021;Secretaria Municipal de Admin, Planej.de Fazenda;Passagens e Despesas com Locomoção;7753
São Félix do Araguaia;2021;Secretaria Municipal de Admin, Planej.de Fazenda;Outros Serviços de Terceiros - Pessoa Física;174587
São Félix do Araguaia;2021;Secretaria Municipal de Admin, Planej.de Fazenda;Outros Serviços de Terceiros - Pessoa Jurídica;2214190
São Félix do Araguaia;2021;Secretaria Municipal de Admin, Planej.de Fazenda;Equipamentos e Material Permanente;171182
São Félix do Araguaia;2021;Secretaria Municipal de Admin, Planej.de Fazenda;Aquisição de Imóveis;5730
São Félix do Araguaia;2021;Secretaria Municipal de Admin, Planej.de Fazenda;Indenizações e Restituições;2601
São Félix do Araguaia;2021;Secretaria Municipal de Admin, Planej.de Fazenda;Indenizações e Restituições Trabalhistas;4022
São Félix do Araguaia;2021;Secretaria Municipal de Admin, Planej.de Fazenda;Serviços de Tecnologia da Informação e Comunicação - Pessoa Jurídica;189383
São Félix do Araguaia;2021;Secretaria Munic.de Desenv.e Acao Social;Vencimentos e Vantagens Fixas - Pessoal Civil;1675937
São Félix do Araguaia;2021;Secretaria Munic.de Desenv.e Acao Social;Obrigações Patronais;273382
São Félix do Araguaia;2021;Secretaria Munic.de Desenv.e Acao Social;Diárias - Civil;87536
São Félix do Araguaia;2021;Secretaria Munic.de Desenv.e Acao Social;Material de Consumo;191685
São Félix do Araguaia;2021;Secretaria Munic.de Desenv.e Acao Social;Material, Bem Ou Serviço para Distribuição Gratuita;194450
São Félix do Araguaia;2021;Secretaria Munic.de Desenv.e Acao Social;Passagens e Despesas com Locomoção;1130
São Félix do Araguaia;2021;Secretaria Munic.de Desenv.e Acao Social;Outros Serviços de Terceiros - Pessoa Física;121824
São Félix do Araguaia;2021;Secretaria Munic.de Desenv.e Acao Social;Outros Serviços de Terceiros - Pessoa Jurídica;206798
São Félix do Araguaia;2021;Secretaria Munic.de Desenv.e Acao Social;Equipamentos e Material Permanente;34512
São Félix do Araguaia;2021;Secretaria Munic.de Desenv.e Acao Social;Indenizações e Restituições;956
São Félix do Araguaia;2021;Secretaria Munic.de Desenv.e Acao Social;Indenizações e Restituições Trabalhistas;4316
São Félix do Araguaia;2021;Ipasfa - Instituto de Previdencia de Sao Felix;Pensões do RPPS e do Militar;160692
São Félix do Araguaia;2021;Ipasfa - Instituto de Previdencia de Sao Felix;Diárias - Civil;2425
São Félix do Araguaia;2021;Ipasfa - Instituto de Previdencia de Sao Felix;Material de Consumo;1395
São Félix do Araguaia;2021;Ipasfa - Instituto de Previdencia de Sao Felix;Passagens e Despesas com Locomoção;1156
São Félix do Araguaia;2021;Ipasfa - Instituto de Previdencia de Sao Felix;Outros Serviços de Terceiros - Pessoa Jurídica;223497
São Félix do Araguaia;2021;Ipasfa - Instituto de Previdencia de Sao Felix;Equipamentos e Material Permanente;1681
São Félix do Araguaia;2021;Ipasfa - Instituto de Previdencia de Sao Felix;Rateio Pela Participação em Consórcio Público;2442
São Félix do Araguaia;2021;Ipasfa - Instituto de Previdencia de Sao Felix;Aposentadorias, Reserva Remunerada e Reformas;1628337
São Félix do Araguaia;2022;Secretaria Municipal de Financas;Vencimentos e Vantagens Fixas - Pessoal Civil;2041932
São Félix do Araguaia;2022;Secretaria Municipal de Financas;Obrigações Patronais;216329
São Félix do Araguaia;2022;Secretaria Municipal de Financas;Diárias - Civil;14650
São Félix do Araguaia;2022;Secretaria Municipal de Financas;Material de Consumo;288
São Félix do Araguaia;2022;Secretaria Municipal de Financas;Outros Serviços de Terceiros - Pessoa Física;4000
São Félix do Araguaia;2022;Secretaria Municipal de Financas;Outros Serviços de Terceiros - Pessoa Jurídica;925091
São Félix do Araguaia;2022;Secretaria Municipal de Financas;Obrigações Tributárias e Contributivas;802195
São Félix do Araguaia;2022;Secretaria Municipal de Financas;Equipamentos e Material Permanente;2999
São Félix do Araguaia;2022;Secretaria Municipal de Financas;Principal da Dívida Contratual Resgatado;977118
São Félix do Araguaia;2022;Secretaria Municipal de Financas;Principal da Dívida Mobiliária Resgatado;700227
São Félix do Araguaia;2022;Secretaria Municipal de Financas;Sentenças Judiciais;16821
São Félix do Araguaia;2022;Secretaria Municipal de Financas;Indenizações e Restituições;29562
São Félix do Araguaia;2022;Secretaria Municipal de Saude;Vencimentos e Vantagens Fixas - Pessoal Civil;10485195
São Félix do Araguaia;2022;Secretaria Municipal de Saude;Obrigações Patronais;1422192
São Félix do Araguaia;2022;Secretaria Municipal de Saude;Diárias - Civil;433574
São Félix do Araguaia;2022;Secretaria Municipal de Saude;Material de Consumo;1992763
São Félix do Araguaia;2022;Secretaria Municipal de Saude;Material, Bem Ou Serviço para Distribuição Gratuita;651088
São Félix do Araguaia;2022;Secretaria Municipal de Saude;Passagens e Despesas com Locomoção;257463
São Félix do Araguaia;2022;Secretaria Municipal de Saude;Outros Serviços de Terceiros - Pessoa Física;138446
São Félix do Araguaia;2022;Secretaria Municipal de Saude;Outros Serviços de Terceiros - Pessoa Jurídica;4964560
São Félix do Araguaia;2022;Secretaria Municipal de Saude;Equipamentos e Material Permanente;790766
São Félix do Araguaia;2022;Secretaria Municipal de Saude;Rateio Pela Participação em Consórcio Público;4302190
São Félix do Araguaia;2022;Secretaria Municipal de Saude;Despesas de Exercícios Anteriores;23618
São Félix do Araguaia;2022;Secretaria Municipal de Saude;Indenizações e Restituições;18077
São Félix do Araguaia;2022;Secretaria Municipal de Educacao e Cultura;Vencimentos e Vantagens Fixas - Pessoal Civil;12447536
São Félix do Araguaia;2022;Secretaria Municipal de Educacao e Cultura;Obrigações Patronais;1805292
São Félix do Araguaia;2022;Secretaria Municipal de Educacao e Cultura;Diárias - Civil;250357
São Félix do Araguaia;2022;Secretaria Municipal de Educacao e Cultura;Material de Consumo;2740354
São Félix do Araguaia;2022;Secretaria Municipal de Educacao e Cultura;Passagens e Despesas com Locomoção;8965
São Félix do Araguaia;2022;Secretaria Municipal de Educacao e Cultura;Outros Serviços de Terceiros - Pessoa Física;386703
São Félix do Araguaia;2022;Secretaria Municipal de Educacao e Cultura;Outros Serviços de Terceiros - Pessoa Jurídica;4061208
São Félix do Araguaia;2022;Secretaria Municipal de Educacao e Cultura;Serviços de Tecnologia da Informação e Comunicação - Pessoa Jurídica;15993
São Félix do Araguaia;2022;Secretaria Municipal de Educacao e Cultura;Obras e Instalações;82000
São Félix do Araguaia;2022;Secretaria Municipal de Educacao e Cultura;Equipamentos e Material Permanente;684421
São Félix do Araguaia;2022;Secretaria Municipal de Educacao e Cultura;Indenizações e Restituições;11326
São Félix do Araguaia;2022;Secretaria Municipal de Obras e Servicos Urbanos;Vencimentos e Vantagens Fixas - Pessoal Civil;2178758
São Félix do Araguaia;2022;Secretaria Municipal de Obras e Servicos Urbanos;Obrigações Patronais;371445
São Félix do Araguaia;2022;Secretaria Municipal de Obras e Servicos Urbanos;Diárias - Civil;35313
São Félix do Araguaia;2022;Secretaria Municipal de Obras e Servicos Urbanos;Material de Consumo;6939401
São Félix do Araguaia;2022;Secretaria Municipal de Obras e Servicos Urbanos;Outros Serviços de Terceiros - Pessoa Física;747314
São Félix do Araguaia;2022;Secretaria Municipal de Obras e Servicos Urbanos;Outros Serviços de Terceiros - Pessoa Jurídica;7223844
São Félix do Araguaia;2022;Secretaria Municipal de Obras e Servicos Urbanos;Obras e Instalações;12281405
São Félix do Araguaia;2022;Secretaria Municipal de Obras e Servicos Urbanos;Equipamentos e Material Permanente;2760692
São Félix do Araguaia;2022;Secretaria Municipal de Obras e Servicos Urbanos;Aquisição de Imóveis;50000
São Félix do Araguaia;2022;Secretaria Municipal de Obras e Servicos Urbanos;Rateio Pela Participação em Consórcio Público;238000
São Félix do Araguaia;2022;Secretaria Municipal de Obras e Servicos Urbanos;Despesas de Exercícios Anteriores;1731
São Félix do Araguaia;2022;Secretaria Municipal de Obras e Servicos Urbanos;Indenizações e Restituições;2318
São Félix do Araguaia;2022;Secretaria Municipal de Agricultura;Vencimentos e Vantagens Fixas - Pessoal Civil;497432
São Félix do Araguaia;2022;Secretaria Municipal de Agricultura;Obrigações Patronais;103496
São Félix do Araguaia;2022;Secretaria Municipal de Agricultura;Diárias - Civil;35299
São Félix do Araguaia;2022;Secretaria Municipal de Agricultura;Material de Consumo;232125
São Félix do Araguaia;2022;Secretaria Municipal de Agricultura;Passagens e Despesas com Locomoção;1416
São Félix do Araguaia;2022;Secretaria Municipal de Agricultura;Outros Serviços de Terceiros - Pessoa Física;128160
São Félix do Araguaia;2022;Secretaria Municipal de Agricultura;Outros Serviços de Terceiros - Pessoa Jurídica;109527
São Félix do Araguaia;2022;Secretaria Municipal de Agricultura;Equipamentos e Material Permanente;180416
São Félix do Araguaia;2022;Secretaria Municipal de Turismo e Meio Ambiente;Vencimentos e Vantagens Fixas - Pessoal Civil;147555
São Félix do Araguaia;2022;Secretaria Municipal de Turismo e Meio Ambiente;Obrigações Patronais;30857
São Félix do Araguaia;2022;Secretaria Municipal de Turismo e Meio Ambiente;Diárias - Civil;13088
São Félix do Araguaia;2022;Secretaria Municipal de Turismo e Meio Ambiente;Material de Consumo;171671
São Félix do Araguaia;2022;Secretaria Municipal de Turismo e Meio Ambiente;Premiações Culturais, Artísticas, Científicas, Desportivas e Outras;12800
São Félix do Araguaia;2022;Secretaria Municipal de Turismo e Meio Ambiente;Outros Serviços de Terceiros - Pessoa Física;32333
São Félix do Araguaia;2022;Secretaria Municipal de Turismo e Meio Ambiente;Outros Serviços de Terceiros - Pessoa Jurídica;962426
São Félix do Araguaia;2022;Secretaria Municipal de Turismo e Meio Ambiente;Equipamentos e Material Permanente;19964
São Félix do Araguaia;2022;Secretaria Municipal de Turismo e Meio Ambiente;Indenizações e Restituições;4485
São Félix do Araguaia;2022;Secretaria Municipal de Esportes e Lazer;Vencimentos e Vantagens Fixas - Pessoal Civil;116171
São Félix do Araguaia;2022;Secretaria Municipal de Esportes e Lazer;Obrigações Patronais;23585
São Félix do Araguaia;2022;Secretaria Municipal de Esportes e Lazer;Diárias - Civil;29867
São Félix do Araguaia;2022;Secretaria Municipal de Esportes e Lazer;Material de Consumo;144478
São Félix do Araguaia;2022;Secretaria Municipal de Esportes e Lazer;Premiações Culturais, Artísticas, Científicas, Desportivas e Outras;85000
São Félix do Araguaia;2022;Secretaria Municipal de Esportes e Lazer;Passagens e Despesas com Locomoção;10216
São Félix do Araguaia;2022;Secretaria Municipal de Esportes e Lazer;Outros Serviços de Terceiros - Pessoa Física;3290
São Félix do Araguaia;2022;Secretaria Municipal de Esportes e Lazer;Outros Serviços de Terceiros - Pessoa Jurídica;281366
São Félix do Araguaia;2022;Secretaria Municipal de Esportes e Lazer;Obras e Instalações;218435
São Félix do Araguaia;2022;Secretaria Municipal de Esportes e Lazer;Equipamentos e Material Permanente;3399
São Félix do Araguaia;2022;Secretaria Municipal de Esportes e Lazer;Indenizações e Restituições;16377
São Félix do Araguaia;2022;Secretaria Municipal de Meio Ambiente;Vencimentos e Vantagens Fixas - Pessoal Civil;370919
São Félix do Araguaia;2022;Secretaria Municipal de Meio Ambiente;Obrigações Patronais;66028
São Félix do Araguaia;2022;Secretaria Municipal de Meio Ambiente;Diárias - Civil;53982
São Félix do Araguaia;2022;Secretaria Municipal de Meio Ambiente;Material de Consumo;254746
São Félix do Araguaia;2022;Secretaria Municipal de Meio Ambiente;Outros Serviços de Terceiros - Pessoa Física;34150
São Félix do Araguaia;2022;Secretaria Municipal de Meio Ambiente;Outros Serviços de Terceiros - Pessoa Jurídica;314520
São Félix do Araguaia;2022;Secretaria Municipal de Meio Ambiente;Equipamentos e Material Permanente;38371
São Félix do Araguaia;2022;Secretaria Municipal de Meio Ambiente;Indenizações e Restituições;825
São Félix do Araguaia;2022;Gabinete do Prefeito Municipal;Vencimentos e Vantagens Fixas - Pessoal Civil;1200343
São Félix do Araguaia;2022;Gabinete do Prefeito Municipal;Obrigações Patronais;281803
São Félix do Araguaia;2022;Gabinete do Prefeito Municipal;Diárias - Civil;91440
São Félix do Araguaia;2022;Gabinete do Prefeito Municipal;Material de Consumo;774883
São Félix do Araguaia;2022;Gabinete do Prefeito Municipal;Passagens e Despesas com Locomoção;2400
São Félix do Araguaia;2022;Gabinete do Prefeito Municipal;Outros Serviços de Terceiros - Pessoa Física;685932
São Félix do Araguaia;2022;Gabinete do Prefeito Municipal;Outros Serviços de Terceiros - Pessoa Jurídica;985742
São Félix do Araguaia;2022;Gabinete do Prefeito Municipal;Contribuições;81957
São Félix do Araguaia;2022;Gabinete do Prefeito Municipal;Equipamentos e Material Permanente;567869
São Félix do Araguaia;2022;Gabinete do Prefeito Municipal;Indenizações e Restituições;7111
São Félix do Araguaia;2022;Secretaria Municipal de Admin, Planej.de Fazenda;Vencimentos e Vantagens Fixas - Pessoal Civil;4216797
São Félix do Araguaia;2022;Secretaria Municipal de Admin, Planej.de Fazenda;Obrigações Patronais;508709
São Félix do Araguaia;2022;Secretaria Municipal de Admin, Planej.de Fazenda;Diárias - Civil;197610
São Félix do Araguaia;2022;Secretaria Municipal de Admin, Planej.de Fazenda;Material de Consumo;918028
São Félix do Araguaia;2022;Secretaria Municipal de Admin, Planej.de Fazenda;Passagens e Despesas com Locomoção;38353
São Félix do Araguaia;2022;Secretaria Municipal de Admin, Planej.de Fazenda;Serviços de Consultoria;108535
São Félix do Araguaia;2022;Secretaria Municipal de Admin, Planej.de Fazenda;Outros Serviços de Terceiros - Pessoa Física;196587
São Félix do Araguaia;2022;Secretaria Municipal de Admin, Planej.de Fazenda;Outros Serviços de Terceiros - Pessoa Jurídica;3983864
São Félix do Araguaia;2022;Secretaria Municipal de Admin, Planej.de Fazenda;Serviços de Tecnologia da Informação e Comunicação - Pessoa Jurídica;197350
São Félix do Araguaia;2022;Secretaria Municipal de Admin, Planej.de Fazenda;Equipamentos e Material Permanente;215300
São Félix do Araguaia;2022;Secretaria Municipal de Admin, Planej.de Fazenda;Indenizações e Restituições;11019
São Félix do Araguaia;2022;Secretaria Munic.de Desenv.e Acao Social;Vencimentos e Vantagens Fixas - Pessoal Civil;1936844
São Félix do Araguaia;2022;Secretaria Munic.de Desenv.e Acao Social;Obrigações Patronais;320361
São Félix do Araguaia;2022;Secretaria Munic.de Desenv.e Acao Social;Diárias - Civil;155158
São Félix do Araguaia;2022;Secretaria Munic.de Desenv.e Acao Social;Material de Consumo;361283
São Félix do Araguaia;2022;Secretaria Munic.de Desenv.e Acao Social;Material, Bem Ou Serviço para Distribuição Gratuita;38674
São Félix do Araguaia;2022;Secretaria Munic.de Desenv.e Acao Social;Passagens e Despesas com Locomoção;16898
São Félix do Araguaia;2022;Secretaria Munic.de Desenv.e Acao Social;Outros Serviços de Terceiros - Pessoa Física;120041
São Félix do Araguaia;2022;Secretaria Munic.de Desenv.e Acao Social;Outros Serviços de Terceiros - Pessoa Jurídica;564030
São Félix do Araguaia;2022;Secretaria Munic.de Desenv.e Acao Social;Equipamentos e Material Permanente;179445
São Félix do Araguaia;2022;Secretaria Munic.de Desenv.e Acao Social;Indenizações e Restituições;4119
São Félix do Araguaia;2022;Ipasfa - Instituto de Previdencia de Sao Felix;Aposentadorias, Reserva Remunerada e Reformas;2142632
São Félix do Araguaia;2022;Ipasfa - Instituto de Previdencia de Sao Felix;Pensões;156995
São Félix do Araguaia;2022;Ipasfa - Instituto de Previdencia de Sao Felix;Diárias - Civil;8396
São Félix do Araguaia;2022;Ipasfa - Instituto de Previdencia de Sao Felix;Material de Consumo;3228
São Félix do Araguaia;2022;Ipasfa - Instituto de Previdencia de Sao Felix;Passagens e Despesas com Locomoção;2684
São Félix do Araguaia;2022;Ipasfa - Instituto de Previdencia de Sao Felix;Outros Serviços de Terceiros - Pessoa Jurídica;234731
São Félix do Araguaia;2022;Ipasfa - Instituto de Previdencia de Sao Felix;Serviços de Tecnologia da Informação e Comunicação - Pessoa Jurídica;10274
São Félix do Araguaia;2022;Ipasfa - Instituto de Previdencia de Sao Felix;Rateio Pela Participação em Consórcio Público;2448
São Félix do Araguaia;2022;1;Vencimentos e Vantagens Fixas - Pessoal Civil;2183490
São Félix do Araguaia;2022;1;Obrigações Patronais;349040
São Félix do Araguaia;2022;1;Diárias - Civil;193470
São Félix do Araguaia;2022;1;Material de Consumo;200293
São Félix do Araguaia;2022;1;Outros Serviços de Terceiros - Pessoa Física;4036
São Félix do Araguaia;2022;1;Outros Serviços de Terceiros - Pessoa Jurídica;465059
São Félix do Araguaia;2022;1;Outros Auxílios Financeiros a Pessoas Físicas;2800
São Félix do Araguaia;2022;1;Obras e Instalações;107900
São Félix do Araguaia;2022;1;Equipamentos e Material Permanente;28107
São Félix do Araguaia;2022;1;Indenizações e Restituições;541725
São Félix do Araguaia;2022;1;Indenizações e Restituições Trabalhistas;72066
São Félix do Araguaia;2023;Secretaria Municipal de Financas;Vencimentos e Vantagens Fixas - Pessoal Civil;2417139
São Félix do Araguaia;2023;Secretaria Municipal de Financas;Obrigações Patronais;314575
São Félix do Araguaia;2023;Secretaria Municipal de Financas;Diárias - Civil;5350
São Félix do Araguaia;2023;Secretaria Municipal de Financas;Juros sobre a Dívida por Contrato;3151624
São Félix do Araguaia;2023;Secretaria Municipal de Financas;Material de Consumo;3648
São Félix do Araguaia;2023;Secretaria Municipal de Financas;Outros Serviços de Terceiros - Pessoa Física;4400
São Félix do Araguaia;2023;Secretaria Municipal de Financas;Outros Serviços de Terceiros - Pessoa Jurídica;544822
São Félix do Araguaia;2023;Secretaria Municipal de Financas;Obrigações Tributárias e Contributivas;1019545
São Félix do Araguaia;2023;Secretaria Municipal de Financas;Equipamentos e Material Permanente;7411
São Félix do Araguaia;2023;Secretaria Municipal de Financas;Principal da Dívida Contratual Resgatado;1574486
São Félix do Araguaia;2023;Secretaria Municipal de Financas;Indenizações e Restituições;1578
São Félix do Araguaia;2023;Secretaria Municipal de Saude;Vencimentos e Vantagens Fixas - Pessoal Civil;11791437
São Félix do Araguaia;2023;Secretaria Municipal de Saude;Obrigações Patronais;1994354
São Félix do Araguaia;2023;Secretaria Municipal de Saude;Diárias - Civil;357532
São Félix do Araguaia;2023;Secretaria Municipal de Saude;Material de Consumo;2366262
São Félix do Araguaia;2023;Secretaria Municipal de Saude;Material, Bem Ou Serviço para Distribuição Gratuita;630127
São Félix do Araguaia;2023;Secretaria Municipal de Saude;Passagens e Despesas com Locomoção;227100
São Félix do Araguaia;2023;Secretaria Municipal de Saude;Outros Serviços de Terceiros - Pessoa Física;195718
São Félix do Araguaia;2023;Secretaria Municipal de Saude;Outros Serviços de Terceiros - Pessoa Jurídica;5477250
São Félix do Araguaia;2023;Secretaria Municipal de Saude;Obras e Instalações;62632
São Félix do Araguaia;2023;Secretaria Municipal de Saude;Equipamentos e Material Permanente;434611
São Félix do Araguaia;2023;Secretaria Municipal de Saude;Rateio Pela Participação em Consórcio Público;5080355
São Félix do Araguaia;2023;Secretaria Municipal de Saude;Despesas de Exercícios Anteriores;7819
São Félix do Araguaia;2023;Secretaria Municipal de Saude;Indenizações e Restituições;22490
São Félix do Araguaia;2023;Secretaria Municipal de Educacao e Cultura;Vencimentos e Vantagens Fixas - Pessoal Civil;17294474
São Félix do Araguaia;2023;Secretaria Municipal de Educacao e Cultura;Obrigações Patronais;3663881
São Félix do Araguaia;2023;Secretaria Municipal de Educacao e Cultura;Diárias - Civil;215766
São Félix do Araguaia;2023;Secretaria Municipal de Educacao e Cultura;Material de Consumo;3023092
São Félix do Araguaia;2023;Secretaria Municipal de Educacao e Cultura;Premiações Culturais, Artísticas, Científicas, Desportivas e Outras;1500
São Félix do Araguaia;2023;Secretaria Municipal de Educacao e Cultura;Passagens e Despesas com Locomoção;2588
São Félix do Araguaia;2023;Secretaria Municipal de Educacao e Cultura;Outros Serviços de Terceiros - Pessoa Física;397017
São Félix do Araguaia;2023;Secretaria Municipal de Educacao e Cultura;Outros Serviços de Terceiros - Pessoa Jurídica;5875470
São Félix do Araguaia;2023;Secretaria Municipal de Educacao e Cultura;Obras e Instalações;86715
São Félix do Araguaia;2023;Secretaria Municipal de Educacao e Cultura;Equipamentos e Material Permanente;305570
São Félix do Araguaia;2023;Secretaria Municipal de Educacao e Cultura;Indenizações e Restituições;16057
São Félix do Araguaia;2023;Secretaria Municipal de Obras e Servicos Urbanos;Vencimentos e Vantagens Fixas - Pessoal Civil;2176387
São Félix do Araguaia;2023;Secretaria Municipal de Obras e Servicos Urbanos;Obrigações Patronais;402010
São Félix do Araguaia;2023;Secretaria Municipal de Obras e Servicos Urbanos;Diárias - Civil;36994
São Félix do Araguaia;2023;Secretaria Municipal de Obras e Servicos Urbanos;Material de Consumo;3890783
São Félix do Araguaia;2023;Secretaria Municipal de Obras e Servicos Urbanos;Passagens e Despesas com Locomoção;303
São Félix do Araguaia;2023;Secretaria Municipal de Obras e Servicos Urbanos;Outros Serviços de Terceiros - Pessoa Física;472728
São Félix do Araguaia;2023;Secretaria Municipal de Obras e Servicos Urbanos;Outros Serviços de Terceiros - Pessoa Jurídica;5796154
São Félix do Araguaia;2023;Secretaria Municipal de Obras e Servicos Urbanos;Obras e Instalações;21658351
São Félix do Araguaia;2023;Secretaria Municipal de Obras e Servicos Urbanos;Equipamentos e Material Permanente;1248
São Félix do Araguaia;2023;Secretaria Municipal de Obras e Servicos Urbanos;Aquisição de Imóveis;300000
São Félix do Araguaia;2023;Secretaria Municipal de Obras e Servicos Urbanos;Rateio Pela Participação em Consórcio Público;256064
São Félix do Araguaia;2023;Secretaria Municipal de Obras e Servicos Urbanos;Despesas de Exercícios Anteriores;30317
São Félix do Araguaia;2023;Secretaria Municipal de Obras e Servicos Urbanos;Indenizações e Restituições;2335466
São Félix do Araguaia;2023;Secretaria Municipal de Agricultura;Vencimentos e Vantagens Fixas - Pessoal Civil;658577
São Félix do Araguaia;2023;Secretaria Municipal de Agricultura;Obrigações Patronais;142030
São Félix do Araguaia;2023;Secretaria Municipal de Agricultura;Diárias - Civil;24802
São Félix do Araguaia;2023;Secretaria Municipal de Agricultura;Material de Consumo;137235
São Félix do Araguaia;2023;Secretaria Municipal de Agricultura;Outros Serviços de Terceiros - Pessoa Física;132521
São Félix do Araguaia;2023;Secretaria Municipal de Agricultura;Outros Serviços de Terceiros - Pessoa Jurídica;120315
São Félix do Araguaia;2023;Secretaria Municipal de Agricultura;Equipamentos e Material Permanente;572880
São Félix do Araguaia;2023;Secretaria Municipal de Turismo e Meio Ambiente;Vencimentos e Vantagens Fixas - Pessoal Civil;72321
São Félix do Araguaia;2023;Secretaria Municipal de Turismo e Meio Ambiente;Obrigações Patronais;16133
São Félix do Araguaia;2023;Secretaria Municipal de Turismo e Meio Ambiente;Diárias - Civil;41723
São Félix do Araguaia;2023;Secretaria Municipal de Turismo e Meio Ambiente;Material de Consumo;334992
São Félix do Araguaia;2023;Secretaria Municipal de Turismo e Meio Ambiente;Passagens e Despesas com Locomoção;568
São Félix do Araguaia;2023;Secretaria Municipal de Turismo e Meio Ambiente;Outros Serviços de Terceiros - Pessoa Física;68441
São Félix do Araguaia;2023;Secretaria Municipal de Turismo e Meio Ambiente;Outros Serviços de Terceiros - Pessoa Jurídica;1943655
São Félix do Araguaia;2023;Secretaria Municipal de Turismo e Meio Ambiente;Equipamentos e Material Permanente;17600
São Félix do Araguaia;2023;Secretaria Municipal de Turismo e Meio Ambiente;Indenizações e Restituições;660
São Félix do Araguaia;2023;Secretaria Municipal de Esportes e Lazer;Vencimentos e Vantagens Fixas - Pessoal Civil;128670
São Félix do Araguaia;2023;Secretaria Municipal de Esportes e Lazer;Obrigações Patronais;21398
São Félix do Araguaia;2023;Secretaria Municipal de Esportes e Lazer;Diárias - Civil;24631
São Félix do Araguaia;2023;Secretaria Municipal de Esportes e Lazer;Material de Consumo;115584
São Félix do Araguaia;2023;Secretaria Municipal de Esportes e Lazer;Premiações Culturais, Artísticas, Científicas, Desportivas e Outras;115714
São Félix do Araguaia;2023;Secretaria Municipal de Esportes e Lazer;Passagens e Despesas com Locomoção;6758
São Félix do Araguaia;2023;Secretaria Municipal de Esportes e Lazer;Outros Serviços de Terceiros - Pessoa Física;300
São Félix do Araguaia;2023;Secretaria Municipal de Esportes e Lazer;Outros Serviços de Terceiros - Pessoa Jurídica;340027
São Félix do Araguaia;2023;Secretaria Municipal de Esportes e Lazer;Obras e Instalações;250892
São Félix do Araguaia;2023;Secretaria Municipal de Esportes e Lazer;Equipamentos e Material Permanente;9000
São Félix do Araguaia;2023;Secretaria Municipal de Esportes e Lazer;Indenizações e Restituições;1446
São Félix do Araguaia;2023;Secretaria Municipal de Meio Ambiente;Vencimentos e Vantagens Fixas - Pessoal Civil;499941
São Félix do Araguaia;2023;Secretaria Municipal de Meio Ambiente;Obrigações Patronais;83920
São Félix do Araguaia;2023;Secretaria Municipal de Meio Ambiente;Diárias - Civil;65580
São Félix do Araguaia;2023;Secretaria Municipal de Meio Ambiente;Material de Consumo;117246
São Félix do Araguaia;2023;Secretaria Municipal de Meio Ambiente;Outros Serviços de Terceiros - Pessoa Física;142666
São Félix do Araguaia;2023;Secretaria Municipal de Meio Ambiente;Outros Serviços de Terceiros - Pessoa Jurídica;308489
São Félix do Araguaia;2023;Secretaria Municipal de Meio Ambiente;Indenizações e Restituições;100
São Félix do Araguaia;2023;Gabinete do Prefeito Municipal;Vencimentos e Vantagens Fixas - Pessoal Civil;1249524
São Félix do Araguaia;2023;Gabinete do Prefeito Municipal;Obrigações Patronais;324381
São Félix do Araguaia;2023;Gabinete do Prefeito Municipal;Diárias - Civil;92359
São Félix do Araguaia;2023;Gabinete do Prefeito Municipal;Material de Consumo;428110
São Félix do Araguaia;2023;Gabinete do Prefeito Municipal;Passagens e Despesas com Locomoção;1294
São Félix do Araguaia;2023;Gabinete do Prefeito Municipal;Outros Serviços de Terceiros - Pessoa Física;694825
São Félix do Araguaia;2023;Gabinete do Prefeito Municipal;Outros Serviços de Terceiros - Pessoa Jurídica;1310686
São Félix do Araguaia;2023;Gabinete do Prefeito Municipal;Contribuições;73913
São Félix do Araguaia;2023;Gabinete do Prefeito Municipal;Equipamentos e Material Permanente;12520
São Félix do Araguaia;2023;Camara Municipal de Sao Felix do Araguaia;Vencimentos e Vantagens Fixas - Pessoal Civil;2450332
São Félix do Araguaia;2023;Camara Municipal de Sao Felix do Araguaia;Obrigações Patronais;407474
São Félix do Araguaia;2023;Camara Municipal de Sao Felix do Araguaia;Diárias - Civil;263400
São Félix do Araguaia;2023;Camara Municipal de Sao Felix do Araguaia;Material de Consumo;212027
São Félix do Araguaia;2023;Camara Municipal de Sao Felix do Araguaia;Outros Serviços de Terceiros - Pessoa Jurídica;433292
São Félix do Araguaia;2023;Camara Municipal de Sao Felix do Araguaia;Auxílio-Alimentação;2800
São Félix do Araguaia;2023;Camara Municipal de Sao Felix do Araguaia;Equipamentos e Material Permanente;13582
São Félix do Araguaia;2023;Camara Municipal de Sao Felix do Araguaia;Indenizações e Restituições;588110
São Félix do Araguaia;2023;Camara Municipal de Sao Felix do Araguaia;Indenizações e Restituições Trabalhistas;83770
São Félix do Araguaia;2023;Secretaria Municipal de Admin, Planej.de Fazenda;Vencimentos e Vantagens Fixas - Pessoal Civil;5085418
São Félix do Araguaia;2023;Secretaria Municipal de Admin, Planej.de Fazenda;Obrigações Patronais;967717
São Félix do Araguaia;2023;Secretaria Municipal de Admin, Planej.de Fazenda;Diárias - Civil;171477
São Félix do Araguaia;2023;Secretaria Municipal de Admin, Planej.de Fazenda;Material de Consumo;1029329
São Félix do Araguaia;2023;Secretaria Municipal de Admin, Planej.de Fazenda;Passagens e Despesas com Locomoção;152982
São Félix do Araguaia;2023;Secretaria Municipal de Admin, Planej.de Fazenda;Serviços de Consultoria;792
São Félix do Araguaia;2023;Secretaria Municipal de Admin, Planej.de Fazenda;Outros Serviços de Terceiros - Pessoa Física;182876
São Félix do Araguaia;2023;Secretaria Municipal de Admin, Planej.de Fazenda;Outros Serviços de Terceiros - Pessoa Jurídica;4430256
São Félix do Araguaia;2023;Secretaria Municipal de Admin, Planej.de Fazenda;Serviços de Tecnologia da Informação e Comunicação - Pessoa Jurídica;20984
São Félix do Araguaia;2023;Secretaria Municipal de Admin, Planej.de Fazenda;Equipamentos e Material Permanente;34352
São Félix do Araguaia;2023;Secretaria Municipal de Admin, Planej.de Fazenda;Despesas de Exercícios Anteriores;25000
São Félix do Araguaia;2023;Secretaria Municipal de Admin, Planej.de Fazenda;Indenizações e Restituições;116772
São Félix do Araguaia;2023;Secretaria Munic.de Desenv.e Acao Social;Vencimentos e Vantagens Fixas - Pessoal Civil;2356849
São Félix do Araguaia;2023;Secretaria Munic.de Desenv.e Acao Social;Obrigações Patronais;500187
São Félix do Araguaia;2023;Secretaria Munic.de Desenv.e Acao Social;Diárias - Civil;163844
São Félix do Araguaia;2023;Secretaria Munic.de Desenv.e Acao Social;Material de Consumo;411642
São Félix do Araguaia;2023;Secretaria Munic.de Desenv.e Acao Social;Material, Bem Ou Serviço para Distribuição Gratuita;28853
São Félix do Araguaia;2023;Secretaria Munic.de Desenv.e Acao Social;Passagens e Despesas com Locomoção;13445
São Félix do Araguaia;2023;Secretaria Munic.de Desenv.e Acao Social;Outros Serviços de Terceiros - Pessoa Física;198492
São Félix do Araguaia;2023;Secretaria Munic.de Desenv.e Acao Social;Outros Serviços de Terceiros - Pessoa Jurídica;701225
São Félix do Araguaia;2023;Secretaria Munic.de Desenv.e Acao Social;Equipamentos e Material Permanente;339691
São Félix do Araguaia;2023;Secretaria Munic.de Desenv.e Acao Social;Indenizações e Restituições;4571
São Félix do Araguaia;2023;Ipasfa - Instituto de Previdencia de Sao Felix;Aposentadorias, Reserva Remunerada e Reformas;2662885
São Félix do Araguaia;2023;Ipasfa - Instituto de Previdencia de Sao Felix;Pensões;193037
São Félix do Araguaia;2023;Ipasfa - Instituto de Previdencia de Sao Felix;Diárias - Civil;23695
São Félix do Araguaia;2023;Ipasfa - Instituto de Previdencia de Sao Felix;Material de Consumo;2012
São Félix do Araguaia;2023;Ipasfa - Instituto de Previdencia de Sao Felix;Passagens e Despesas com Locomoção;6110
São Félix do Araguaia;2023;Ipasfa - Instituto de Previdencia de Sao Felix;Outros Serviços de Terceiros - Pessoa Jurídica;153479
São Félix do Araguaia;2023;Ipasfa - Instituto de Previdencia de Sao Felix;Serviços de Tecnologia da Informação e Comunicação - Pessoa Jurídica;110718
São Félix do Araguaia;2023;Ipasfa - Instituto de Previdencia de Sao Felix;Equipamentos e Material Permanente;16595
São Félix do Araguaia;2023;Ipasfa - Instituto de Previdencia de Sao Felix;Rateio Pela Participação em Consórcio Público;2424
São Félix do Araguaia;2024;Secretaria Municipal de Financas;Vencimentos e Vantagens Fixas - Pessoal Civil;2538161
São Félix do Araguaia;2024;Secretaria Municipal de Financas;Obrigações Patronais;176347
São Félix do Araguaia;2024;Secretaria Municipal de Financas;Diárias - Civil;13567
São Félix do Araguaia;2024;Secretaria Municipal de Financas;Juros sobre a Dívida por Contrato;2892686
São Félix do Araguaia;2024;Secretaria Municipal de Financas;Material de Consumo;1586
São Félix do Araguaia;2024;Secretaria Municipal de Financas;Outros Serviços de Terceiros - Pessoa Física;2088
São Félix do Araguaia;2024;Secretaria Municipal de Financas;Outros Serviços de Terceiros - Pessoa Jurídica;1247076
São Félix do Araguaia;2024;Secretaria Municipal de Financas;Obrigações Tributárias e Contributivas;1156976
São Félix do Araguaia;2024;Secretaria Municipal de Financas;Obras e Instalações;299000
São Félix do Araguaia;2024;Secretaria Municipal de Financas;Equipamentos e Material Permanente;900
São Félix do Araguaia;2024;Secretaria Municipal de Financas;Principal da Dívida Contratual Resgatado;4505622
São Félix do Araguaia;2024;Secretaria Municipal de Financas;Sentenças Judiciais;27918
São Félix do Araguaia;2024;Secretaria Municipal de Financas;Indenizações e Restituições;6611
São Félix do Araguaia;2024;Secretaria Municipal de Saude;Vencimentos e Vantagens Fixas - Pessoal Civil;12892993
São Félix do Araguaia;2024;Secretaria Municipal de Saude;Obrigações Patronais;1364518
São Félix do Araguaia;2024;Secretaria Municipal de Saude;Diárias - Civil;404090
São Félix do Araguaia;2024;Secretaria Municipal de Saude;Material de Consumo;2381160
São Félix do Araguaia;2024;Secretaria Municipal de Saude;Material, Bem Ou Serviço para Distribuição Gratuita;451840
São Félix do Araguaia;2024;Secretaria Municipal de Saude;Passagens e Despesas com Locomoção;329232
São Félix do Araguaia;2024;Secretaria Municipal de Saude;Serviços de Consultoria;39733
São Félix do Araguaia;2024;Secretaria Municipal de Saude;Outros Serviços de Terceiros - Pessoa Física;196130
São Félix do Araguaia;2024;Secretaria Municipal de Saude;Outros Serviços de Terceiros - Pessoa Jurídica;8136990
São Félix do Araguaia;2024;Secretaria Municipal de Saude;Obras e Instalações;299000
São Félix do Araguaia;2024;Secretaria Municipal de Saude;Equipamentos e Material Permanente;166470
São Félix do Araguaia;2024;Secretaria Municipal de Saude;Rateio Pela Participação em Consórcio Público;3836721
São Félix do Araguaia;2024;Secretaria Municipal de Saude;Indenizações e Restituições;45783
São Félix do Araguaia;2024;Secretaria Municipal de Educacao e Cultura;Vencimentos e Vantagens Fixas - Pessoal Civil;17800783
São Félix do Araguaia;2024;Secretaria Municipal de Educacao e Cultura;Obrigações Patronais;1396573
São Félix do Araguaia;2024;Secretaria Municipal de Educacao e Cultura;Diárias - Civil;228252
São Félix do Araguaia;2024;Secretaria Municipal de Educacao e Cultura;Material de Consumo;3364675
São Félix do Araguaia;2024;Secretaria Municipal de Educacao e Cultura;Premiações Culturais, Artísticas, Científicas, Desportivas e Outras;157119
São Félix do Araguaia;2024;Secretaria Municipal de Educacao e Cultura;Passagens e Despesas com Locomoção;7885
São Félix do Araguaia;2024;Secretaria Municipal de Educacao e Cultura;Outros Serviços de Terceiros - Pessoa Física;501186
São Félix do Araguaia;2024;Secretaria Municipal de Educacao e Cultura;Outros Serviços de Terceiros - Pessoa Jurídica;8073892
São Félix do Araguaia;2024;Secretaria Municipal de Educacao e Cultura;Equipamentos e Material Permanente;224030
São Félix do Araguaia;2024;Secretaria Municipal de Educacao e Cultura;Indenizações e Restituições;51306
São Félix do Araguaia;2024;Secretaria Municipal de Obras e Servicos Urbanos;Vencimentos e Vantagens Fixas - Pessoal Civil;2145217
São Félix do Araguaia;2024;Secretaria Municipal de Obras e Servicos Urbanos;Obrigações Patronais;297903
São Félix do Araguaia;2024;Secretaria Municipal de Obras e Servicos Urbanos;Diárias - Civil;19013
São Félix do Araguaia;2024;Secretaria Municipal de Obras e Servicos Urbanos;Material de Consumo;4737369
São Félix do Araguaia;2024;Secretaria Municipal de Obras e Servicos Urbanos;Outros Serviços de Terceiros - Pessoa Física;560595
São Félix do Araguaia;2024;Secretaria Municipal de Obras e Servicos Urbanos;Outros Serviços de Terceiros - Pessoa Jurídica;7107408
São Félix do Araguaia;2024;Secretaria Municipal de Obras e Servicos Urbanos;Obras e Instalações;32993490
São Félix do Araguaia;2024;Secretaria Municipal de Obras e Servicos Urbanos;Equipamentos e Material Permanente;16555
São Félix do Araguaia;2024;Secretaria Municipal de Obras e Servicos Urbanos;Rateio Pela Participação em Consórcio Público;161144
São Félix do Araguaia;2024;Secretaria Municipal de Obras e Servicos Urbanos;Indenizações e Restituições;780267
São Félix do Araguaia;2024;Secretaria Municipal de Agricultura;Vencimentos e Vantagens Fixas - Pessoal Civil;767231
São Félix do Araguaia;2024;Secretaria Municipal de Agricultura;Obrigações Patronais;84748
São Félix do Araguaia;2024;Secretaria Municipal de Agricultura;Diárias - Civil;24115
São Félix do Araguaia;2024;Secretaria Municipal de Agricultura;Material de Consumo;248594
São Félix do Araguaia;2024;Secretaria Municipal de Agricultura;Passagens e Despesas com Locomoção;1359
São Félix do Araguaia;2024;Secretaria Municipal de Agricultura;Outros Serviços de Terceiros - Pessoa Física;144352
São Félix do Araguaia;2024;Secretaria Municipal de Agricultura;Outros Serviços de Terceiros - Pessoa Jurídica;242975
São Félix do Araguaia;2024;Secretaria Municipal de Agricultura;Equipamentos e Material Permanente;68528
São Félix do Araguaia;2024;Secretaria Municipal de Agricultura;Indenizações e Restituições;5486
São Félix do Araguaia;2024;Secretaria Municipal de Turismo e Meio Ambiente;Vencimentos e Vantagens Fixas - Pessoal Civil;40678
São Félix do Araguaia;2024;Secretaria Municipal de Turismo e Meio Ambiente;Obrigações Patronais;11948
São Félix do Araguaia;2024;Secretaria Municipal de Turismo e Meio Ambiente;Diárias - Civil;27803
São Félix do Araguaia;2024;Secretaria Municipal de Turismo e Meio Ambiente;Material de Consumo;305446
São Félix do Araguaia;2024;Secretaria Municipal de Turismo e Meio Ambiente;Premiações Culturais, Artísticas, Científicas, Desportivas e Outras;98531
São Félix do Araguaia;2024;Secretaria Municipal de Turismo e Meio Ambiente;Passagens e Despesas com Locomoção;568
São Félix do Araguaia;2024;Secretaria Municipal de Turismo e Meio Ambiente;Outros Serviços de Terceiros - Pessoa Física;91329
São Félix do Araguaia;2024;Secretaria Municipal de Turismo e Meio Ambiente;Outros Serviços de Terceiros - Pessoa Jurídica;3077226
São Félix do Araguaia;2024;Secretaria Municipal de Turismo e Meio Ambiente;Equipamentos e Material Permanente;4489
São Félix do Araguaia;2024;Secretaria Municipal de Turismo e Meio Ambiente;Indenizações e Restituições;2306
São Félix do Araguaia;2024;Secretaria Municipal de Esportes e Lazer;Vencimentos e Vantagens Fixas - Pessoal Civil;201594
São Félix do Araguaia;2024;Secretaria Municipal de Esportes e Lazer;Obrigações Patronais;17131
São Félix do Araguaia;2024;Secretaria Municipal de Esportes e Lazer;Diárias - Civil;23782
São Félix do Araguaia;2024;Secretaria Municipal de Esportes e Lazer;Material de Consumo;334714
São Félix do Araguaia;2024;Secretaria Municipal de Esportes e Lazer;Premiações Culturais, Artísticas, Científicas, Desportivas e Outras;71429
São Félix do Araguaia;2024;Secretaria Municipal de Esportes e Lazer;Passagens e Despesas com Locomoção;6688
São Félix do Araguaia;2024;Secretaria Municipal de Esportes e Lazer;Outros Serviços de Terceiros - Pessoa Física;36771
São Félix do Araguaia;2024;Secretaria Municipal de Esportes e Lazer;Outros Serviços de Terceiros - Pessoa Jurídica;555533
São Félix do Araguaia;2024;Secretaria Municipal de Esportes e Lazer;Obras e Instalações;176070
São Félix do Araguaia;2024;Secretaria Municipal de Esportes e Lazer;Indenizações e Restituições;6840
São Félix do Araguaia;2024;Secretaria Municipal de Meio Ambiente;Vencimentos e Vantagens Fixas - Pessoal Civil;682445
São Félix do Araguaia;2024;Secretaria Municipal de Meio Ambiente;Obrigações Patronais;48471
São Félix do Araguaia;2024;Secretaria Municipal de Meio Ambiente;Diárias - Civil;49796
São Félix do Araguaia;2024;Secretaria Municipal de Meio Ambiente;Material de Consumo;106622
São Félix do Araguaia;2024;Secretaria Municipal de Meio Ambiente;Outros Serviços de Terceiros - Pessoa Física;12680
São Félix do Araguaia;2024;Secretaria Municipal de Meio Ambiente;Outros Serviços de Terceiros - Pessoa Jurídica;393448
São Félix do Araguaia;2024;Secretaria Municipal de Meio Ambiente;Equipamentos e Material Permanente;6755
São Félix do Araguaia;2024;Gabinete do Prefeito Municipal;Vencimentos e Vantagens Fixas - Pessoal Civil;1448999
São Félix do Araguaia;2024;Gabinete do Prefeito Municipal;Obrigações Patronais;190924
São Félix do Araguaia;2024;Gabinete do Prefeito Municipal;Diárias - Civil;54269
São Félix do Araguaia;2024;Gabinete do Prefeito Municipal;Material de Consumo;365187
São Félix do Araguaia;2024;Gabinete do Prefeito Municipal;Outros Serviços de Terceiros - Pessoa Física;511042
São Félix do Araguaia;2024;Gabinete do Prefeito Municipal;Outros Serviços de Terceiros - Pessoa Jurídica;1472880
São Félix do Araguaia;2024;Gabinete do Prefeito Municipal;Contribuições;7800
São Félix do Araguaia;2024;Gabinete do Prefeito Municipal;Equipamentos e Material Permanente;19887
São Félix do Araguaia;2024;Gabinete do Prefeito Municipal;Indenizações e Restituições;1418
São Félix do Araguaia;2024;Camara Municipal de Sao Felix do Araguaia;Vencimentos e Vantagens Fixas - Pessoal Civil;2683746
São Félix do Araguaia;2024;Camara Municipal de Sao Felix do Araguaia;Obrigações Patronais;472357
São Félix do Araguaia;2024;Camara Municipal de Sao Felix do Araguaia;Diárias - Civil;267270
São Félix do Araguaia;2024;Camara Municipal de Sao Felix do Araguaia;Material de Consumo;282436
São Félix do Araguaia;2024;Camara Municipal de Sao Felix do Araguaia;Outros Serviços de Terceiros - Pessoa Física;2500
São Félix do Araguaia;2024;Camara Municipal de Sao Felix do Araguaia;Outros Serviços de Terceiros - Pessoa Jurídica;360501
São Félix do Araguaia;2024;Camara Municipal de Sao Felix do Araguaia;Serviços de Tecnologia da Informação e Comunicação - Pessoa Jurídica;87450
São Félix do Araguaia;2024;Camara Municipal de Sao Felix do Araguaia;Auxílio-Alimentação;26000
São Félix do Araguaia;2024;Camara Municipal de Sao Felix do Araguaia;Equipamentos e Material Permanente;80160
São Félix do Araguaia;2024;Camara Municipal de Sao Felix do Araguaia;Indenizações e Restituições;470683
São Félix do Araguaia;2024;Secretaria Municipal de Admin, Planej.de Fazenda;Vencimentos e Vantagens Fixas - Pessoal Civil;5567913
São Félix do Araguaia;2024;Secretaria Municipal de Admin, Planej.de Fazenda;Obrigações Patronais;467127
São Félix do Araguaia;2024;Secretaria Municipal de Admin, Planej.de Fazenda;Diárias - Civil;160587
São Félix do Araguaia;2024;Secretaria Municipal de Admin, Planej.de Fazenda;Material de Consumo;1188617
São Félix do Araguaia;2024;Secretaria Municipal de Admin, Planej.de Fazenda;Passagens e Despesas com Locomoção;128008
São Félix do Araguaia;2024;Secretaria Municipal de Admin, Planej.de Fazenda;Serviços de Consultoria;45000
São Félix do Araguaia;2024;Secretaria Municipal de Admin, Planej.de Fazenda;Outros Serviços de Terceiros - Pessoa Física;465903
São Félix do Araguaia;2024;Secretaria Municipal de Admin, Planej.de Fazenda;Outros Serviços de Terceiros - Pessoa Jurídica;5076220
São Félix do Araguaia;2024;Secretaria Municipal de Admin, Planej.de Fazenda;Equipamentos e Material Permanente;113809
São Félix do Araguaia;2024;Secretaria Municipal de Admin, Planej.de Fazenda;Aquisição de Imóveis;140000
São Félix do Araguaia;2024;Secretaria Municipal de Admin, Planej.de Fazenda;Indenizações e Restituições;115275
São Félix do Araguaia;2024;Secretaria Munic.de Desenv.e Acao Social;Vencimentos e Vantagens Fixas - Pessoal Civil;2553117
São Félix do Araguaia;2024;Secretaria Munic.de Desenv.e Acao Social;Obrigações Patronais;206681
São Félix do Araguaia;2024;Secretaria Munic.de Desenv.e Acao Social;Diárias - Civil;193806
São Félix do Araguaia;2024;Secretaria Munic.de Desenv.e Acao Social;Material de Consumo;595939
São Félix do Araguaia;2024;Secretaria Munic.de Desenv.e Acao Social;Material, Bem Ou Serviço para Distribuição Gratuita;17479
São Félix do Araguaia;2024;Secretaria Munic.de Desenv.e Acao Social;Passagens e Despesas com Locomoção;6778
São Félix do Araguaia;2024;Secretaria Munic.de Desenv.e Acao Social;Outros Serviços de Terceiros - Pessoa Física;205750
São Félix do Araguaia;2024;Secretaria Munic.de Desenv.e Acao Social;Outros Serviços de Terceiros - Pessoa Jurídica;1153389
São Félix do Araguaia;2024;Secretaria Munic.de Desenv.e Acao Social;Obras e Instalações;752834
São Félix do Araguaia;2024;Secretaria Munic.de Desenv.e Acao Social;Equipamentos e Material Permanente;26260
São Félix do Araguaia;2024;Secretaria Munic.de Desenv.e Acao Social;Indenizações e Restituições;4254
São Félix do Araguaia;2024;Ipasfa - Instituto de Previdencia de Sao Felix;Aposentadorias, Reserva Remunerada e Reformas;3259764
São Félix do Araguaia;2024;Ipasfa - Instituto de Previdencia de Sao Felix;Pensões;194626
São Félix do Araguaia;2024;Ipasfa - Instituto de Previdencia de Sao Felix;Diárias - Civil;3153
São Félix do Araguaia;2024;Ipasfa - Instituto de Previdencia de Sao Felix;Material de Consumo;3087
São Félix do Araguaia;2024;Ipasfa - Instituto de Previdencia de Sao Felix;Passagens e Despesas com Locomoção;1199
São Félix do Araguaia;2024;Ipasfa - Instituto de Previdencia de Sao Felix;Outros Serviços de Terceiros - Pessoa Jurídica;153510
São Félix do Araguaia;2024;Ipasfa - Instituto de Previdencia de Sao Felix;Serviços de Tecnologia da Informação e Comunicação - Pessoa Jurídica;111618
São Félix do Araguaia;2024;Ipasfa - Instituto de Previdencia de Sao Felix;Equipamentos e Material Permanente;937
São Félix do Araguaia;2024;Ipasfa - Instituto de Previdencia de Sao Felix;Rateio Pela Participação em Consórcio Público;2484
São Félix do Araguaia;2025;Secretaria Municipal de Saude;Contratação por Tempo Determinado;5412769
São Félix do Araguaia;2025;Secretaria Municipal de Saude;Vencimentos e Vantagens Fixas - Pessoal Civil;9501831
São Félix do Araguaia;2025;Secretaria Municipal de Saude;Obrigações Patronais;2290044
São Félix do Araguaia;2025;Secretaria Municipal de Saude;Diárias - Civil;594860
São Félix do Araguaia;2025;Secretaria Municipal de Saude;Material de Consumo;2296306
São Félix do Araguaia;2025;Secretaria Municipal de Saude;Material, Bem Ou Serviço para Distribuição Gratuita;483491
São Félix do Araguaia;2025;Secretaria Municipal de Saude;Serviços de Consultoria;4967
São Félix do Araguaia;2025;Secretaria Municipal de Saude;Outros Serviços de Terceiros - Pessoa Física;349021
São Félix do Araguaia;2025;Secretaria Municipal de Saude;Outros Serviços de Terceiros - Pessoa Jurídica;4496020
São Félix do Araguaia;2025;Secretaria Municipal de Saude;Equipamentos e Material Permanente;1176236
São Félix do Araguaia;2025;Secretaria Municipal de Saude;Rateio Pela Participação em Consórcio Público;7842672
São Félix do Araguaia;2025;Secretaria Municipal de Saude;Despesas de Exercícios Anteriores;11764
São Félix do Araguaia;2025;Secretaria Municipal de Saude;Indenizações e Restituições;34850
São Félix do Araguaia;2025;Secretaria Municipal de Educacao e Cultura;Contratação por Tempo Determinado;7264356
São Félix do Araguaia;2025;Secretaria Municipal de Educacao e Cultura;Vencimentos e Vantagens Fixas - Pessoal Civil;10069386
São Félix do Araguaia;2025;Secretaria Municipal de Educacao e Cultura;Obrigações Patronais;2607945
São Félix do Araguaia;2025;Secretaria Municipal de Educacao e Cultura;Diárias - Civil;312605
São Félix do Araguaia;2025;Secretaria Municipal de Educacao e Cultura;Material de Consumo;3699231
São Félix do Araguaia;2025;Secretaria Municipal de Educacao e Cultura;Premiações Culturais, Artísticas, Científicas, Desportivas e Outras;16857
São Félix do Araguaia;2025;Secretaria Municipal de Educacao e Cultura;Outros Serviços de Terceiros - Pessoa Física;367505
São Félix do Araguaia;2025;Secretaria Municipal de Educacao e Cultura;Outros Serviços de Terceiros - Pessoa Jurídica;6176867
São Félix do Araguaia;2025;Secretaria Municipal de Educacao e Cultura;Contribuições;386567
São Félix do Araguaia;2025;Secretaria Municipal de Educacao e Cultura;Obras e Instalações;9000
São Félix do Araguaia;2025;Secretaria Municipal de Educacao e Cultura;Equipamentos e Material Permanente;589859
São Félix do Araguaia;2025;Secretaria Municipal de Educacao e Cultura;Indenizações e Restituições;109031
São Félix do Araguaia;2025;Secretaria Municipal de Obras e Servicos Urbanos;Contratação por Tempo Determinado;471606
São Félix do Araguaia;2025;Secretaria Municipal de Obras e Servicos Urbanos;Vencimentos e Vantagens Fixas - Pessoal Civil;1585126
São Félix do Araguaia;2025;Secretaria Municipal de Obras e Servicos Urbanos;Obrigações Patronais;316530
São Félix do Araguaia;2025;Secretaria Municipal de Obras e Servicos Urbanos;Diárias - Civil;127471
São Félix do Araguaia;2025;Secretaria Municipal de Obras e Servicos Urbanos;Material de Consumo;6702569
São Félix do Araguaia;2025;Secretaria Municipal de Obras e Servicos Urbanos;Outros Serviços de Terceiros - Pessoa Física;717277
São Félix do Araguaia;2025;Secretaria Municipal de Obras e Servicos Urbanos;Outros Serviços de Terceiros - Pessoa Jurídica;8875314
São Félix do Araguaia;2025;Secretaria Municipal de Obras e Servicos Urbanos;Obras e Instalações;12298382
São Félix do Araguaia;2025;Secretaria Municipal de Obras e Servicos Urbanos;Equipamentos e Material Permanente;159550
São Félix do Araguaia;2025;Secretaria Municipal de Obras e Servicos Urbanos;Rateio Pela Participação em Consórcio Público;32000
São Félix do Araguaia;2025;Secretaria Municipal de Obras e Servicos Urbanos;Despesas de Exercícios Anteriores;9478
São Félix do Araguaia;2025;Secretaria Municipal de Obras e Servicos Urbanos;Indenizações e Restituições;165888
São Félix do Araguaia;2025;Secretaria Municipal de Agricultura;Contratação por Tempo Determinado;369161
São Félix do Araguaia;2025;Secretaria Municipal de Agricultura;Vencimentos e Vantagens Fixas - Pessoal Civil;551864
São Félix do Araguaia;2025;Secretaria Municipal de Agricultura;Obrigações Patronais;161201
São Félix do Araguaia;2025;Secretaria Municipal de Agricultura;Diárias - Civil;71048
São Félix do Araguaia;2025;Secretaria Municipal de Agricultura;Material de Consumo;461936
São Félix do Araguaia;2025;Secretaria Municipal de Agricultura;Outros Serviços de Terceiros - Pessoa Física;117553
São Félix do Araguaia;2025;Secretaria Municipal de Agricultura;Outros Serviços de Terceiros - Pessoa Jurídica;584785
São Félix do Araguaia;2025;Secretaria Municipal de Agricultura;Equipamentos e Material Permanente;296665
São Félix do Araguaia;2025;Secretaria Municipal de Agricultura;Indenizações e Restituições;536
São Félix do Araguaia;2025;Secretaria Municipal de Finanças;Contratação por Tempo Determinado;244765
São Félix do Araguaia;2025;Secretaria Municipal de Finanças;Vencimentos e Vantagens Fixas - Pessoal Civil;1990937
São Félix do Araguaia;2025;Secretaria Municipal de Finanças;Obrigações Patronais;499289
São Félix do Araguaia;2025;Secretaria Municipal de Finanças;Diárias - Civil;35079
São Félix do Araguaia;2025;Secretaria Municipal de Finanças;Juros sobre a Dívida por Contrato;658245
São Félix do Araguaia;2025;Secretaria Municipal de Finanças;Material de Consumo;158
São Félix do Araguaia;2025;Secretaria Municipal de Finanças;Premiações Culturais, Artísticas, Científicas, Desportivas e Outras;17024
São Félix do Araguaia;2025;Secretaria Municipal de Finanças;Serviços de Consultoria;30600
São Félix do Araguaia;2025;Secretaria Municipal de Finanças;Outros Serviços de Terceiros - Pessoa Física;38080
São Félix do Araguaia;2025;Secretaria Municipal de Finanças;Outros Serviços de Terceiros - Pessoa Jurídica;485480
São Félix do Araguaia;2025;Secretaria Municipal de Finanças;Obrigações Tributárias e Contributivas;1451396
São Félix do Araguaia;2025;Secretaria Municipal de Finanças;Equipamentos e Material Permanente;3945
São Félix do Araguaia;2025;Secretaria Municipal de Finanças;Principal da Dívida Contratual Resgatado;10078440
São Félix do Araguaia;2025;Secretaria Municipal de Finanças;Principal da Dívida Mobiliária Resgatado;1791724
São Félix do Araguaia;2025;Secretaria Municipal de Finanças;Indenizações e Restituições;30224
São Félix do Araguaia;2025;Secretaria Municipal de Turismo e Meio Ambiente;Contratação por Tempo Determinado;13959
São Félix do Araguaia;2025;Secretaria Municipal de Turismo e Meio Ambiente;Vencimentos e Vantagens Fixas - Pessoal Civil;283768
São Félix do Araguaia;2025;Secretaria Municipal de Turismo e Meio Ambiente;Obrigações Patronais;44876
São Félix do Araguaia;2025;Secretaria Municipal de Turismo e Meio Ambiente;Diárias - Civil;39425
São Félix do Araguaia;2025;Secretaria Municipal de Turismo e Meio Ambiente;Material de Consumo;622556
São Félix do Araguaia;2025;Secretaria Municipal de Turismo e Meio Ambiente;Premiações Culturais, Artísticas, Científicas, Desportivas e Outras;66536
São Félix do Araguaia;2025;Secretaria Municipal de Turismo e Meio Ambiente;Outros Serviços de Terceiros - Pessoa Física;157005
São Félix do Araguaia;2025;Secretaria Municipal de Turismo e Meio Ambiente;Outros Serviços de Terceiros - Pessoa Jurídica;6802977
São Félix do Araguaia;2025;Secretaria Municipal de Turismo e Meio Ambiente;Contribuições;25920
São Félix do Araguaia;2025;Secretaria Municipal de Turismo e Meio Ambiente;Equipamentos e Material Permanente;134524
São Félix do Araguaia;2025;Secretaria Municipal de Turismo e Meio Ambiente;Indenizações e Restituições;4187
São Félix do Araguaia;2025;Secretaria Municipal de Esportes e Lazer;Contratação por Tempo Determinado;87007
São Félix do Araguaia;2025;Secretaria Municipal de Esportes e Lazer;Vencimentos e Vantagens Fixas - Pessoal Civil;156519
São Félix do Araguaia;2025;Secretaria Municipal de Esportes e Lazer;Obrigações Patronais;35162
São Félix do Araguaia;2025;Secretaria Municipal de Esportes e Lazer;Diárias - Civil;30791
São Félix do Araguaia;2025;Secretaria Municipal de Esportes e Lazer;Material de Consumo;463286
São Félix do Araguaia;2025;Secretaria Municipal de Esportes e Lazer;Premiações Culturais, Artísticas, Científicas, Desportivas e Outras;388108
São Félix do Araguaia;2025;Secretaria Municipal de Esportes e Lazer;Outros Serviços de Terceiros - Pessoa Física;79901
São Félix do Araguaia;2025;Secretaria Municipal de Esportes e Lazer;Outros Serviços de Terceiros - Pessoa Jurídica;683831
São Félix do Araguaia;2025;Secretaria Municipal de Esportes e Lazer;Obras e Instalações;432128
São Félix do Araguaia;2025;Secretaria Municipal de Esportes e Lazer;Equipamentos e Material Permanente;6279
São Félix do Araguaia;2025;Secretaria Municipal de Meio Ambiente;Contratação por Tempo Determinado;127558
São Félix do Araguaia;2025;Secretaria Municipal de Meio Ambiente;Vencimentos e Vantagens Fixas - Pessoal Civil;636019
São Félix do Araguaia;2025;Secretaria Municipal de Meio Ambiente;Obrigações Patronais;117278
São Félix do Araguaia;2025;Secretaria Municipal de Meio Ambiente;Diárias - Civil;87642
São Félix do Araguaia;2025;Secretaria Municipal de Meio Ambiente;Material de Consumo;147987
São Félix do Araguaia;2025;Secretaria Municipal de Meio Ambiente;Outros Serviços de Terceiros - Pessoa Física;14150
São Félix do Araguaia;2025;Secretaria Municipal de Meio Ambiente;Outros Serviços de Terceiros - Pessoa Jurídica;521549
São Félix do Araguaia;2025;Secretaria Municipal de Meio Ambiente;Obras e Instalações;43441
São Félix do Araguaia;2025;Secretaria Municipal de Meio Ambiente;Equipamentos e Material Permanente;26069
São Félix do Araguaia;2025;Secretaria Municipal de Meio Ambiente;Indenizações e Restituições;7562
São Félix do Araguaia;2025;Gabinete do Prefeito Municipal;Contratação por Tempo Determinado;216097
São Félix do Araguaia;2025;Gabinete do Prefeito Municipal;Vencimentos e Vantagens Fixas - Pessoal Civil;1471463
São Félix do Araguaia;2025;Gabinete do Prefeito Municipal;Obrigações Patronais;228840
São Félix do Araguaia;2025;Gabinete do Prefeito Municipal;Diárias - Civil;173050
São Félix do Araguaia;2025;Gabinete do Prefeito Municipal;Material de Consumo;767662
São Félix do Araguaia;2025;Gabinete do Prefeito Municipal;Passagens e Despesas com Locomoção;4875
São Félix do Araguaia;2025;Gabinete do Prefeito Municipal;Outros Serviços de Terceiros - Pessoa Física;318145
São Félix do Araguaia;2025;Gabinete do Prefeito Municipal;Outros Serviços de Terceiros - Pessoa Jurídica;1795666
São Félix do Araguaia;2025;Gabinete do Prefeito Municipal;Equipamentos e Material Permanente;1152136
São Félix do Araguaia;2025;Gabinete do Prefeito Municipal;Indenizações e Restituições;2056
São Félix do Araguaia;2025;Camara Municipal de Sao Felix do Araguaia;Vencimentos e Vantagens Fixas - Pessoal Civil;2997128
São Félix do Araguaia;2025;Camara Municipal de Sao Felix do Araguaia;Obrigações Patronais;505870
São Félix do Araguaia;2025;Camara Municipal de Sao Felix do Araguaia;Diárias - Civil;422090
São Félix do Araguaia;2025;Camara Municipal de Sao Felix do Araguaia;Material de Consumo;254766
São Félix do Araguaia;2025;Camara Municipal de Sao Felix do Araguaia;Outros Serviços de Terceiros - Pessoa Jurídica;397904
São Félix do Araguaia;2025;Camara Municipal de Sao Felix do Araguaia;Serviços de Tecnologia da Informação e Comunicação - Pessoa Jurídica;104320
São Félix do Araguaia;2025;Camara Municipal de Sao Felix do Araguaia;Auxílio-Alimentação;27333
São Félix do Araguaia;2025;Camara Municipal de Sao Felix do Araguaia;Equipamentos e Material Permanente;268300
São Félix do Araguaia;2025;Camara Municipal de Sao Felix do Araguaia;Indenizações e Restituições;540413
São Félix do Araguaia;2025;Secretaria Municipal de Admin, Planej.de Fazenda;Contratação por Tempo Determinado;569730
São Félix do Araguaia;2025;Secretaria Municipal de Admin, Planej.de Fazenda;Vencimentos e Vantagens Fixas - Pessoal Civil;4776546
São Félix do Araguaia;2025;Secretaria Municipal de Admin, Planej.de Fazenda;Obrigações Patronais;1068973
São Félix do Araguaia;2025;Secretaria Municipal de Admin, Planej.de Fazenda;Diárias - Civil;163506
São Félix do Araguaia;2025;Secretaria Municipal de Admin, Planej.de Fazenda;Material de Consumo;890920
São Félix do Araguaia;2025;Secretaria Municipal de Admin, Planej.de Fazenda;Passagens e Despesas com Locomoção;8570
São Félix do Araguaia;2025;Secretaria Municipal de Admin, Planej.de Fazenda;Outras Despesas de Pessoal decorrentes de Contratos de Terceirização;878467
São Félix do Araguaia;2025;Secretaria Municipal de Admin, Planej.de Fazenda;Serviços de Consultoria;189000
São Félix do Araguaia;2025;Secretaria Municipal de Admin, Planej.de Fazenda;Outros Serviços de Terceiros - Pessoa Física;305606
São Félix do Araguaia;2025;Secretaria Municipal de Admin, Planej.de Fazenda;Outros Serviços de Terceiros - Pessoa Jurídica;3225385
São Félix do Araguaia;2025;Secretaria Municipal de Admin, Planej.de Fazenda;Serviços de Tecnologia da Informação e Comunicação - Pessoa Jurídica;480678
São Félix do Araguaia;2025;Secretaria Municipal de Admin, Planej.de Fazenda;Equipamentos e Material Permanente;79628
São Félix do Araguaia;2025;Secretaria Municipal de Admin, Planej.de Fazenda;Despesas de Exercícios Anteriores;764803
São Félix do Araguaia;2025;Secretaria Municipal de Admin, Planej.de Fazenda;Indenizações e Restituições;21085
São Félix do Araguaia;2025;Secretaria Munic.de Desenv.e Acao Social;Contratação por Tempo Determinado;738194
São Félix do Araguaia;2025;Secretaria Munic.de Desenv.e Acao Social;Vencimentos e Vantagens Fixas - Pessoal Civil;2309281
São Félix do Araguaia;2025;Secretaria Munic.de Desenv.e Acao Social;Obrigações Patronais;440039
São Félix do Araguaia;2025;Secretaria Munic.de Desenv.e Acao Social;Diárias - Civil;231125
São Félix do Araguaia;2025;Secretaria Munic.de Desenv.e Acao Social;Material de Consumo;1098387
São Félix do Araguaia;2025;Secretaria Munic.de Desenv.e Acao Social;Premiações Culturais, Artísticas, Científicas, Desportivas e Outras;6000
São Félix do Araguaia;2025;Secretaria Munic.de Desenv.e Acao Social;Material, Bem Ou Serviço para Distribuição Gratuita;282203
São Félix do Araguaia;2025;Secretaria Munic.de Desenv.e Acao Social;Outros Serviços de Terceiros - Pessoa Física;254402
São Félix do Araguaia;2025;Secretaria Munic.de Desenv.e Acao Social;Outros Serviços de Terceiros - Pessoa Jurídica;953341
São Félix do Araguaia;2025;Secretaria Munic.de Desenv.e Acao Social;Obras e Instalações;1876412
São Félix do Araguaia;2025;Secretaria Munic.de Desenv.e Acao Social;Equipamentos e Material Permanente;142681
São Félix do Araguaia;2025;Secretaria Munic.de Desenv.e Acao Social;Despesas de Exercícios Anteriores;1407
São Félix do Araguaia;2025;Secretaria Munic.de Desenv.e Acao Social;Indenizações e Restituições;5608
São Félix do Araguaia;2025;Ipasfa - Instituto de Previdencia de Sao Felix;Aposentadorias, Reserva Remunerada e Reformas;3836426
São Félix do Araguaia;2025;Ipasfa - Instituto de Previdencia de Sao Felix;Pensões;249283
São Félix do Araguaia;2025;Ipasfa - Instituto de Previdencia de Sao Felix;Diárias - Civil;26713
São Félix do Araguaia;2025;Ipasfa - Instituto de Previdencia de Sao Felix;Material de Consumo;1483
São Félix do Araguaia;2025;Ipasfa - Instituto de Previdencia de Sao Felix;Passagens e Despesas com Locomoção;6663
São Félix do Araguaia;2025;Ipasfa - Instituto de Previdencia de Sao Felix;Outros Serviços de Terceiros - Pessoa Jurídica;170251
São Félix do Araguaia;2025;Ipasfa - Instituto de Previdencia de Sao Felix;Serviços de Tecnologia da Informação e Comunicação - Pessoa Jurídica;114371
São Félix do Araguaia;2025;Ipasfa - Instituto de Previdencia de Sao Felix;Equipamentos e Material Permanente;800
São Félix do Araguaia;2025;Ipasfa - Instituto de Previdencia de Sao Felix;Rateio Pela Participação em Consórcio Público;2484
São Félix do Araguaia;2026;Secretaria Municipal de Educacao e Cultura;Contratação por Tempo Determinado;3261631
São Félix do Araguaia;2026;Secretaria Municipal de Educacao e Cultura;Vencimentos e Vantagens Fixas - Pessoal Civil;3705541
São Félix do Araguaia;2026;Secretaria Municipal de Educacao e Cultura;Obrigações Patronais;966983
São Félix do Araguaia;2026;Secretaria Municipal de Educacao e Cultura;Diárias - Civil;110265
São Félix do Araguaia;2026;Secretaria Municipal de Educacao e Cultura;Material de Consumo;2005283
São Félix do Araguaia;2026;Secretaria Municipal de Educacao e Cultura;Outros Serviços de Terceiros - Pessoa Física;128679
São Félix do Araguaia;2026;Secretaria Municipal de Educacao e Cultura;Outros Serviços de Terceiros - Pessoa Jurídica;1857855
São Félix do Araguaia;2026;Secretaria Municipal de Educacao e Cultura;Obras e Instalações;428740
São Félix do Araguaia;2026;Secretaria Municipal de Educacao e Cultura;Equipamentos e Material Permanente;16020
São Félix do Araguaia;2026;Secretaria Municipal de Educacao e Cultura;Indenizações e Restituições;1581
São Félix do Araguaia;2026;Secretaria Municipal de Agricultura;Contratação por Tempo Determinado;243586
São Félix do Araguaia;2026;Secretaria Municipal de Agricultura;Vencimentos e Vantagens Fixas - Pessoal Civil;276559
São Félix do Araguaia;2026;Secretaria Municipal de Agricultura;Obrigações Patronais;79408
São Félix do Araguaia;2026;Secretaria Municipal de Agricultura;Diárias - Civil;51425
São Félix do Araguaia;2026;Secretaria Municipal de Agricultura;Material de Consumo;205359
São Félix do Araguaia;2026;Secretaria Municipal de Agricultura;Outros Serviços de Terceiros - Pessoa Física;74198
São Félix do Araguaia;2026;Secretaria Municipal de Agricultura;Outros Serviços de Terceiros - Pessoa Jurídica;260496
São Félix do Araguaia;2026;Secretaria Municipal de Agricultura;Indenizações e Restituições;2525
São Félix do Araguaia;2026;Secretaria Municipal de Finanças;Contratação por Tempo Determinado;155492
São Félix do Araguaia;2026;Secretaria Municipal de Finanças;Vencimentos e Vantagens Fixas - Pessoal Civil;796558
São Félix do Araguaia;2026;Secretaria Municipal de Finanças;Obrigações Patronais;178663
São Félix do Araguaia;2026;Secretaria Municipal de Finanças;Diárias - Civil;38850
São Félix do Araguaia;2026;Secretaria Municipal de Finanças;Material de Consumo;575
São Félix do Araguaia;2026;Secretaria Municipal de Finanças;Outros Serviços de Terceiros - Pessoa Física;6000
São Félix do Araguaia;2026;Secretaria Municipal de Finanças;Outros Serviços de Terceiros - Pessoa Jurídica;193055
São Félix do Araguaia;2026;Secretaria Municipal de Finanças;Obrigações Tributárias e Contributivas;402170
São Félix do Araguaia;2026;Secretaria Municipal de Finanças;Equipamentos e Material Permanente;4610
São Félix do Araguaia;2026;Secretaria Municipal de Finanças;Principal da Dívida Contratual Resgatado;4573913
São Félix do Araguaia;2026;Secretaria Municipal de Finanças;Principal da Dívida Mobiliária Resgatado;629689
São Félix do Araguaia;2026;Secretaria Municipal de Finanças;Indenizações e Restituições;17088
São Félix do Araguaia;2026;Secretaria Municipal de Obras e Serviços Urbanos;Contratação por Tempo Determinado;451976
São Félix do Araguaia;2026;Secretaria Municipal de Obras e Serviços Urbanos;Vencimentos e Vantagens Fixas - Pessoal Civil;674089
São Félix do Araguaia;2026;Secretaria Municipal de Obras e Serviços Urbanos;Obrigações Patronais;164606
São Félix do Araguaia;2026;Secretaria Municipal de Obras e Serviços Urbanos;Diárias - Civil;46110
São Félix do Araguaia;2026;Secretaria Municipal de Obras e Serviços Urbanos;Material de Consumo;1395587
São Félix do Araguaia;2026;Secretaria Municipal de Obras e Serviços Urbanos;Outros Serviços de Terceiros - Pessoa Física;324557
São Félix do Araguaia;2026;Secretaria Municipal de Obras e Serviços Urbanos;Outros Serviços de Terceiros - Pessoa Jurídica;2990167
São Félix do Araguaia;2026;Secretaria Municipal de Obras e Serviços Urbanos;Obras e Instalações;2199677
São Félix do Araguaia;2026;Secretaria Municipal de Obras e Serviços Urbanos;Equipamentos e Material Permanente;42396
São Félix do Araguaia;2026;Secretaria Municipal de Obras e Serviços Urbanos;Despesas de Exercícios Anteriores;16190
São Félix do Araguaia;2026;Secretaria Municipal de Obras e Serviços Urbanos;Indenizações e Restituições;2499
São Félix do Araguaia;2026;Secretaria Municipal de Esportes e Lazer;Contratação por Tempo Determinado;90277
São Félix do Araguaia;2026;Secretaria Municipal de Esportes e Lazer;Vencimentos e Vantagens Fixas - Pessoal Civil;126143
São Félix do Araguaia;2026;Secretaria Municipal de Esportes e Lazer;Obrigações Patronais;27605
São Félix do Araguaia;2026;Secretaria Municipal de Esportes e Lazer;Diárias - Civil;17600
São Félix do Araguaia;2026;Secretaria Municipal de Esportes e Lazer;Material de Consumo;289117
São Félix do Araguaia;2026;Secretaria Municipal de Esportes e Lazer;Premiações Culturais, Artísticas, Científicas, Desportivas e Outras;210714
São Félix do Araguaia;2026;Secretaria Municipal de Esportes e Lazer;Outros Serviços de Terceiros - Pessoa Física;30579
São Félix do Araguaia;2026;Secretaria Municipal de Esportes e Lazer;Outros Serviços de Terceiros - Pessoa Jurídica;511596
São Félix do Araguaia;2026;Secretaria Municipal de Esportes e Lazer;Obras e Instalações;274446
São Félix do Araguaia;2026;Secretaria Municipal de Esportes e Lazer;Equipamentos e Material Permanente;2738
São Félix do Araguaia;2026;Secretaria Municipal de Esportes e Lazer;Indenizações e Restituições;470
São Félix do Araguaia;2026;Secretaria Municipal de Turismo;Contratação por Tempo Determinado;10265
São Félix do Araguaia;2026;Secretaria Municipal de Turismo;Vencimentos e Vantagens Fixas - Pessoal Civil;128620
São Félix do Araguaia;2026;Secretaria Municipal de Turismo;Obrigações Patronais;15912
São Félix do Araguaia;2026;Secretaria Municipal de Turismo;Diárias - Civil;24380
São Félix do Araguaia;2026;Secretaria Municipal de Turismo;Material de Consumo;236128
São Félix do Araguaia;2026;Secretaria Municipal de Turismo;Premiações Culturais, Artísticas, Científicas, Desportivas e Outras;58900
São Félix do Araguaia;2026;Secretaria Municipal de Turismo;Outros Serviços de Terceiros - Pessoa Física;36542
São Félix do Araguaia;2026;Secretaria Municipal de Turismo;Outros Serviços de Terceiros - Pessoa Jurídica;1512453
São Félix do Araguaia;2026;Secretaria Municipal de Turismo;Contribuições;75000
São Félix do Araguaia;2026;Secretaria Municipal de Turismo;Equipamentos e Material Permanente;146442
São Félix do Araguaia;2026;Secretaria Municipal de Meio Ambiente;Contratação por Tempo Determinado;138718
São Félix do Araguaia;2026;Secretaria Municipal de Meio Ambiente;Vencimentos e Vantagens Fixas - Pessoal Civil;259701
São Félix do Araguaia;2026;Secretaria Municipal de Meio Ambiente;Obrigações Patronais;65143
São Félix do Araguaia;2026;Secretaria Municipal de Meio Ambiente;Diárias - Civil;45160
São Félix do Araguaia;2026;Secretaria Municipal de Meio Ambiente;Material de Consumo;97369
São Félix do Araguaia;2026;Secretaria Municipal de Meio Ambiente;Outros Serviços de Terceiros - Pessoa Física;20600
São Félix do Araguaia;2026;Secretaria Municipal de Meio Ambiente;Outros Serviços de Terceiros - Pessoa Jurídica;247568
São Félix do Araguaia;2026;Secretaria Municipal de Meio Ambiente;Indenizações e Restituições;7099
São Félix do Araguaia;2026;Gabinete do Prefeito Municipal;Contratação por Tempo Determinado;211223
São Félix do Araguaia;2026;Gabinete do Prefeito Municipal;Vencimentos e Vantagens Fixas - Pessoal Civil;667969
São Félix do Araguaia;2026;Gabinete do Prefeito Municipal;Obrigações Patronais;122535
São Félix do Araguaia;2026;Gabinete do Prefeito Municipal;Diárias - Civil;136530
São Félix do Araguaia;2026;Gabinete do Prefeito Municipal;Material de Consumo;453565
São Félix do Araguaia;2026;Gabinete do Prefeito Municipal;Passagens e Despesas com Locomoção;1000
São Félix do Araguaia;2026;Gabinete do Prefeito Municipal;Outros Serviços de Terceiros - Pessoa Física;119765
São Félix do Araguaia;2026;Gabinete do Prefeito Municipal;Outros Serviços de Terceiros - Pessoa Jurídica;658694
São Félix do Araguaia;2026;Gabinete do Prefeito Municipal;Equipamentos e Material Permanente;3047
São Félix do Araguaia;2026;Gabinete do Prefeito Municipal;Despesas de Exercícios Anteriores;144970
São Félix do Araguaia;2026;Gabinete do Prefeito Municipal;Indenizações e Restituições;574
São Félix do Araguaia;2026;Camara Municipal de Sao Felix do Araguaia;Vencimentos e Vantagens Fixas - Pessoal Civil;1760431
São Félix do Araguaia;2026;Camara Municipal de Sao Felix do Araguaia;Obrigações Patronais;282253
São Félix do Araguaia;2026;Camara Municipal de Sao Felix do Araguaia;Diárias - Civil;249250
São Félix do Araguaia;2026;Camara Municipal de Sao Felix do Araguaia;Material de Consumo;161911
São Félix do Araguaia;2026;Camara Municipal de Sao Felix do Araguaia;Outros Serviços de Terceiros - Pessoa Física;12680
São Félix do Araguaia;2026;Camara Municipal de Sao Felix do Araguaia;Outros Serviços de Terceiros - Pessoa Jurídica;334751
São Félix do Araguaia;2026;Camara Municipal de Sao Felix do Araguaia;Serviços de Tecnologia da Informação e Comunicação - Pessoa Jurídica;32145
São Félix do Araguaia;2026;Camara Municipal de Sao Felix do Araguaia;Obras e Instalações;537358
São Félix do Araguaia;2026;Camara Municipal de Sao Felix do Araguaia;Equipamentos e Material Permanente;36332
São Félix do Araguaia;2026;Camara Municipal de Sao Felix do Araguaia;Indenizações e Restituições;315000
São Félix do Araguaia;2026;Secretaria Municipal de Admin, Planej.de Fazenda;Contratação por Tempo Determinado;330387
São Félix do Araguaia;2026;Secretaria Municipal de Admin, Planej.de Fazenda;Vencimentos e Vantagens Fixas - Pessoal Civil;2397619
São Félix do Araguaia;2026;Secretaria Municipal de Admin, Planej.de Fazenda;Obrigações Patronais;701484
São Félix do Araguaia;2026;Secretaria Municipal de Admin, Planej.de Fazenda;Diárias - Civil;121515
São Félix do Araguaia;2026;Secretaria Municipal de Admin, Planej.de Fazenda;Material de Consumo;419666
São Félix do Araguaia;2026;Secretaria Municipal de Admin, Planej.de Fazenda;Serviços de Consultoria;105000
São Félix do Araguaia;2026;Secretaria Municipal de Admin, Planej.de Fazenda;Outros Serviços de Terceiros - Pessoa Física;134114
São Félix do Araguaia;2026;Secretaria Municipal de Admin, Planej.de Fazenda;Outros Serviços de Terceiros - Pessoa Jurídica;2259039
São Félix do Araguaia;2026;Secretaria Municipal de Admin, Planej.de Fazenda;Equipamentos e Material Permanente;22868
São Félix do Araguaia;2026;Secretaria Municipal de Admin, Planej.de Fazenda;Indenizações e Restituições;15368
São Félix do Araguaia;2026;Ipasfa - Instituto de Previdencia de Sao Felix;Aposentadorias, Reserva Remunerada e Reformas;2447174
São Félix do Araguaia;2026;Ipasfa - Instituto de Previdencia de Sao Felix;Pensões;186243
São Félix do Araguaia;2026;Ipasfa - Instituto de Previdencia de Sao Felix;Diárias - Civil;32950
São Félix do Araguaia;2026;Ipasfa - Instituto de Previdencia de Sao Felix;Material de Consumo;1188
São Félix do Araguaia;2026;Ipasfa - Instituto de Previdencia de Sao Felix;Passagens e Despesas com Locomoção;6511
São Félix do Araguaia;2026;Ipasfa - Instituto de Previdencia de Sao Felix;Outros Serviços de Terceiros - Pessoa Jurídica;105083
São Félix do Araguaia;2026;Ipasfa - Instituto de Previdencia de Sao Felix;Serviços de Tecnologia da Informação e Comunicação - Pessoa Jurídica;70157
São Félix do Araguaia;2026;Ipasfa - Instituto de Previdencia de Sao Felix;Equipamentos e Material Permanente;7980
São Félix do Araguaia;2026;Ipasfa - Instituto de Previdencia de Sao Felix;Rateio Pela Participação em Consórcio Público;2484
São Félix do Araguaia;2026;Secretaria Municipal de Sáude;Contratação por Tempo Determinado;2819598
São Félix do Araguaia;2026;Secretaria Municipal de Sáude;Vencimentos e Vantagens Fixas - Pessoal Civil;3872633
São Félix do Araguaia;2026;Secretaria Municipal de Sáude;Obrigações Patronais;1092987
São Félix do Araguaia;2026;Secretaria Municipal de Sáude;Diárias - Civil;291080
São Félix do Araguaia;2026;Secretaria Municipal de Sáude;Material de Consumo;1056254
São Félix do Araguaia;2026;Secretaria Municipal de Sáude;Material, Bem Ou Serviço para Distribuição Gratuita;348219
São Félix do Araguaia;2026;Secretaria Municipal de Sáude;Passagens e Despesas com Locomoção;58625
São Félix do Araguaia;2026;Secretaria Municipal de Sáude;Outros Serviços de Terceiros - Pessoa Física;208301
São Félix do Araguaia;2026;Secretaria Municipal de Sáude;Outros Serviços de Terceiros - Pessoa Jurídica;1995234
São Félix do Araguaia;2026;Secretaria Municipal de Sáude;Equipamentos e Material Permanente;658764
São Félix do Araguaia;2026;Secretaria Municipal de Sáude;Rateio Pela Participação em Consórcio Público;4636906
São Félix do Araguaia;2026;Secretaria Municipal de Sáude;Indenizações e Restituições;18793
São Félix do Araguaia;2026;Secretaria Municipal de Desenv. Assistência Social;Contratação por Tempo Determinado;382555
São Félix do Araguaia;2026;Secretaria Municipal de Desenv. Assistência Social;Vencimentos e Vantagens Fixas - Pessoal Civil;983763
São Félix do Araguaia;2026;Secretaria Municipal de Desenv. Assistência Social;Obrigações Patronais;217571
São Félix do Araguaia;2026;Secretaria Municipal de Desenv. Assistência Social;Diárias - Civil;117150
São Félix do Araguaia;2026;Secretaria Municipal de Desenv. Assistência Social;Material de Consumo;459255
São Félix do Araguaia;2026;Secretaria Municipal de Desenv. Assistência Social;Material, Bem Ou Serviço para Distribuição Gratuita;10987
São Félix do Araguaia;2026;Secretaria Municipal de Desenv. Assistência Social;Outros Serviços de Terceiros - Pessoa Física;154926
São Félix do Araguaia;2026;Secretaria Municipal de Desenv. Assistência Social;Outros Serviços de Terceiros - Pessoa Jurídica;628589
São Félix do Araguaia;2026;Secretaria Municipal de Desenv. Assistência Social;Obras e Instalações;90534
São Félix do Araguaia;2026;Secretaria Municipal de Desenv. Assistência Social;Equipamentos e Material Permanente;45497
São Félix do Araguaia;2026;Secretaria Municipal de Desenv. Assistência Social;Despesas de Exercícios Anteriores;656
São Félix do Araguaia;2026;Secretaria Municipal de Desenv. Assistência Social;Indenizações e Restituições;2609
